date,open,high,low,close,adj_close,volume,ticker
2020-09-11,548.2249755859375,552.4249877929688,535.5,539.3250122070312,497.3947448730469,20794730,HDFCBANK.NS
2020-09-14,544.0,547.0,526.1749877929688,528.9749755859375,487.849365234375,21650590,HDFCBANK.NS
2020-09-15,534.0,538.0750122070312,529.0499877929688,535.25,493.6365661621094,16505110,HDFCBANK.NS
2020-09-16,535.0999755859375,548.0,534.1749877929688,546.8250122070312,504.3116760253906,18710112,HDFCBANK.NS
2020-09-17,542.0,547.0,539.0,541.7999877929688,499.67730712890625,18318686,HDFCBANK.NS
2020-09-18,546.0,546.0999755859375,523.5999755859375,528.6500244140625,487.5496826171875,23481778,HDFCBANK.NS
2020-09-21,527.5,535.6749877929688,520.75,524.6500244140625,483.8606262207031,19842878,HDFCBANK.NS
2020-09-22,527.0250244140625,529.0750122070312,514.75,517.7000122070312,477.4510192871094,18620678,HDFCBANK.NS
2020-09-23,523.0,527.5,517.1749877929688,523.625,482.9153137207031,16079828,HDFCBANK.NS
2020-09-24,519.0,523.5,512.5,515.2000122070312,475.1454162597656,19809510,HDFCBANK.NS
2020-09-25,525.0,525.9749755859375,512.8250122070312,522.0,481.4166564941406,20321544,HDFCBANK.NS
2020-09-28,524.4749755859375,529.5,521.3250122070312,527.0999755859375,486.1201477050781,16152422,HDFCBANK.NS
2020-09-29,529.0,534.9500122070312,525.5,531.2750244140625,489.9706115722656,12644446,HDFCBANK.NS
2020-09-30,530.0,543.4500122070312,526.0,539.2999877929688,497.3717041015625,18813842,HDFCBANK.NS
2020-10-01,545.0499877929688,555.0,545.0499877929688,553.4749755859375,510.444580078125,21203080,HDFCBANK.NS
2020-10-05,556.0,566.0,555.5,557.1749877929688,513.8569946289062,16940126,HDFCBANK.NS
2020-10-06,567.5250244140625,574.0,563.0999755859375,572.0499877929688,527.5755615234375,19371990,HDFCBANK.NS
2020-10-07,572.4500122070312,582.4249877929688,568.7999877929688,581.125,535.9450073242188,21248778,HDFCBANK.NS
2020-10-08,590.0,601.5,581.6749877929688,595.9000244140625,549.5712890625,35060674,HDFCBANK.NS
2020-10-09,600.5,618.5,595.8250122070312,616.7750244140625,568.8233642578125,44972388,HDFCBANK.NS
2020-10-12,615.7750244140625,621.375,602.7999877929688,606.8250122070312,559.6469116210938,19220546,HDFCBANK.NS
2020-10-13,606.7000122070312,611.2249755859375,597.5,599.2249755859375,552.6377563476562,18353952,HDFCBANK.NS
2020-10-14,597.7750244140625,607.1500244140625,587.75,605.75,558.655517578125,22582918,HDFCBANK.NS
2020-10-15,607.0999755859375,608.5,582.0,584.625,539.1729736328125,28246896,HDFCBANK.NS
2020-10-16,590.0,601.75,586.5,599.6749877929688,553.0528564453125,25822848,HDFCBANK.NS
2020-10-19,617.5,617.5,596.2999877929688,601.7750244140625,554.9896240234375,42359556,HDFCBANK.NS
2020-10-20,603.75,613.7000122070312,602.9500122070312,611.9749755859375,564.396484375,27411978,HDFCBANK.NS
2020-10-21,615.2999877929688,625.5,610.8499755859375,623.3499755859375,574.8870849609375,35640752,HDFCBANK.NS
2020-10-22,619.9749755859375,625.0,611.5,616.6500244140625,568.7080688476562,21913060,HDFCBANK.NS
2020-10-23,621.75,624.2249755859375,615.5999755859375,617.9000244140625,569.8609008789062,15866230,HDFCBANK.NS
2020-10-26,614.9000244140625,621.0,602.2999877929688,605.4500122070312,558.3788452148438,19571976,HDFCBANK.NS
2020-10-27,613.0,618.0,598.9249877929688,616.5499877929688,568.6157836914062,24317780,HDFCBANK.NS
2020-10-28,614.0,616.0,600.75,604.7999877929688,557.7793579101562,16571186,HDFCBANK.NS
2020-10-29,600.2999877929688,602.2249755859375,589.25,593.5999755859375,547.4501342773438,23060024,HDFCBANK.NS
2020-10-30,591.2750244140625,599.6500244140625,588.1749877929688,591.7750244140625,545.7669677734375,11522716,HDFCBANK.NS
2020-11-02,597.1749877929688,612.5,588.75,607.625,560.384765625,21926080,HDFCBANK.NS
2020-11-03,613.2249755859375,625.375,612.75,623.9749755859375,575.4635620117188,28164230,HDFCBANK.NS
2020-11-04,626.0,632.4000244140625,615.0,628.7000122070312,579.8212280273438,23404822,HDFCBANK.NS
2020-11-05,633.0,638.0,626.1749877929688,634.5999755859375,585.2625122070312,21433928,HDFCBANK.NS
2020-11-06,633.125,655.0,632.75,653.8250122070312,602.9928588867188,35705724,HDFCBANK.NS
2020-11-09,657.5999755859375,672.9749755859375,657.5999755859375,670.2750244140625,618.1639404296875,26288440,HDFCBANK.NS
2020-11-10,678.5,697.5,675.7750244140625,696.8250122070312,642.6497802734375,41517356,HDFCBANK.NS
2020-11-11,699.9500122070312,707.4000244140625,685.25,694.9749755859375,640.9435424804688,36116194,HDFCBANK.NS
2020-11-12,688.7000122070312,694.2750244140625,680.0,685.8499755859375,632.5279541015625,27053948,HDFCBANK.NS
2020-11-13,684.4000244140625,684.4000244140625,673.5,679.4000244140625,626.57958984375,22472480,HDFCBANK.NS
2020-11-14,683.9000244140625,687.4749755859375,682.5999755859375,684.8499755859375,631.6058349609375,1835066,HDFCBANK.NS
2020-11-17,692.9000244140625,706.2999877929688,690.2999877929688,704.2249755859375,649.4744262695312,31059900,HDFCBANK.NS
2020-11-18,701.5,709.5,699.5250244140625,704.3499755859375,649.5897827148438,18862776,HDFCBANK.NS
2020-11-19,694.8499755859375,699.7249755859375,684.0,687.1749877929688,633.75,20266882,HDFCBANK.NS
2020-11-20,686.3250122070312,704.2000122070312,682.5250244140625,701.8250122070312,647.2610473632812,20405362,HDFCBANK.NS
2020-11-23,707.5,711.8250122070312,687.6749877929688,697.2999877929688,643.0878295898438,25246636,HDFCBANK.NS
2020-11-24,704.0,722.5,701.0250244140625,719.0999755859375,663.1929321289062,40154400,HDFCBANK.NS
2020-11-25,725.6500244140625,732.2000122070312,698.5,701.4000244140625,646.8690795898438,24152602,HDFCBANK.NS
2020-11-26,707.5,716.0,693.5,713.3250122070312,657.866943359375,27943126,HDFCBANK.NS
2020-11-27,715.9000244140625,723.0,707.7750244140625,720.4249877929688,664.4149780273438,17994580,HDFCBANK.NS
2020-12-01,720.4249877929688,724.5,712.75,716.6500244140625,660.9334716796875,17147574,HDFCBANK.NS
2020-12-02,715.5,715.9000244140625,697.4000244140625,703.4749755859375,648.7827758789062,17892150,HDFCBANK.NS
2020-12-03,714.5,716.0,687.0250244140625,688.5999755859375,635.064208984375,37933222,HDFCBANK.NS
2020-12-04,690.5,700.7249755859375,686.6500244140625,692.7999877929688,638.9376831054688,26912322,HDFCBANK.NS
2020-12-07,687.5,689.9749755859375,679.0499877929688,686.125,632.7816772460938,24316318,HDFCBANK.NS
2020-12-08,687.5,694.4000244140625,682.5750122070312,688.1500244140625,634.6492309570312,19457896,HDFCBANK.NS
2020-12-09,688.5,705.0250244140625,687.5250244140625,703.5999755859375,648.8980712890625,22069074,HDFCBANK.NS
2020-12-10,699.0,701.0,687.875,692.9249877929688,639.0529174804688,19727966,HDFCBANK.NS
2020-12-11,695.0250244140625,697.5,686.5,691.4000244140625,637.6465454101562,21356384,HDFCBANK.NS
2020-12-14,691.5,694.0,684.0,686.0750122070312,632.735595703125,17222050,HDFCBANK.NS
2020-12-15,690.4000244140625,697.4749755859375,683.0,695.6500244140625,641.566162109375,21561436,HDFCBANK.NS
2020-12-16,702.0,708.4000244140625,697.25,705.3499755859375,650.511962890625,16832092,HDFCBANK.NS
2020-12-17,709.2999877929688,722.5,702.25,720.9000244140625,664.85302734375,21924478,HDFCBANK.NS
2020-12-18,717.5,719.8499755859375,703.1500244140625,705.6749877929688,650.8117065429688,22995918,HDFCBANK.NS
2020-12-21,708.75,711.9249877929688,683.3499755859375,686.3250122070312,632.9661865234375,23761824,HDFCBANK.NS
2020-12-22,692.4000244140625,692.4000244140625,672.5,686.5499877929688,633.173583984375,22851558,HDFCBANK.NS
2020-12-23,683.75,690.4749755859375,680.5250244140625,687.8250122070312,634.3494262695312,15467394,HDFCBANK.NS
2020-12-24,694.7000122070312,702.0,688.5,698.5499877929688,644.2406005859375,14952188,HDFCBANK.NS
2020-12-28,702.5,710.5,702.0,706.4249877929688,651.50341796875,11699194,HDFCBANK.NS
2020-12-29,710.5250244140625,717.375,710.0,713.5999755859375,658.12060546875,14495346,HDFCBANK.NS
2020-12-30,719.9500122070312,719.9500122070312,706.5,716.25,660.5645751953125,16216726,HDFCBANK.NS
2020-12-31,717.5,722.0,712.5250244140625,718.1500244140625,662.31689453125,22145750,HDFCBANK.NS
2021-01-01,720.0,721.5,710.2999877929688,712.5250244140625,657.1290893554688,8810938,HDFCBANK.NS
2021-01-04,719.0,719.0,699.5,708.0,652.9559936523438,15740192,HDFCBANK.NS
2021-01-05,709.5999755859375,715.375,704.5,713.3499755859375,657.8900146484375,14386824,HDFCBANK.NS
2021-01-06,717.5,720.0,706.5499877929688,710.2750244140625,655.05419921875,22134050,HDFCBANK.NS
2021-01-07,716.25,716.2999877929688,706.2750244140625,708.125,653.0712280273438,19894842,HDFCBANK.NS
2021-01-08,716.0,721.0,711.5499877929688,715.8250122070312,660.1726684570312,13768764,HDFCBANK.NS
2021-01-11,725.0,732.4500122070312,718.1500244140625,725.7249755859375,669.3028564453125,17331392,HDFCBANK.NS
2021-01-12,726.2249755859375,743.8499755859375,724.5499877929688,740.5,682.9292602539062,20388156,HDFCBANK.NS
2021-01-13,746.4500122070312,748.4500122070312,731.0499877929688,735.3250122070312,678.1566162109375,16934650,HDFCBANK.NS
2021-01-14,735.5750122070312,744.0,728.0,734.375,677.2804565429688,12297166,HDFCBANK.NS
2021-01-15,734.5499877929688,735.8250122070312,722.5,733.3250122070312,676.31201171875,14165236,HDFCBANK.NS
2021-01-18,734.9500122070312,751.4249877929688,733.5,741.5499877929688,683.8975830078125,42825632,HDFCBANK.NS
2021-01-19,745.9000244140625,755.8250122070312,733.5,751.9249877929688,693.4660034179688,17360254,HDFCBANK.NS
2021-01-20,750.5,750.5,743.0,746.0,688.001708984375,13346052,HDFCBANK.NS
2021-01-21,746.0,747.1749877929688,734.0750122070312,737.4000244140625,680.0702514648438,26333054,HDFCBANK.NS
2021-01-22,733.9500122070312,733.9500122070312,720.0750122070312,721.7750244140625,665.6600341796875,15392364,HDFCBANK.NS
2021-01-25,732.5499877929688,740.5,727.5750122070312,731.4249877929688,674.5597534179688,20344718,HDFCBANK.NS
2021-01-27,734.0,735.9500122070312,703.0750122070312,704.7999877929688,650.0047607421875,23556276,HDFCBANK.NS
2021-01-28,694.9500122070312,700.6500244140625,671.0,685.7249755859375,632.4127197265625,42704446,HDFCBANK.NS
2021-01-29,695.6749877929688,704.375,682.25,695.25,641.197265625,28704502,HDFCBANK.NS
2021-02-01,705.125,741.25,700.5,738.375,680.9694213867188,26370544,HDFCBANK.NS
2021-02-02,750.5,789.25,748.7000122070312,780.2750244140625,719.6119384765625,42420206,HDFCBANK.NS
2021-02-03,789.5,790.8499755859375,771.0,787.4000244140625,726.1830444335938,20237254,HDFCBANK.NS
2021-02-04,783.0,794.0,771.7249755859375,789.5499877929688,728.1658325195312,24484684,HDFCBANK.NS
2021-02-05,774.0,809.125,774.0,798.7999877929688,736.6967163085938,27054716,HDFCBANK.NS
2021-02-08,810.0,815.8250122070312,797.8499755859375,802.625,740.2243041992188,17447580,HDFCBANK.NS
2021-02-09,805.0,814.0,793.3499755859375,805.9249877929688,743.2677001953125,18421366,HDFCBANK.NS
2021-02-10,804.1749877929688,807.4249877929688,783.5,790.875,729.3877563476562,19788006,HDFCBANK.NS
2021-02-11,791.0,798.9000244140625,782.0999755859375,786.1749877929688,725.05322265625,13648618,HDFCBANK.NS
2021-02-12,786.9500122070312,796.25,786.5,790.9749755859375,729.47998046875,9910106,HDFCBANK.NS
2021-02-15,800.0499877929688,812.5,798.3499755859375,808.2999877929688,745.4580688476562,10355244,HDFCBANK.NS
2021-02-16,810.5999755859375,820.5,804.2249755859375,813.3250122070312,750.0924682617188,13897358,HDFCBANK.NS
2021-02-17,810.0,810.9000244140625,791.5,793.25,731.578125,12794426,HDFCBANK.NS
2021-02-18,802.9749755859375,802.9749755859375,774.0,777.1500244140625,716.7299194335938,14720560,HDFCBANK.NS
2021-02-19,772.5,782.0999755859375,766.5,769.5499877929688,709.720703125,17139508,HDFCBANK.NS
2021-02-22,772.5250244140625,786.9500122070312,769.7249755859375,774.0,713.82470703125,29451838,HDFCBANK.NS
2021-02-23,776.875,778.8499755859375,761.3250122070312,764.5750122070312,705.1325073242188,18239906,HDFCBANK.NS
2021-02-24,763.25,806.9749755859375,758.125,803.2249755859375,740.777587890625,14314332,HDFCBANK.NS
2021-02-25,804.875,818.125,801.0,803.2000122070312,740.7545776367188,20109570,HDFCBANK.NS
2021-02-26,793.5250244140625,794.4500122070312,760.5,767.2000122070312,707.5534057617188,27912846,HDFCBANK.NS
2021-03-01,782.0,786.2750244140625,770.3499755859375,779.4500122070312,718.85107421875,13536018,HDFCBANK.NS
2021-03-02,787.8499755859375,793.75,775.5,784.0999755859375,723.1395263671875,16110038,HDFCBANK.NS
2021-03-03,792.0,798.0,782.5,793.4249877929688,731.739501953125,11222410,HDFCBANK.NS
2021-03-04,774.2750244140625,785.5,769.5499877929688,776.0250244140625,715.6923828125,16291438,HDFCBANK.NS
2021-03-05,765.5,772.7999877929688,760.5499877929688,765.0,705.5245361328125,17445822,HDFCBANK.NS
2021-03-08,771.0,777.5,756.25,759.75,700.6825561523438,15117050,HDFCBANK.NS
2021-03-09,772.5,782.8499755859375,769.125,781.25,720.5111083984375,15066696,HDFCBANK.NS
2021-03-10,786.0,787.5,776.0750122070312,777.875,717.3984985351562,11055016,HDFCBANK.NS
2021-03-12,800.0,800.0,767.5250244140625,775.9749755859375,715.6461791992188,15631204,HDFCBANK.NS
2021-03-15,774.2000122070312,774.2000122070312,757.6500244140625,764.3250122070312,704.9019775390625,12230386,HDFCBANK.NS
2021-03-16,765.4500122070312,770.2000122070312,755.0,756.0750122070312,697.2933349609375,13722366,HDFCBANK.NS
2021-03-17,762.125,769.5,745.0999755859375,747.6749877929688,689.5464477539062,21064428,HDFCBANK.NS
2021-03-18,755.875,761.0250244140625,740.5750122070312,745.5,687.5405883789062,18065540,HDFCBANK.NS
2021-03-19,742.5,755.5999755859375,737.0250244140625,748.75,690.537841796875,21235020,HDFCBANK.NS
2021-03-22,747.4500122070312,747.4500122070312,730.2000122070312,734.5750122070312,677.4649047851562,14015632,HDFCBANK.NS
2021-03-23,735.0,753.7249755859375,734.5499877929688,750.0750122070312,691.7598266601562,19761428,HDFCBANK.NS
2021-03-24,745.4500122070312,753.2249755859375,735.5,739.4000244140625,681.9147338867188,16368900,HDFCBANK.NS
2021-03-25,745.0999755859375,747.7750244140625,725.125,731.6749877929688,674.790283203125,23964356,HDFCBANK.NS
2021-03-26,747.0,749.5,737.0,745.6500244140625,687.6788330078125,12021258,HDFCBANK.NS
2021-03-30,753.3250122070312,781.2750244140625,750.7750244140625,776.8499755859375,716.4531860351562,25607644,HDFCBANK.NS
2021-03-31,774.0,774.0,744.0,746.8250122070312,688.762451171875,30774506,HDFCBANK.NS
2021-04-01,749.7000122070312,749.7000122070312,732.5,743.375,685.5806884765625,35763762,HDFCBANK.NS
2021-04-05,740.0,742.5,715.5,724.7999877929688,668.4498291015625,16006586,HDFCBANK.NS
2021-04-06,730.0,731.3250122070312,716.3250122070312,720.125,664.1383666992188,15075734,HDFCBANK.NS
2021-04-07,719.6500244140625,728.3499755859375,710.7750244140625,723.5999755859375,667.3431396484375,25088180,HDFCBANK.NS
2021-04-08,726.5,730.4500122070312,715.25,716.4000244140625,660.7029418945312,17613592,HDFCBANK.NS
2021-04-09,713.0,716.4000244140625,707.5499877929688,710.875,655.6074829101562,28157816,HDFCBANK.NS
2021-04-12,696.5,699.5,676.5,683.5250244140625,630.3838500976562,22549128,HDFCBANK.NS
2021-04-13,684.0,703.2249755859375,680.5,700.1749877929688,645.7393188476562,18600682,HDFCBANK.NS
2021-04-15,702.5,718.3499755859375,695.5,715.0499877929688,659.4578857421875,34444984,HDFCBANK.NS
2021-04-16,717.4749755859375,722.5,711.75,714.3250122070312,658.7892456054688,15606526,HDFCBANK.NS
2021-04-19,695.0,708.8499755859375,686.1500244140625,706.2000122070312,651.2959594726562,24069242,HDFCBANK.NS
2021-04-20,712.5,713.2000122070312,691.9749755859375,695.7000122070312,641.6121826171875,23186270,HDFCBANK.NS
2021-04-22,690.0,713.4000244140625,685.5250244140625,711.25,655.9533081054688,38485312,HDFCBANK.NS
2021-04-23,704.5,717.2999877929688,700.0999755859375,707.0750122070312,652.1028442382812,22713528,HDFCBANK.NS
2021-04-26,706.5,714.5,701.375,702.4000244140625,647.7914428710938,30170952,HDFCBANK.NS
2021-04-27,703.625,721.0,702.4000244140625,719.3499755859375,663.4235229492188,20592906,HDFCBANK.NS
2021-04-28,718.125,739.5,715.5,738.4000244140625,680.9925537109375,24103940,HDFCBANK.NS
2021-04-29,743.0999755859375,751.8250122070312,730.5,736.25,679.0096435546875,24078552,HDFCBANK.NS
2021-04-30,722.5,726.9000244140625,703.75,706.1500244140625,651.2498168945312,35232902,HDFCBANK.NS
2021-05-03,696.5,710.9500122070312,688.6500244140625,707.2249755859375,652.2411499023438,22473700,HDFCBANK.NS
2021-05-04,704.9749755859375,711.5,691.6500244140625,694.1749877929688,640.2058715820312,21486328,HDFCBANK.NS
2021-05-05,700.5,704.7999877929688,690.8499755859375,701.2999877929688,646.77685546875,14421612,HDFCBANK.NS
2021-05-06,703.7999877929688,705.4000244140625,697.5,700.4500122070312,645.9929809570312,11477044,HDFCBANK.NS
2021-05-07,706.4749755859375,712.4749755859375,705.125,707.375,652.3795776367188,12048334,HDFCBANK.NS
2021-05-10,713.5,715.0,706.4000244140625,709.9249877929688,654.7312622070312,11060050,HDFCBANK.NS
2021-05-11,698.0,712.0999755859375,697.5250244140625,701.7750244140625,647.2149047851562,14519034,HDFCBANK.NS
2021-05-12,699.875,704.2999877929688,694.4249877929688,699.75,645.347412109375,13774926,HDFCBANK.NS
2021-05-14,697.1749877929688,699.4500122070312,691.1749877929688,693.4249877929688,639.5140991210938,10604142,HDFCBANK.NS
2021-05-17,697.5750122070312,721.2999877929688,690.6500244140625,720.125,664.1383666992188,15120692,HDFCBANK.NS
2021-05-18,729.4749755859375,741.375,727.5,738.3499755859375,680.9463500976562,22165280,HDFCBANK.NS
2021-05-19,735.0999755859375,739.4249877929688,726.2750244140625,729.0999755859375,672.41552734375,10130916,HDFCBANK.NS
2021-05-20,729.1749877929688,732.9500122070312,714.25,716.4000244140625,660.7029418945312,10684184,HDFCBANK.NS
2021-05-21,721.5,750.9500122070312,721.5,748.6500244140625,690.4456176757812,19341646,HDFCBANK.NS
2021-05-24,751.625,760.2249755859375,749.25,754.9749755859375,696.2788696289062,22146102,HDFCBANK.NS
2021-05-25,755.25,756.875,735.25,739.4749755859375,681.98388671875,19236974,HDFCBANK.NS
2021-05-26,740.0,743.5,735.0,738.5250244140625,681.1077270507812,12283990,HDFCBANK.NS
2021-05-27,736.5499877929688,744.5,731.2249755859375,741.3250122070312,683.6901245117188,20439496,HDFCBANK.NS
2021-05-28,745.4500122070312,756.5,739.375,751.7249755859375,693.281494140625,17750020,HDFCBANK.NS
2021-05-31,750.0,759.75,743.75,757.9249877929688,698.99951171875,15661054,HDFCBANK.NS
2021-06-01,760.1500244140625,763.5,753.625,755.8499755859375,697.0857543945312,11030162,HDFCBANK.NS
2021-06-02,755.0,755.0999755859375,746.5,752.0,693.53515625,10624016,HDFCBANK.NS
2021-06-03,754.0,762.4749755859375,743.875,760.2750244140625,701.1668090820312,10287260,HDFCBANK.NS
2021-06-04,758.0,760.3250122070312,749.5999755859375,750.4749755859375,692.128662109375,9424476,HDFCBANK.NS
2021-06-07,755.0,757.0,748.0,749.9249877929688,691.6214599609375,8091668,HDFCBANK.NS
2021-06-08,748.2750244140625,750.6500244140625,740.75,741.5250244140625,683.87451171875,9872540,HDFCBANK.NS
2021-06-09,741.9500122070312,751.0,736.0250244140625,740.1500244140625,682.6064453125,10223442,HDFCBANK.NS
2021-06-10,741.0499877929688,744.5,736.8250122070312,740.5250244140625,682.9522705078125,11483540,HDFCBANK.NS
2021-06-11,745.5,748.2750244140625,740.5250244140625,743.1749877929688,685.396240234375,7205974,HDFCBANK.NS
2021-06-14,739.125,743.0,731.2750244140625,739.7249755859375,682.2144775390625,8881964,HDFCBANK.NS
2021-06-15,743.0,748.0,737.4000244140625,745.125,687.1947021484375,7569602,HDFCBANK.NS
2021-06-16,744.0,747.0,739.0499877929688,742.2999877929688,684.5892333984375,7702098,HDFCBANK.NS
2021-06-17,733.0,739.375,730.0,733.0499877929688,676.0584106445312,9283802,HDFCBANK.NS
2021-06-18,734.75,745.0,727.5,739.9000244140625,682.3758544921875,11938060,HDFCBANK.NS
2021-06-21,730.6749877929688,745.9000244140625,729.5,744.3499755859375,686.4798583984375,7260472,HDFCBANK.NS
2021-06-22,748.5,754.0,740.0,741.9000244140625,684.220458984375,14366824,HDFCBANK.NS
2021-06-23,745.0,748.9000244140625,739.2999877929688,742.75,685.0042724609375,7844868,HDFCBANK.NS
2021-06-24,745.0,756.7249755859375,744.0,753.125,694.5726928710938,14785024,HDFCBANK.NS
2021-06-25,755.5499877929688,761.0,753.5,757.5499877929688,698.6536865234375,10383176,HDFCBANK.NS
2021-06-28,760.0,761.5,752.5,754.1749877929688,695.5410766601562,9356786,HDFCBANK.NS
2021-06-29,753.5,754.0999755859375,746.0750122070312,751.0250244140625,698.6575317382812,10971692,HDFCBANK.NS
2021-06-30,749.0,754.5,747.0499877929688,748.9500122070312,696.7271728515625,9679022,HDFCBANK.NS
2021-07-01,751.0,751.0,741.5,743.375,691.5409545898438,16911442,HDFCBANK.NS
2021-07-02,742.5,744.625,738.5,740.2000122070312,688.5873413085938,14827036,HDFCBANK.NS
2021-07-05,744.9749755859375,752.25,742.2750244140625,747.7249755859375,695.5875854492188,7373882,HDFCBANK.NS
2021-07-06,748.5,770.0,748.0,767.3499755859375,713.8441772460938,17669032,HDFCBANK.NS
2021-07-07,767.0,772.6749877929688,763.8499755859375,769.75,716.0767822265625,9629190,HDFCBANK.NS
2021-07-08,762.5,768.8499755859375,756.7249755859375,760.2249755859375,707.2160034179688,8420922,HDFCBANK.NS
2021-07-09,756.2750244140625,758.0,748.75,751.0,698.6342163085938,10695842,HDFCBANK.NS
2021-07-12,751.0,751.0,742.0,743.5,691.6571655273438,14458978,HDFCBANK.NS
2021-07-13,748.0499877929688,753.0499877929688,742.0499877929688,750.9249877929688,698.564453125,18178142,HDFCBANK.NS
2021-07-14,748.75,753.6749877929688,745.5499877929688,749.5750122070312,697.3085327148438,9788494,HDFCBANK.NS
2021-07-15,752.5,763.375,749.8250122070312,760.3499755859375,707.332275390625,10438802,HDFCBANK.NS
2021-07-16,763.9749755859375,764.9749755859375,759.4000244140625,761.1749877929688,708.0997314453125,5170628,HDFCBANK.NS
2021-07-19,743.5,744.4249877929688,733.0,735.5,684.2150268554688,25111600,HDFCBANK.NS
2021-07-20,721.0,727.0,718.0750122070312,721.5750122070312,671.260986328125,24174250,HDFCBANK.NS
2021-07-22,728.0499877929688,734.25,722.5,724.3499755859375,673.8424682617188,13207114,HDFCBANK.NS
2021-07-23,725.75,728.7249755859375,717.6500244140625,721.375,671.074951171875,13126684,HDFCBANK.NS
2021-07-26,715.0,722.0,714.0499877929688,717.2750244140625,667.2608642578125,13167166,HDFCBANK.NS
2021-07-27,718.0499877929688,724.9500122070312,718.0499877929688,719.875,669.6795043945312,22401430,HDFCBANK.NS
2021-07-28,717.5250244140625,719.3499755859375,702.0,708.6500244140625,659.2372436523438,20670342,HDFCBANK.NS
2021-07-29,714.125,714.9749755859375,706.6500244140625,709.125,659.6790771484375,13702230,HDFCBANK.NS
2021-07-30,709.5,715.875,703.9749755859375,713.2249755859375,663.4931640625,11655488,HDFCBANK.NS
2021-08-02,717.5,717.5,708.125,711.3250122070312,661.7257080078125,13258786,HDFCBANK.NS
2021-08-03,705.0,719.9500122070312,705.0,717.3499755859375,667.33056640625,12033120,HDFCBANK.NS
2021-08-04,720.5,737.25,720.0,732.6500244140625,681.563720703125,22053948,HDFCBANK.NS
2021-08-05,733.5499877929688,753.5250244140625,728.7000122070312,742.4249877929688,690.6571655273438,18822408,HDFCBANK.NS
2021-08-06,741.7750244140625,750.0,737.0,746.3250122070312,694.28515625,13339270,HDFCBANK.NS
2021-08-09,746.0,753.6749877929688,738.0,751.9500122070312,699.5180053710938,10998048,HDFCBANK.NS
2021-08-10,744.5,759.875,744.5,753.8250122070312,701.2622680664062,14838346,HDFCBANK.NS
2021-08-11,757.4500122070312,759.4249877929688,745.5250244140625,747.4749755859375,695.35498046875,12585786,HDFCBANK.NS
2021-08-12,748.5,753.7999877929688,744.6500244140625,750.7000122070312,698.3551635742188,8597674,HDFCBANK.NS
2021-08-13,750.5999755859375,765.5,750.5,763.0999755859375,709.8904418945312,16658428,HDFCBANK.NS
2021-08-16,763.0750122070312,767.5,760.7249755859375,765.2999877929688,711.9370727539062,6252778,HDFCBANK.NS
2021-08-17,758.5999755859375,762.0,752.6500244140625,757.3250122070312,704.5181884765625,8282666,HDFCBANK.NS
2021-08-18,778.3499755859375,782.6749877929688,754.1749877929688,756.5,703.750732421875,22985932,HDFCBANK.NS
2021-08-20,743.0250244140625,759.9000244140625,743.0250244140625,757.375,704.564697265625,13150406,HDFCBANK.NS
2021-08-23,764.9249877929688,766.5750122070312,754.3250122070312,762.2999877929688,709.146240234375,10843054,HDFCBANK.NS
2021-08-24,765.0,782.25,763.7249755859375,779.4249877929688,725.0771484375,18381314,HDFCBANK.NS
2021-08-25,776.0499877929688,782.4000244140625,774.0,778.7000122070312,724.4027709960938,7727974,HDFCBANK.NS
2021-08-26,775.0,785.5,771.7249755859375,777.4000244140625,723.1934204101562,11119002,HDFCBANK.NS
2021-08-27,776.0,779.3250122070312,772.625,774.2249755859375,720.2398071289062,6382138,HDFCBANK.NS
2021-08-30,777.7999877929688,785.0,775.7999877929688,784.125,729.449462890625,9049166,HDFCBANK.NS
2021-08-31,781.75,791.6749877929688,781.0999755859375,790.7000122070312,735.5660400390625,12062576,HDFCBANK.NS
2021-09-01,787.5,799.0,787.25,789.5499877929688,734.4962158203125,12422558,HDFCBANK.NS
2021-09-02,787.0499877929688,796.0,785.625,794.5,739.10107421875,9618524,HDFCBANK.NS
2021-09-03,793.0499877929688,799.0,784.1500244140625,788.0250244140625,733.0775756835938,10735334,HDFCBANK.NS
2021-09-06,789.9749755859375,790.4749755859375,780.9749755859375,782.8499755859375,728.2633056640625,7876896,HDFCBANK.NS
2021-09-07,781.25,791.0,777.5999755859375,784.625,729.9146118164062,7245496,HDFCBANK.NS
2021-09-08,785.9749755859375,790.25,782.7999877929688,788.2000122070312,733.2403564453125,6724080,HDFCBANK.NS
2021-09-09,787.0,789.7249755859375,780.5,784.2999877929688,729.6122436523438,8250948,HDFCBANK.NS
2021-09-13,781.0,792.0,776.8250122070312,777.7750244140625,723.542236328125,8959164,HDFCBANK.NS
2021-09-14,780.0,782.25,773.2999877929688,774.2750244140625,720.2863159179688,9758506,HDFCBANK.NS
2021-09-15,767.5,777.4000244140625,767.5,773.4000244140625,719.472412109375,14822998,HDFCBANK.NS
2021-09-16,768.875,782.1500244140625,768.1500244140625,779.9749755859375,725.5888061523438,10260550,HDFCBANK.NS
2021-09-17,784.5,794.5,779.5999755859375,791.0750122070312,735.9148559570312,20498102,HDFCBANK.NS
2021-09-20,782.0,790.8499755859375,779.0,779.9249877929688,725.5422973632812,8781610,HDFCBANK.NS
2021-09-21,781.0,784.3250122070312,764.4749755859375,775.9749755859375,721.8677978515625,14774996,HDFCBANK.NS
2021-09-22,774.5,775.0750122070312,765.0,766.8499755859375,713.3790283203125,10582202,HDFCBANK.NS
2021-09-23,771.0,786.0,771.0,785.0,730.2634887695312,13664304,HDFCBANK.NS
2021-09-24,789.5,803.9749755859375,787.5,800.7750244140625,744.9385375976562,20806702,HDFCBANK.NS
2021-09-27,807.8499755859375,817.75,804.0,812.5499877929688,755.8925170898438,16415462,HDFCBANK.NS
2021-09-28,816.0,816.0,791.0,807.5250244140625,751.2178955078125,12773790,HDFCBANK.NS
2021-09-29,798.5,803.2999877929688,792.5750122070312,796.9249877929688,741.3569946289062,16263036,HDFCBANK.NS
2021-09-30,793.0,803.1749877929688,791.5499877929688,797.4749755859375,741.8685302734375,15975348,HDFCBANK.NS
2021-10-01,791.5,794.5,782.625,791.3499755859375,736.1707153320312,11128596,HDFCBANK.NS
2021-10-04,794.5,800.6749877929688,791.7999877929688,792.875,737.5894165039062,7051028,HDFCBANK.NS
2021-10-05,796.0,798.75,788.125,797.7249755859375,742.1011962890625,10257178,HDFCBANK.NS
2021-10-06,798.0,813.4249877929688,793.5,807.4500122070312,751.1480712890625,18600830,HDFCBANK.NS
2021-10-07,813.2999877929688,813.8499755859375,803.5,805.25,749.1014404296875,11265724,HDFCBANK.NS
2021-10-08,806.0,811.0,800.0750122070312,801.3250122070312,745.4501953125,7245562,HDFCBANK.NS
2021-10-11,799.9500122070312,822.5,799.5,816.9000244140625,759.939208984375,13080848,HDFCBANK.NS
2021-10-12,812.5,820.7750244140625,812.5,814.7999877929688,757.985595703125,8176946,HDFCBANK.NS
2021-10-13,818.5,824.0,815.0,819.7000122070312,762.5438842773438,6225644,HDFCBANK.NS
2021-10-14,819.0,845.0,819.0,843.7000122070312,784.8704223632812,14757288,HDFCBANK.NS
2021-10-18,852.5,862.5,833.5250244140625,835.1500244140625,776.9166870117188,28856456,HDFCBANK.NS
2021-10-19,837.7249755859375,846.2249755859375,835.5,844.3499755859375,785.4750366210938,8987540,HDFCBANK.NS
2021-10-20,844.5499877929688,849.375,832.2249755859375,836.9249877929688,778.56787109375,10908568,HDFCBANK.NS
2021-10-21,835.9000244140625,840.9749755859375,830.4249877929688,838.1500244140625,779.7074584960938,9738190,HDFCBANK.NS
2021-10-22,840.0499877929688,854.0,835.375,840.375,781.7772827148438,12175554,HDFCBANK.NS
2021-10-25,845.0,845.0,806.9000244140625,828.5,770.7302856445312,16426766,HDFCBANK.NS
2021-10-26,825.0,836.9249877929688,823.1749877929688,826.375,768.7534790039062,12090656,HDFCBANK.NS
2021-10-27,826.375,832.5250244140625,818.6500244140625,821.4000244140625,764.1254272460938,13249642,HDFCBANK.NS
2021-10-28,825.0,825.0,793.5750122070312,796.7999877929688,741.2406616210938,17797750,HDFCBANK.NS
2021-10-29,795.0,801.0,780.0,791.4249877929688,736.240478515625,12406874,HDFCBANK.NS
2021-11-01,792.5,805.5,791.7750244140625,802.6500244140625,746.682861328125,8122320,HDFCBANK.NS
2021-11-02,803.0,811.0,800.0250244140625,803.375,747.357177734375,13237722,HDFCBANK.NS
2021-11-03,802.5499877929688,804.9500122070312,787.7750244140625,790.7249755859375,735.5892333984375,10207338,HDFCBANK.NS
2021-11-04,797.5,798.9249877929688,795.0499877929688,796.9749755859375,741.4035034179688,1096808,HDFCBANK.NS
2021-11-08,796.0499877929688,802.3499755859375,785.2249755859375,800.125,744.3338012695312,18943580,HDFCBANK.NS
2021-11-09,797.2999877929688,797.2999877929688,784.5250244140625,786.125,731.31005859375,12695476,HDFCBANK.NS
2021-11-10,784.0,784.5,775.0,777.625,723.4027099609375,13714126,HDFCBANK.NS
2021-11-11,775.0250244140625,777.4500122070312,767.7999877929688,774.1500244140625,720.1700439453125,7999404,HDFCBANK.NS
2021-11-12,775.0,779.5250244140625,772.5250244140625,776.5,722.3561401367188,14914092,HDFCBANK.NS
2021-11-15,781.0499877929688,785.9249877929688,777.2000122070312,778.625,724.3330078125,9533594,HDFCBANK.NS
2021-11-16,777.5,778.5999755859375,770.7999877929688,774.0,720.0304565429688,8245406,HDFCBANK.NS
2021-11-17,768.4500122070312,772.0,764.25,765.4000244140625,712.0301513671875,7598878,HDFCBANK.NS
2021-11-18,763.0250244140625,771.75,762.625,769.7000122070312,716.0303344726562,9152874,HDFCBANK.NS
2021-11-22,773.0,776.3499755859375,749.5250244140625,757.6749877929688,704.8438110351562,15261272,HDFCBANK.NS
2021-11-23,751.0,763.9000244140625,748.1749877929688,757.7750244140625,704.9368896484375,11235214,HDFCBANK.NS
2021-11-24,762.0,768.1749877929688,757.0250244140625,759.0250244140625,706.0996704101562,30802286,HDFCBANK.NS
2021-11-25,757.4000244140625,766.6500244140625,753.5,762.9749755859375,709.7742309570312,10251652,HDFCBANK.NS
2021-11-26,750.0,753.3499755859375,742.5,744.9500122070312,693.0060424804688,18624936,HDFCBANK.NS
2021-11-29,747.4000244140625,753.8250122070312,731.0,750.625,698.285400390625,12990996,HDFCBANK.NS
2021-11-30,747.5,764.5,743.2750244140625,746.7750244140625,694.7039184570312,25221542,HDFCBANK.NS
2021-12-01,747.5,753.5250244140625,744.5499877929688,752.3250122070312,699.8668823242188,8677634,HDFCBANK.NS
2021-12-02,752.25,764.4000244140625,750.0,762.875,709.6812133789062,11203110,HDFCBANK.NS
2021-12-03,762.9000244140625,767.9749755859375,753.5250244140625,756.7750244140625,704.0065307617188,8124694,HDFCBANK.NS
2021-12-06,756.5,759.4000244140625,748.6749877929688,751.9000244140625,699.4714965820312,7029532,HDFCBANK.NS
2021-12-07,756.9749755859375,766.0,754.9500122070312,762.8499755859375,709.657958984375,12427534,HDFCBANK.NS
2021-12-08,768.0,777.5250244140625,767.0,776.9000244140625,722.7283325195312,15295534,HDFCBANK.NS
2021-12-09,772.5999755859375,777.3499755859375,761.0,763.4249877929688,710.1928100585938,11747744,HDFCBANK.NS
2021-12-10,762.4500122070312,764.0,754.2249755859375,761.2750244140625,708.1928100585938,7779384,HDFCBANK.NS
2021-12-13,763.0,768.8250122070312,753.5999755859375,755.5750122070312,702.8902587890625,10322142,HDFCBANK.NS
2021-12-14,751.25,758.0,748.5250244140625,751.2249755859375,698.843505859375,9191100,HDFCBANK.NS
2021-12-15,751.5,761.6749877929688,747.8250122070312,750.0,697.7039184570312,10115148,HDFCBANK.NS
2021-12-16,756.4000244140625,758.5,747.0,750.0499877929688,697.7504272460938,13210432,HDFCBANK.NS
2021-12-17,748.5,753.0,733.8499755859375,736.5250244140625,685.1685791015625,14994768,HDFCBANK.NS
2021-12-20,726.0,729.0,707.0499877929688,712.8250122070312,663.1211547851562,21156668,HDFCBANK.NS
2021-12-21,719.75,725.375,715.0,720.9000244140625,670.633056640625,9118750,HDFCBANK.NS
2021-12-22,726.1500244140625,728.0,717.8499755859375,722.5999755859375,672.2145385742188,8577484,HDFCBANK.NS
2021-12-23,726.625,728.9000244140625,718.4249877929688,722.0499877929688,671.7028198242188,9779166,HDFCBANK.NS
2021-12-24,722.75,726.0,714.0,719.4500122070312,669.2841186523438,5561024,HDFCBANK.NS
2021-12-27,714.4500122070312,727.0,711.0750122070312,725.4000244140625,674.8193359375,4705098,HDFCBANK.NS
2021-12-28,730.3499755859375,733.4500122070312,726.7000122070312,730.4000244140625,679.4706420898438,5450678,HDFCBANK.NS
2021-12-29,728.0250244140625,730.5,723.7000122070312,726.9249877929688,676.2379150390625,7668702,HDFCBANK.NS
2021-12-30,729.25,733.4249877929688,722.5,730.75,679.7962036132812,7215918,HDFCBANK.NS
2021-12-31,730.75,742.4000244140625,730.75,739.7000122070312,688.1221923828125,6325736,HDFCBANK.NS
2022-01-03,742.5,761.5,740.25,759.8250122070312,706.8438720703125,9069184,HDFCBANK.NS
2022-01-04,760.0,766.4500122070312,753.9000244140625,764.2750244140625,710.9835815429688,8857352,HDFCBANK.NS
2022-01-05,768.4000244140625,786.0,764.0499877929688,782.4249877929688,727.8679809570312,14332638,HDFCBANK.NS
2022-01-06,771.5,777.375,765.0250244140625,769.875,716.193115234375,9628930,HDFCBANK.NS
2022-01-07,772.0,783.375,767.9500122070312,775.2750244140625,721.2166137695312,11179384,HDFCBANK.NS
2022-01-10,779.0,786.0,772.75,779.5750122070312,725.216796875,8856496,HDFCBANK.NS
2022-01-11,780.7750244140625,784.3499755859375,773.9000244140625,782.9500122070312,728.3564453125,8389198,HDFCBANK.NS
2022-01-12,784.0,788.3250122070312,776.0,778.3250122070312,724.0538940429688,21085530,HDFCBANK.NS
2022-01-13,777.5,777.5,760.2000122070312,764.0,710.727783203125,41963896,HDFCBANK.NS
2022-01-14,765.0,774.3499755859375,759.5,772.5750122070312,718.704833984375,11208968,HDFCBANK.NS
2022-01-17,765.0,778.0,759.5750122070312,760.75,707.704345703125,22989372,HDFCBANK.NS
2022-01-18,766.5,775.4500122070312,761.5,764.625,711.3091430664062,12341152,HDFCBANK.NS
2022-01-19,767.0,769.875,756.6749877929688,759.2249755859375,706.28564453125,14317626,HDFCBANK.NS
2022-01-20,764.2249755859375,764.25,750.0499877929688,754.5,701.89013671875,15197846,HDFCBANK.NS
2022-01-21,750.0,764.9000244140625,742.7999877929688,760.7999877929688,707.7509155273438,11537694,HDFCBANK.NS
2022-01-24,754.9749755859375,760.625,733.7750244140625,743.3250122070312,691.494384765625,11868508,HDFCBANK.NS
2022-01-25,729.3250122070312,747.5,722.0,744.0250244140625,692.1455688476562,13594248,HDFCBANK.NS
2022-01-27,725.0,742.5,717.5,737.4749755859375,686.05224609375,28617838,HDFCBANK.NS
2022-01-28,738.75,743.3499755859375,730.0,731.625,680.6102294921875,24925208,HDFCBANK.NS
2022-01-31,736.375,745.7750244140625,733.4000244140625,742.8499755859375,691.052490234375,12842546,HDFCBANK.NS
2022-02-01,754.25,758.5,736.7249755859375,748.5,696.30859375,14739484,HDFCBANK.NS
2022-02-02,755.9749755859375,767.5,752.7999877929688,765.5999755859375,712.2162475585938,13969290,HDFCBANK.NS
2022-02-03,764.375,769.9749755859375,754.5,757.6749877929688,704.8438110351562,10564762,HDFCBANK.NS
2022-02-04,764.2000122070312,766.4249877929688,757.0499877929688,762.0,708.8672485351562,11579958,HDFCBANK.NS
2022-02-07,756.0499877929688,759.5,730.0,734.0750122070312,682.889404296875,12268042,HDFCBANK.NS
2022-02-08,738.2000122070312,739.2249755859375,722.2750244140625,730.9249877929688,679.958984375,13981130,HDFCBANK.NS
2022-02-09,737.0,749.8499755859375,733.5,748.7999877929688,696.587646484375,11308342,HDFCBANK.NS
2022-02-10,757.0,767.75,750.8250122070312,762.5499877929688,709.37890625,14314530,HDFCBANK.NS
2022-02-11,750.125,762.5,749.75,759.4249877929688,706.4717407226562,10711104,HDFCBANK.NS
2022-02-14,745.0,749.7249755859375,734.6500244140625,736.8499755859375,685.4708862304688,14656620,HDFCBANK.NS
2022-02-15,738.0,762.4500122070312,736.5250244140625,758.9000244140625,705.9833374023438,13135066,HDFCBANK.NS
2022-02-16,767.1749877929688,767.375,753.5,757.875,705.02978515625,10032264,HDFCBANK.NS
2022-02-17,756.5499877929688,761.0,751.0,753.25,700.7273559570312,7351208,HDFCBANK.NS
2022-02-18,749.1500244140625,758.5,745.2249755859375,756.1749877929688,703.4483642578125,7796128,HDFCBANK.NS
2022-02-21,752.0,765.3499755859375,747.7750244140625,761.0499877929688,707.9833984375,7468066,HDFCBANK.NS
2022-02-22,744.9000244140625,761.0499877929688,743.9749755859375,755.3499755859375,702.680908203125,9536196,HDFCBANK.NS
2022-02-23,762.5499877929688,762.8499755859375,747.8250122070312,750.4500122070312,698.1226806640625,9029562,HDFCBANK.NS
2022-02-24,724.9500122070312,737.4749755859375,703.5750122070312,709.7000122070312,660.2140502929688,23630766,HDFCBANK.NS
2022-02-25,719.9749755859375,732.9500122070312,716.4249877929688,728.0499877929688,677.2844848632812,18318654,HDFCBANK.NS
2022-02-28,713.0,719.2750244140625,707.0250244140625,713.125,663.4002075195312,24880832,HDFCBANK.NS
2022-03-02,693.25,699.2000122070312,677.2000122070312,687.125,639.213134765625,38505560,HDFCBANK.NS
2022-03-03,690.5,696.0,681.4500122070312,685.5,637.701416015625,17527922,HDFCBANK.NS
2022-03-04,680.0,693.0,668.4500122070312,683.25,635.6083374023438,21219364,HDFCBANK.NS
2022-03-07,659.25,666.1749877929688,648.5250244140625,662.4000244140625,616.212158203125,27054458,HDFCBANK.NS
2022-03-08,651.0999755859375,667.0,646.0,663.9000244140625,617.6076049804688,39212492,HDFCBANK.NS
2022-03-09,665.0,687.3499755859375,659.4249877929688,685.5750122070312,637.7711791992188,23134694,HDFCBANK.NS
2022-03-10,713.5,713.5,690.125,696.3499755859375,647.7948608398438,22273206,HDFCBANK.NS
2022-03-11,694.0,704.4749755859375,686.3499755859375,698.4000244140625,649.7019653320312,15150780,HDFCBANK.NS
2022-03-14,707.5,725.0,707.5,721.2750244140625,670.9818725585938,25018126,HDFCBANK.NS
2022-03-15,721.75,724.75,705.875,712.0,662.3536376953125,18867928,HDFCBANK.NS
2022-03-16,723.5,727.5,718.0999755859375,724.0750122070312,673.586669921875,13364108,HDFCBANK.NS
2022-03-17,736.0,744.9000244140625,735.2750244140625,740.0250244140625,688.4244995117188,14823954,HDFCBANK.NS
2022-03-21,743.5,746.8250122070312,736.4000244140625,743.25,691.4246215820312,12257876,HDFCBANK.NS
2022-03-22,740.6500244140625,749.0,728.5999755859375,747.0750122070312,694.9829711914062,10461814,HDFCBANK.NS
2022-03-23,753.5,759.4000244140625,736.7999877929688,739.625,688.0524291992188,31188256,HDFCBANK.NS
2022-03-24,733.0,734.8250122070312,717.2750244140625,721.3250122070312,671.0284423828125,20160044,HDFCBANK.NS
2022-03-25,725.5,726.0,709.5,715.4500122070312,665.5630493164062,16366462,HDFCBANK.NS
2022-03-28,715.4500122070312,719.0,700.7999877929688,716.4000244140625,666.44677734375,15754886,HDFCBANK.NS
2022-03-29,720.5,730.125,715.0,725.9000244140625,675.284423828125,12377448,HDFCBANK.NS
2022-03-30,736.0,741.375,727.0250244140625,738.4749755859375,686.9826049804688,20109742,HDFCBANK.NS
2022-03-31,735.5,742.3499755859375,732.9500122070312,735.1749877929688,683.9127197265625,14295714,HDFCBANK.NS
2022-04-01,738.2000122070312,755.0,735.1500244140625,753.0,700.4948120117188,14568556,HDFCBANK.NS
2022-04-04,790.0,861.0499877929688,781.2750244140625,828.4000244140625,770.6372680664062,97450970,HDFCBANK.NS
2022-04-05,833.3499755859375,833.3499755859375,801.0,804.125,748.0549926757812,30922582,HDFCBANK.NS
2022-04-06,793.8499755859375,794.9000244140625,773.6749877929688,775.4249877929688,721.3561401367188,27027860,HDFCBANK.NS
2022-04-07,770.6500244140625,770.6749877929688,756.8499755859375,758.375,705.4949951171875,40781732,HDFCBANK.NS
2022-04-08,756.0499877929688,762.875,748.6500244140625,757.3250122070312,704.5181884765625,41256322,HDFCBANK.NS
2022-04-11,753.0,755.0,746.625,748.0750122070312,695.9132080078125,20799066,HDFCBANK.NS
2022-04-12,742.0,753.4249877929688,740.0750122070312,746.75,694.6805419921875,27435402,HDFCBANK.NS
2022-04-13,745.0,751.1500244140625,731.3250122070312,732.4749755859375,681.40087890625,28892520,HDFCBANK.NS
2022-04-18,709.4249877929688,715.8250122070312,695.0250244140625,697.7249755859375,649.0739135742188,45620376,HDFCBANK.NS
2022-04-19,690.4500122070312,694.7750244140625,663.5,671.0999755859375,624.305419921875,74096022,HDFCBANK.NS
2022-04-20,677.2249755859375,679.9500122070312,667.6749877929688,677.1500244140625,629.93359375,49325736,HDFCBANK.NS
2022-04-21,682.5,689.9000244140625,676.6500244140625,687.1749877929688,639.2596435546875,52446270,HDFCBANK.NS
2022-04-22,680.0,687.6749877929688,674.5750122070312,677.7999877929688,630.538330078125,20659148,HDFCBANK.NS
2022-04-25,675.0,685.3250122070312,661.125,682.875,635.2593994140625,20935488,HDFCBANK.NS
2022-04-26,686.0,690.9749755859375,678.5750122070312,686.0250244140625,638.1898193359375,17016842,HDFCBANK.NS
2022-04-27,680.0,689.5,678.0499877929688,686.2750244140625,638.4224243164062,18054334,HDFCBANK.NS
2022-04-28,686.0,689.5,681.0499877929688,685.6749877929688,637.8641967773438,20773722,HDFCBANK.NS
2022-04-29,690.1749877929688,702.375,685.7750244140625,692.2999877929688,644.0272827148438,28401476,HDFCBANK.NS
2022-05-02,681.0250244140625,703.2249755859375,681.0250244140625,701.8499755859375,652.9113159179688,19494316,HDFCBANK.NS
2022-05-04,700.0,701.7999877929688,675.0,678.0,630.724365234375,29055916,HDFCBANK.NS
2022-05-05,687.5,687.5,673.25,676.4749755859375,629.3057250976562,17862912,HDFCBANK.NS
2022-05-06,665.0,667.5,656.5,658.7999877929688,612.8631591796875,26731268,HDFCBANK.NS
2022-05-09,650.0,663.25,647.75,659.9249877929688,613.90966796875,32762434,HDFCBANK.NS
2022-05-10,657.5250244140625,676.5,657.5250244140625,670.5250244140625,623.7705688476562,20113812,HDFCBANK.NS
2022-05-11,676.5,677.5,664.3250122070312,674.2999877929688,627.2823486328125,17102924,HDFCBANK.NS
2022-05-12,660.5499877929688,663.4000244140625,646.5,651.5250244140625,613.1425170898438,22382290,HDFCBANK.NS
2022-05-13,655.0250244140625,659.0,643.5,645.6749877929688,607.6371459960938,16768238,HDFCBANK.NS
2022-05-16,649.5,656.0,642.6500244140625,652.5499877929688,614.1071166992188,9804356,HDFCBANK.NS
2022-05-17,656.2999877929688,658.5,649.0999755859375,657.0,618.2949829101562,16641444,HDFCBANK.NS
2022-05-18,662.0250244140625,666.6500244140625,655.0,656.9500122070312,618.2479248046875,15732384,HDFCBANK.NS
2022-05-19,643.0999755859375,648.2000122070312,639.1500244140625,643.5250244140625,605.6138305664062,20537506,HDFCBANK.NS
2022-05-20,651.5,662.0999755859375,646.1749877929688,660.4749755859375,621.565185546875,13919350,HDFCBANK.NS
2022-05-23,657.0,664.9749755859375,649.5499877929688,652.0,613.5895385742188,19486320,HDFCBANK.NS
2022-05-24,650.0,662.5,648.4500122070312,659.4749755859375,620.6241455078125,12870796,HDFCBANK.NS
2022-05-25,665.0,667.9749755859375,661.5999755859375,664.4000244140625,625.259033203125,12887112,HDFCBANK.NS
2022-05-26,671.0750122070312,685.5,670.0,683.3499755859375,643.0926513671875,26992428,HDFCBANK.NS
2022-05-27,685.9000244140625,697.3499755859375,685.375,696.0250244140625,655.02099609375,24031718,HDFCBANK.NS
2022-05-30,705.125,710.25,699.2249755859375,700.7750244140625,659.4910888671875,12624674,HDFCBANK.NS
2022-05-31,697.9500122070312,702.4000244140625,690.0,694.4749755859375,653.562255859375,13485388,HDFCBANK.NS
2022-06-01,690.0,700.2249755859375,689.5750122070312,697.4249877929688,656.3384399414062,12091896,HDFCBANK.NS
2022-06-02,693.625,694.0,689.2999877929688,692.5499877929688,651.7506713867188,11475020,HDFCBANK.NS
2022-06-03,699.1500244140625,700.375,688.1500244140625,690.1500244140625,649.4920654296875,6957244,HDFCBANK.NS
2022-06-06,688.1500244140625,693.5,680.3250122070312,689.2249755859375,648.6215209960938,6173266,HDFCBANK.NS
2022-06-07,681.0,687.1500244140625,677.0499877929688,681.2999877929688,641.1633911132812,10253966,HDFCBANK.NS
2022-06-08,686.6500244140625,690.5,678.5,683.7000122070312,643.4220581054688,5986588,HDFCBANK.NS
2022-06-09,681.125,691.0250244140625,678.5750122070312,688.8499755859375,648.2685546875,7311816,HDFCBANK.NS
2022-06-10,680.0499877929688,683.9749755859375,671.7999877929688,675.5499877929688,635.7521362304688,9155430,HDFCBANK.NS
2022-06-13,661.7999877929688,665.0,654.1500244140625,663.2999877929688,624.2238159179688,10892572,HDFCBANK.NS
2022-06-14,655.625,663.0,652.5,656.0,617.3538818359375,11870356,HDFCBANK.NS
2022-06-15,650.8250122070312,657.9000244140625,649.2000122070312,653.7249755859375,615.212890625,11810470,HDFCBANK.NS
2022-06-16,655.0,660.2750244140625,639.0,640.6500244140625,602.908203125,12169192,HDFCBANK.NS
2022-06-17,637.5,649.5,635.7999877929688,644.875,606.8842163085938,14723922,HDFCBANK.NS
2022-06-20,652.3499755859375,662.5,647.0750122070312,661.0750122070312,622.1298828125,15936840,HDFCBANK.NS
2022-06-21,668.4500122070312,677.0,662.0250244140625,668.2750244140625,628.90576171875,13220684,HDFCBANK.NS
2022-06-22,666.125,668.4749755859375,661.5999755859375,665.125,625.9413452148438,8159698,HDFCBANK.NS
2022-06-23,665.25,674.0,659.25,667.5750122070312,628.2469482421875,15372244,HDFCBANK.NS
2022-06-24,669.2750244140625,680.8250122070312,669.2750244140625,676.9000244140625,637.0226440429688,8013432,HDFCBANK.NS
2022-06-27,685.0,688.0,676.0,678.125,638.1754760742188,9804164,HDFCBANK.NS
2022-06-28,672.0,675.5,669.2000122070312,672.9500122070312,633.3053588867188,9770574,HDFCBANK.NS
2022-06-29,665.625,675.375,665.625,671.9749755859375,632.3877563476562,9994046,HDFCBANK.NS
2022-06-30,668.0,677.0,668.0,674.0,634.29345703125,12475822,HDFCBANK.NS
2022-07-01,671.9749755859375,680.0,665.0250244140625,676.875,636.9991455078125,11472452,HDFCBANK.NS
2022-07-04,676.8499755859375,680.0999755859375,671.125,677.8250122070312,637.8931274414062,8487480,HDFCBANK.NS
2022-07-05,682.0,689.6749877929688,674.1500244140625,676.2999877929688,636.4580078125,14325718,HDFCBANK.NS
2022-07-06,674.0,686.7000122070312,673.5499877929688,685.625,645.2335815429688,15049078,HDFCBANK.NS
2022-07-07,690.0,699.0,687.2249755859375,697.9000244140625,656.7855224609375,17743142,HDFCBANK.NS
2022-07-08,705.0,705.0,697.375,698.5499877929688,657.397216796875,12474030,HDFCBANK.NS
2022-07-11,697.0,704.9500122070312,696.625,703.0750122070312,661.6556396484375,7462880,HDFCBANK.NS
2022-07-12,702.625,702.625,694.7000122070312,695.9000244140625,654.9033813476562,9876974,HDFCBANK.NS
2022-07-13,695.0,697.0999755859375,677.125,678.9249877929688,638.9283447265625,15945610,HDFCBANK.NS
2022-07-14,681.0,686.3250122070312,674.625,675.5250244140625,635.7286987304688,10372410,HDFCBANK.NS
2022-07-15,676.5,682.4500122070312,673.4000244140625,681.0250244140625,640.9046020507812,13595646,HDFCBANK.NS
2022-07-18,674.0,683.0499877929688,671.0250244140625,673.7750244140625,634.081787109375,20332220,HDFCBANK.NS
2022-07-19,668.5,679.2750244140625,668.5,674.0250244140625,634.3170166015625,15792538,HDFCBANK.NS
2022-07-20,679.9500122070312,685.5499877929688,677.625,682.5250244140625,642.3162841796875,20347862,HDFCBANK.NS
2022-07-21,680.2750244140625,684.75,679.0499877929688,680.375,640.2929077148438,12640278,HDFCBANK.NS
2022-07-22,683.0,698.5,681.2000122070312,696.25,655.2327270507812,12729592,HDFCBANK.NS
2022-07-25,697.5,702.2999877929688,691.6500244140625,698.2999877929688,657.161865234375,10143126,HDFCBANK.NS
2022-07-26,698.0,701.0,693.1500244140625,696.875,655.8208618164062,8527964,HDFCBANK.NS
2022-07-27,694.4500122070312,703.0,692.125,702.2000122070312,660.8321533203125,9212778,HDFCBANK.NS
2022-07-28,707.5250244140625,712.0,705.5,708.4249877929688,666.6903686523438,17420406,HDFCBANK.NS
2022-07-29,719.0,719.2999877929688,707.6500244140625,717.0999755859375,674.8543701171875,20019736,HDFCBANK.NS
2022-08-01,719.5,724.2249755859375,715.0250244140625,723.0750122070312,680.4774169921875,13193036,HDFCBANK.NS
2022-08-02,721.0,722.2999877929688,711.5250244140625,715.125,672.9957275390625,15036510,HDFCBANK.NS
2022-08-03,712.4749755859375,717.875,708.5,716.7999877929688,674.572021484375,10975498,HDFCBANK.NS
2022-08-04,720.0,723.3499755859375,706.4749755859375,715.9500122070312,673.7720947265625,12012206,HDFCBANK.NS
2022-08-05,716.5,718.4749755859375,710.5750122070312,713.5250244140625,671.4900512695312,9268982,HDFCBANK.NS
2022-08-08,714.0,732.25,713.5499877929688,731.0250244140625,687.9590454101562,15357736,HDFCBANK.NS
2022-08-10,730.6749877929688,735.75,724.5250244140625,733.1500244140625,689.9588623046875,17353102,HDFCBANK.NS
2022-08-11,743.25,745.5,737.2750244140625,742.8499755859375,699.0873413085938,18301766,HDFCBANK.NS
2022-08-12,742.5,744.6500244140625,737.9749755859375,742.5750122070312,698.8285522460938,8850370,HDFCBANK.NS
2022-08-16,747.4000244140625,754.25,744.0250244140625,751.0750122070312,706.827880859375,12563756,HDFCBANK.NS
2022-08-17,750.0,756.375,742.875,754.9500122070312,710.4745483398438,12384350,HDFCBANK.NS
2022-08-18,750.0,756.9500122070312,749.8250122070312,755.8499755859375,711.321533203125,8342138,HDFCBANK.NS
2022-08-19,755.0,756.0,745.0,746.5250244140625,702.5458984375,8063702,HDFCBANK.NS
2022-08-22,742.4000244140625,744.1749877929688,733.8499755859375,735.1749877929688,691.8645629882812,8234066,HDFCBANK.NS
2022-08-23,726.6500244140625,737.9749755859375,725.2000122070312,732.9000244140625,689.7236328125,14966884,HDFCBANK.NS
2022-08-24,730.9500122070312,737.75,729.5999755859375,736.4249877929688,693.0408935546875,13455520,HDFCBANK.NS
2022-08-25,739.9500122070312,743.4000244140625,728.5,732.4249877929688,689.2765502929688,11823040,HDFCBANK.NS
2022-08-26,736.0250244140625,740.9000244140625,730.5999755859375,732.5499877929688,689.3941650390625,7706176,HDFCBANK.NS
2022-08-29,718.5,723.0,714.2999877929688,719.7000122070312,677.30126953125,8653178,HDFCBANK.NS
2022-08-30,723.2249755859375,744.9749755859375,721.5499877929688,743.0499877929688,699.2755737304688,10135400,HDFCBANK.NS
2022-09-01,732.375,744.7249755859375,729.5,736.0750122070312,692.7115478515625,22403136,HDFCBANK.NS
2022-09-02,736.0750122070312,745.25,732.5999755859375,742.75,698.9932861328125,12038086,HDFCBANK.NS
2022-09-05,743.0499877929688,749.5,742.0499877929688,747.5250244140625,703.4869995117188,12131932,HDFCBANK.NS
2022-09-06,749.4500122070312,753.3250122070312,743.2249755859375,744.6749877929688,700.8048706054688,12238696,HDFCBANK.NS
2022-09-07,735.6500244140625,745.0,735.6500244140625,741.1500244140625,697.487548828125,9776206,HDFCBANK.NS
2022-09-08,745.0499877929688,750.0,741.0750122070312,748.7999877929688,704.6868286132812,11164690,HDFCBANK.NS
2022-09-09,748.0999755859375,754.5,747.0250244140625,749.2999877929688,705.1573486328125,15128888,HDFCBANK.NS
2022-09-12,750.0,752.0,745.0,746.7750244140625,702.7811889648438,11080492,HDFCBANK.NS
2022-09-13,749.4500122070312,757.9500122070312,749.2750244140625,756.5499877929688,711.9802856445312,13001966,HDFCBANK.NS
2022-09-14,747.0250244140625,769.4500122070312,746.1749877929688,764.3250122070312,719.2973022460938,20219760,HDFCBANK.NS
2022-09-15,765.0,770.4749755859375,756.0,760.3499755859375,715.5564575195312,13539372,HDFCBANK.NS
2022-09-16,751.5499877929688,757.3499755859375,741.5,746.375,702.40478515625,20560046,HDFCBANK.NS
2022-09-19,744.5,757.0,740.0,751.2999877929688,707.03955078125,12076038,HDFCBANK.NS
2022-09-20,757.0,762.0,754.9500122070312,760.3499755859375,715.5564575195312,10781668,HDFCBANK.NS
2022-09-21,754.0,760.75,752.5,759.1749877929688,714.45068359375,9072304,HDFCBANK.NS
2022-09-22,751.0,755.0750122070312,741.375,743.0,699.228515625,12048144,HDFCBANK.NS
2022-09-23,736.1749877929688,737.5,718.5,723.0750122070312,680.4774169921875,15806252,HDFCBANK.NS
2022-09-26,712.6749877929688,718.2249755859375,709.0,713.3250122070312,671.3018188476562,8923486,HDFCBANK.NS
2022-09-27,716.2000122070312,720.0,703.5,706.9249877929688,665.27880859375,12639700,HDFCBANK.NS
2022-09-28,703.0,705.2999877929688,692.9500122070312,694.7750244140625,653.8446655273438,11816132,HDFCBANK.NS
2022-09-29,698.1500244140625,701.0999755859375,689.4000244140625,691.1749877929688,650.4566650390625,14410388,HDFCBANK.NS
2022-09-30,689.4000244140625,715.7249755859375,682.5,710.6749877929688,668.807861328125,15781756,HDFCBANK.NS
2022-10-03,704.9749755859375,708.9249877929688,700.5499877929688,706.5999755859375,664.972900390625,11541112,HDFCBANK.NS
2022-10-04,714.75,729.0,713.0750122070312,726.5,683.7006225585938,11538526,HDFCBANK.NS
2022-10-06,729.9749755859375,731.2999877929688,717.0999755859375,718.5,676.171875,12549198,HDFCBANK.NS
2022-10-07,715.125,717.4749755859375,710.1749877929688,715.4000244140625,673.2545166015625,13297994,HDFCBANK.NS
2022-10-10,704.0,713.0,699.0999755859375,707.5,665.8199462890625,13109302,HDFCBANK.NS
2022-10-11,700.5499877929688,708.5,699.7249755859375,700.3250122070312,659.067626953125,14521620,HDFCBANK.NS
2022-10-12,701.5999755859375,707.4249877929688,698.6500244140625,704.9000244140625,663.3731689453125,9225050,HDFCBANK.NS
2022-10-13,701.0250244140625,703.125,692.0,696.7999877929688,655.7503051757812,14714234,HDFCBANK.NS
2022-10-14,708.5,723.5,707.625,719.5,677.1129760742188,12849920,HDFCBANK.NS
2022-10-17,717.5,728.7999877929688,713.5,723.2750244140625,680.6656494140625,18410500,HDFCBANK.NS
2022-10-18,729.0250244140625,731.4500122070312,720.0,721.9249877929688,679.3951416015625,10561108,HDFCBANK.NS
2022-10-19,732.0,738.7000122070312,726.7000122070312,729.3250122070312,686.3591918945312,12967040,HDFCBANK.NS
2022-10-20,722.0,726.4500122070312,721.25,724.4000244140625,681.724365234375,7898078,HDFCBANK.NS
2022-10-21,726.0,728.8250122070312,717.0,719.2999877929688,676.9247436523438,10492606,HDFCBANK.NS
2022-10-24,727.1500244140625,731.5,727.1500244140625,730.5250244140625,687.488525390625,2167794,HDFCBANK.NS
2022-10-25,730.5499877929688,733.9000244140625,722.5,725.4500122070312,682.7124633789062,13773394,HDFCBANK.NS
2022-10-27,732.25,733.6749877929688,725.625,727.2000122070312,684.3593139648438,15937276,HDFCBANK.NS
2022-10-28,725.0,733.5,723.7000122070312,729.3499755859375,686.3826904296875,10474278,HDFCBANK.NS
2022-10-31,736.0,749.0,733.625,748.3499755859375,704.2633666992188,12830528,HDFCBANK.NS
2022-11-01,751.75,764.5,749.4500122070312,756.625,712.0509033203125,19073756,HDFCBANK.NS
2022-11-02,758.5,764.125,755.7999877929688,757.0999755859375,712.4978637695312,12720406,HDFCBANK.NS
2022-11-03,748.8499755859375,760.125,748.5,753.7750244140625,709.3687744140625,10332352,HDFCBANK.NS
2022-11-04,751.5999755859375,758.0499877929688,744.7999877929688,748.5750122070312,704.4751586914062,10818060,HDFCBANK.NS
2022-11-07,755.0,756.0,746.0499877929688,754.4000244140625,709.9569702148438,9835834,HDFCBANK.NS
2022-11-09,757.5250244140625,758.9749755859375,752.0,754.1749877929688,709.7452392578125,9269790,HDFCBANK.NS
2022-11-10,748.5499877929688,763.5,747.5250244140625,762.375,717.4620971679688,12774182,HDFCBANK.NS
2022-11-11,772.5,818.5,769.0,805.5750122070312,758.1171875,56722338,HDFCBANK.NS
2022-11-14,806.0,814.0,799.0,807.5250244140625,759.9522705078125,19195390,HDFCBANK.NS
2022-11-15,811.5750122070312,811.5750122070312,802.625,809.5,761.8109130859375,11030202,HDFCBANK.NS
2022-11-16,809.3250122070312,821.0,806.0,816.4500122070312,768.3515014648438,13578150,HDFCBANK.NS
2022-11-17,809.0499877929688,815.7750244140625,806.9500122070312,809.0750122070312,761.4109497070312,12100930,HDFCBANK.NS
2022-11-18,810.5,811.5,802.625,806.9500122070312,759.4111328125,10459232,HDFCBANK.NS
2022-11-21,803.8250122070312,806.0,795.0999755859375,798.6749877929688,751.6236572265625,8344816,HDFCBANK.NS
2022-11-22,800.0,802.1749877929688,795.5,797.5,750.5178833007812,8546314,HDFCBANK.NS
2022-11-23,802.5,802.5,797.0,799.5750122070312,752.4706420898438,10185738,HDFCBANK.NS
2022-11-24,802.9749755859375,816.0,799.5750122070312,812.5750122070312,764.7047729492188,17197960,HDFCBANK.NS
2022-11-25,814.8499755859375,815.8499755859375,807.0499877929688,808.8250122070312,761.1757202148438,8410496,HDFCBANK.NS
2022-11-28,801.4500122070312,803.7249755859375,797.0250244140625,800.125,752.9882202148438,16105980,HDFCBANK.NS
2022-11-29,798.625,806.1749877929688,796.4249877929688,798.9249877929688,751.85888671875,12638236,HDFCBANK.NS
2022-11-30,798.5499877929688,806.4500122070312,798.5499877929688,804.2249755859375,756.8466186523438,15184806,HDFCBANK.NS
2022-12-01,811.0,818.5,807.5,809.75,762.0462036132812,20446366,HDFCBANK.NS
2022-12-02,805.0,809.2999877929688,802.5750122070312,803.5499877929688,756.2114868164062,7811078,HDFCBANK.NS
2022-12-05,804.9749755859375,807.2999877929688,798.0999755859375,806.4749755859375,758.9640502929688,11592622,HDFCBANK.NS
2022-12-06,800.5,806.8499755859375,800.0,805.5750122070312,758.1171875,12353092,HDFCBANK.NS
2022-12-07,807.0750122070312,809.2999877929688,802.2249755859375,805.2249755859375,757.7877807617188,11674720,HDFCBANK.NS
2022-12-08,805.0,813.0,802.5,809.75,762.0462036132812,14803634,HDFCBANK.NS
2022-12-09,813.0,817.4249877929688,810.0,815.5250244140625,767.4810180664062,11963384,HDFCBANK.NS
2022-12-12,812.5,826.7999877929688,810.7000122070312,821.875,773.4569091796875,14434808,HDFCBANK.NS
2022-12-13,825.0,828.5,822.5,824.1500244140625,775.597900390625,17031702,HDFCBANK.NS
2022-12-14,826.5,832.75,825.0,831.125,782.1619262695312,14227640,HDFCBANK.NS
2022-12-15,828.5250244140625,834.7000122070312,813.5250244140625,815.9000244140625,767.8339233398438,18182648,HDFCBANK.NS
2022-12-16,810.0250244140625,822.5499877929688,804.5,819.8250122070312,771.5276489257812,14647958,HDFCBANK.NS
2022-12-19,822.0,823.3250122070312,813.0999755859375,822.375,773.9274291992188,9604542,HDFCBANK.NS
2022-12-20,810.0999755859375,818.2000122070312,810.0999755859375,816.7000122070312,768.5867919921875,7174698,HDFCBANK.NS
2022-12-21,820.5,822.4000244140625,803.2750244140625,808.7999877929688,761.1522216796875,9269198,HDFCBANK.NS
2022-12-22,811.0999755859375,813.75,804.5,806.0250244140625,758.5407104492188,9747096,HDFCBANK.NS
2022-12-23,793.5,802.0750122070312,792.7249755859375,798.8250122070312,751.7647705078125,10693152,HDFCBANK.NS
2022-12-26,799.75,819.5,795.0,814.7249755859375,766.7280883789062,9907322,HDFCBANK.NS
2022-12-27,816.5,817.9749755859375,806.75,815.5499877929688,767.5045166015625,7926772,HDFCBANK.NS
2022-12-28,811.5499877929688,816.5,811.5499877929688,814.9000244140625,766.8927612304688,8691870,HDFCBANK.NS
2022-12-29,810.0499877929688,821.75,805.5,820.6500244140625,772.3040771484375,11012896,HDFCBANK.NS
2022-12-30,822.5,822.5,810.0,814.0750122070312,766.116455078125,7122640,HDFCBANK.NS
2023-01-02,813.5,819.875,809.2750244140625,814.3499755859375,766.375244140625,4381378,HDFCBANK.NS
2023-01-03,811.0999755859375,821.5,811.0999755859375,819.6749877929688,771.386474609375,8378030,HDFCBANK.NS
2023-01-04,817.5,822.875,803.5,805.0250244140625,757.599609375,10351600,HDFCBANK.NS
2023-01-05,807.5,809.0250244140625,794.7000122070312,799.8499755859375,752.7294311523438,10941436,HDFCBANK.NS
2023-01-06,801.0,804.5499877929688,789.0999755859375,797.2000122070312,750.2355346679688,9092462,HDFCBANK.NS
2023-01-09,798.0,805.7750244140625,795.0,798.75,751.6942138671875,10729340,HDFCBANK.NS
2023-01-10,800.0,800.0,782.5,784.1500244140625,737.954345703125,16371766,HDFCBANK.NS
2023-01-11,783.9749755859375,799.0,780.0,795.4500122070312,748.588623046875,15195798,HDFCBANK.NS
2023-01-12,793.9000244140625,801.9500122070312,792.0750122070312,799.7000122070312,752.5882568359375,9250070,HDFCBANK.NS
2023-01-13,799.375,804.9500122070312,793.0,800.3250122070312,753.1764526367188,9244546,HDFCBANK.NS
2023-01-16,807.5,810.6500244140625,790.1500244140625,792.6500244140625,745.95361328125,14748094,HDFCBANK.NS
2023-01-17,794.9000244140625,805.5,788.75,804.4500122070312,757.0584716796875,10786354,HDFCBANK.NS
2023-01-18,802.5,820.7999877929688,799.8499755859375,818.6500244140625,770.4219360351562,19090642,HDFCBANK.NS
2023-01-19,818.5,825.0,816.5,822.0499877929688,773.62158203125,11172162,HDFCBANK.NS
2023-01-20,822.0499877929688,834.5,821.7000122070312,830.4749755859375,781.5502319335938,18843404,HDFCBANK.NS
2023-01-23,833.125,841.2999877929688,830.7000122070312,836.5499877929688,787.2673950195312,15444400,HDFCBANK.NS
2023-01-24,837.5250244140625,851.2000122070312,837.5,847.75,797.8075561523438,24983940,HDFCBANK.NS
2023-01-25,845.7000122070312,846.4749755859375,822.6500244140625,824.3250122070312,775.7625732421875,14704142,HDFCBANK.NS
2023-01-27,816.0,818.5,794.9749755859375,807.9000244140625,760.30517578125,35179948,HDFCBANK.NS
2023-01-30,797.5,812.6500244140625,791.0,807.0750122070312,759.52880859375,18512822,HDFCBANK.NS
2023-01-31,809.8499755859375,811.3499755859375,797.5,801.75,754.5175170898438,18596244,HDFCBANK.NS
2023-02-01,812.0,832.5,803.0,813.7750244140625,765.8340454101562,17302790,HDFCBANK.NS
2023-02-02,804.0499877929688,812.25,794.375,801.6749877929688,754.4468994140625,17497106,HDFCBANK.NS
2023-02-03,805.5,830.25,803.5,829.4000244140625,780.53857421875,14411100,HDFCBANK.NS
2023-02-06,830.0,834.7000122070312,823.0999755859375,825.875,777.2213134765625,11167672,HDFCBANK.NS
2023-02-07,829.7000122070312,832.4500122070312,816.2999877929688,827.0999755859375,778.3740234375,10264588,HDFCBANK.NS
2023-02-08,827.125,834.0999755859375,825.0,827.0,778.280029296875,8444826,HDFCBANK.NS
2023-02-09,830.0,830.8250122070312,817.7750244140625,825.2750244140625,776.6566162109375,11777336,HDFCBANK.NS
2023-02-10,824.4000244140625,829.25,821.0999755859375,828.5499877929688,779.7386474609375,8172116,HDFCBANK.NS
2023-02-13,827.5,830.875,822.2750244140625,829.1749877929688,780.3268432617188,5736944,HDFCBANK.NS
2023-02-14,832.5,838.75,828.9749755859375,836.8499755859375,787.5496826171875,10908592,HDFCBANK.NS
2023-02-15,839.0,839.0,828.375,835.1500244140625,785.9498901367188,11438712,HDFCBANK.NS
2023-02-16,836.5999755859375,840.9500122070312,830.5,832.125,783.1030883789062,8062500,HDFCBANK.NS
2023-02-17,830.5,834.0750122070312,821.4749755859375,827.9500122070312,779.1740112304688,8956270,HDFCBANK.NS
2023-02-20,830.0,834.7249755859375,817.4000244140625,820.1749877929688,771.8569946289062,8086706,HDFCBANK.NS
2023-02-21,820.0,831.1749877929688,817.0,823.25,774.7508544921875,12389296,HDFCBANK.NS
2023-02-22,819.5,820.9749755859375,804.5250244140625,807.0999755859375,759.5523071289062,10359102,HDFCBANK.NS
2023-02-23,806.5,809.4249877929688,796.0499877929688,801.625,754.3998413085938,27882010,HDFCBANK.NS
2023-02-24,808.9500122070312,808.9500122070312,792.5999755859375,794.4749755859375,747.6710815429688,17061740,HDFCBANK.NS
2023-02-27,792.9500122070312,799.5,788.6500244140625,796.4500122070312,749.52978515625,14312972,HDFCBANK.NS
2023-02-28,796.0,802.6500244140625,794.3499755859375,799.7999877929688,752.682373046875,18993992,HDFCBANK.NS
2023-03-01,806.0,806.5,797.875,799.0250244140625,751.9530639648438,14137256,HDFCBANK.NS
2023-03-02,797.0,802.9749755859375,791.0,792.2249755859375,745.5535888671875,17391814,HDFCBANK.NS
2023-03-03,798.0,810.0,794.0,807.9500122070312,760.3522338867188,14986234,HDFCBANK.NS
2023-03-06,810.0,819.7249755859375,809.0250244140625,813.6500244140625,765.7164916992188,27004710,HDFCBANK.NS
2023-03-08,810.0,819.75,810.0,815.2750244140625,767.2457885742188,20099774,HDFCBANK.NS
2023-03-09,814.9749755859375,822.9749755859375,813.5,815.3499755859375,767.3162841796875,20700166,HDFCBANK.NS
2023-03-10,805.2249755859375,806.875,792.5,794.3250122070312,747.5299072265625,27387000,HDFCBANK.NS
2023-03-13,793.9500122070312,801.9000244140625,782.4749755859375,784.2750244140625,738.0719604492188,26443550,HDFCBANK.NS
2023-03-14,785.125,791.7999877929688,779.6500244140625,782.1749877929688,736.095703125,33185612,HDFCBANK.NS
2023-03-15,789.0,791.4500122070312,768.2999877929688,770.9500122070312,725.5320434570312,37264754,HDFCBANK.NS
2023-03-16,769.5,779.5499877929688,766.0250244140625,775.9500122070312,730.2374267578125,21753342,HDFCBANK.NS
2023-03-17,778.75,789.5999755859375,770.0,786.3250122070312,740.0011596679688,22950876,HDFCBANK.NS
2023-03-20,783.9749755859375,784.0499877929688,772.7000122070312,780.875,734.872314453125,26503114,HDFCBANK.NS
2023-03-21,785.9749755859375,791.25,778.0999755859375,789.7249755859375,743.200927734375,33050494,HDFCBANK.NS
2023-03-22,792.0,793.0250244140625,782.6500244140625,787.9000244140625,741.4834594726562,14177324,HDFCBANK.NS
2023-03-23,783.875,795.1749877929688,779.2750244140625,781.5750122070312,735.531005859375,28364178,HDFCBANK.NS
2023-03-24,780.0,786.9500122070312,777.4749755859375,780.3250122070312,734.3546752929688,31477748,HDFCBANK.NS
2023-03-27,781.0999755859375,789.7249755859375,779.4500122070312,783.7249755859375,737.5543212890625,31872006,HDFCBANK.NS
2023-03-28,782.8499755859375,791.4500122070312,782.0499877929688,790.0999755859375,743.5537719726562,39276302,HDFCBANK.NS
2023-03-29,792.0,801.0,790.9500122070312,793.9000244140625,747.1300048828125,39763612,HDFCBANK.NS
2023-03-31,797.7999877929688,806.4749755859375,796.2000122070312,804.7750244140625,757.3642578125,34711228,HDFCBANK.NS
2023-04-03,803.7750244140625,807.8499755859375,801.375,805.2750244140625,757.8348388671875,40025398,HDFCBANK.NS
2023-04-05,809.2999877929688,828.0,808.0,826.875,778.162353515625,43365392,HDFCBANK.NS
2023-04-06,824.2750244140625,834.5999755859375,823.5499877929688,833.1749877929688,784.0912475585938,44637344,HDFCBANK.NS
2023-04-10,831.625,835.5,827.0,829.2249755859375,780.3738403320312,31813286,HDFCBANK.NS
2023-04-11,829.5,834.7000122070312,825.5499877929688,831.6500244140625,782.6560668945312,42361542,HDFCBANK.NS
2023-04-12,834.0,844.0999755859375,833.9000244140625,842.4500122070312,792.81982421875,26955504,HDFCBANK.NS
2023-04-13,844.1500244140625,848.5250244140625,839.0750122070312,846.2249755859375,796.372314453125,35330086,HDFCBANK.NS
2023-04-17,860.0,860.0,826.6500244140625,833.3250122070312,784.2323608398438,32405148,HDFCBANK.NS
2023-04-18,835.0,838.625,828.2000122070312,829.7999877929688,780.9150390625,29637226,HDFCBANK.NS
2023-04-19,832.5,835.1500244140625,828.5750122070312,832.8499755859375,783.7853393554688,24741168,HDFCBANK.NS
2023-04-20,835.8499755859375,838.7249755859375,833.2000122070312,835.9500122070312,786.7027587890625,32922716,HDFCBANK.NS
2023-04-21,834.5,838.4749755859375,831.625,837.2999877929688,787.97314453125,20128618,HDFCBANK.NS
2023-04-24,843.5,845.7249755859375,837.0499877929688,844.0750122070312,794.34912109375,35675852,HDFCBANK.NS
2023-04-25,843.8499755859375,843.8499755859375,830.9500122070312,832.0750122070312,783.0560302734375,50353068,HDFCBANK.NS
2023-04-26,830.0,837.5,827.5,835.9000244140625,786.6556396484375,27392750,HDFCBANK.NS
2023-04-27,835.25,842.625,832.9249877929688,840.5,790.9846801757812,47790392,HDFCBANK.NS
2023-04-28,842.3499755859375,845.5,835.0,843.7999877929688,794.0902709960938,27916272,HDFCBANK.NS
2023-05-02,844.3499755859375,849.5,841.0,843.625,793.925537109375,32221184,HDFCBANK.NS
2023-05-03,842.4749755859375,848.0,839.8250122070312,846.5750122070312,796.7017822265625,29407270,HDFCBANK.NS
2023-05-04,843.5499877929688,867.2249755859375,843.5499877929688,863.9000244140625,813.006103515625,56854638,HDFCBANK.NS
2023-05-05,819.5,830.4749755859375,811.0499877929688,812.8250122070312,764.9400634765625,62770416,HDFCBANK.NS
2023-05-08,817.5,825.1749877929688,815.0,822.2249755859375,773.7863159179688,37244524,HDFCBANK.NS
2023-05-09,824.9500122070312,828.0,819.9749755859375,822.25,773.809814453125,43688938,HDFCBANK.NS
2023-05-10,822.25,827.3250122070312,816.5499877929688,826.0499877929688,777.3859252929688,46340550,HDFCBANK.NS
2023-05-11,832.5750122070312,844.0,824.625,826.5999755859375,777.9035034179688,35734618,HDFCBANK.NS
2023-05-12,823.5,836.4000244140625,822.125,833.9000244140625,784.7734985351562,22478760,HDFCBANK.NS
2023-05-15,836.0,840.375,832.5499877929688,837.9000244140625,788.5379028320312,18512260,HDFCBANK.NS
2023-05-16,835.9000244140625,835.9000244140625,822.0,823.6500244140625,784.0164184570312,32722086,HDFCBANK.NS
2023-05-17,825.0,825.0,812.6749877929688,819.2249755859375,779.8043212890625,30466868,HDFCBANK.NS
2023-05-18,824.0,826.9749755859375,820.0,822.5,782.9217529296875,49646942,HDFCBANK.NS
2023-05-19,824.0,825.0,815.7750244140625,823.4500122070312,783.8260498046875,30460332,HDFCBANK.NS
2023-05-22,822.5,826.4500122070312,816.3499755859375,820.5250244140625,781.0418090820312,28334032,HDFCBANK.NS
2023-05-23,824.5,824.7999877929688,816.7249755859375,818.5999755859375,779.2094116210938,22470074,HDFCBANK.NS
2023-05-24,813.7750244140625,817.375,806.7999877929688,807.9000244140625,769.0242919921875,33588112,HDFCBANK.NS
2023-05-25,807.8499755859375,810.0250244140625,798.6749877929688,804.7999877929688,766.0734252929688,29776930,HDFCBANK.NS
2023-05-26,809.5,809.5,801.125,807.9000244140625,769.0242919921875,26635066,HDFCBANK.NS
2023-05-29,814.25,820.5,812.4249877929688,817.75,778.4003295898438,21816292,HDFCBANK.NS
2023-05-30,816.7999877929688,821.3250122070312,814.2750244140625,818.375,778.9952392578125,37125928,HDFCBANK.NS
2023-05-31,814.9500122070312,817.4749755859375,802.3250122070312,805.4249877929688,766.6683959960938,43334270,HDFCBANK.NS
2023-06-01,809.9500122070312,809.9500122070312,800.0,802.0,763.4081420898438,50366938,HDFCBANK.NS
2023-06-02,806.2249755859375,807.4000244140625,800.5,803.25,764.5980834960938,17859710,HDFCBANK.NS
2023-06-05,807.25,808.25,801.2249755859375,802.2000122070312,763.5985717773438,18697242,HDFCBANK.NS
2023-06-06,803.8250122070312,804.9249877929688,796.125,799.7000122070312,761.2188720703125,32182852,HDFCBANK.NS
2023-06-07,801.7249755859375,806.2750244140625,798.0,803.8499755859375,765.1691284179688,24949026,HDFCBANK.NS
2023-06-08,801.625,813.0,801.625,804.3499755859375,765.6450805664062,37395522,HDFCBANK.NS
2023-06-09,807.9500122070312,809.25,803.5,805.2999877929688,766.5493774414062,18212578,HDFCBANK.NS
2023-06-12,806.2750244140625,807.9000244140625,799.7249755859375,800.4000244140625,761.8851928710938,13408292,HDFCBANK.NS
2023-06-13,795.0499877929688,804.5,795.0499877929688,801.75,763.1702270507812,27926108,HDFCBANK.NS
2023-06-14,805.2249755859375,806.0,800.0999755859375,800.875,762.3373413085938,20113968,HDFCBANK.NS
2023-06-15,802.0,802.9749755859375,789.5,791.0250244140625,752.9613037109375,35377476,HDFCBANK.NS
2023-06-16,793.5750122070312,804.5999755859375,792.0,801.375,762.813232421875,15779272,HDFCBANK.NS
2023-06-19,805.5,807.125,799.1749877929688,802.0750122070312,763.4795532226562,24829146,HDFCBANK.NS
2023-06-20,802.0750122070312,805.5,795.3250122070312,803.75,765.073974609375,20005626,HDFCBANK.NS
2023-06-21,808.0,818.625,805.5,817.7999877929688,778.4478759765625,24308946,HDFCBANK.NS
2023-06-22,820.0,828.7750244140625,819.5250244140625,821.7999877929688,782.2554321289062,56596140,HDFCBANK.NS
2023-06-23,818.7750244140625,829.9500122070312,817.0250244140625,821.75,782.2078247070312,21339218,HDFCBANK.NS
2023-06-26,822.5,825.375,814.3499755859375,817.7750244140625,778.4241333007812,16130314,HDFCBANK.NS
2023-06-27,821.4749755859375,836.4500122070312,819.2750244140625,829.2999877929688,789.3944702148438,33831864,HDFCBANK.NS
2023-06-28,835.0,839.9500122070312,830.25,838.0750122070312,797.747314453125,59562950,HDFCBANK.NS
2023-06-30,852.0,854.4000244140625,841.625,850.7000122070312,809.7648315429688,40699016,HDFCBANK.NS
2023-07-03,856.25,878.75,855.0,859.9000244140625,818.5220947265625,44104116,HDFCBANK.NS
2023-07-04,861.7249755859375,873.5,856.9000244140625,864.0999755859375,822.5198974609375,38795188,HDFCBANK.NS
2023-07-05,858.125,860.0,834.2750244140625,836.6500244140625,796.390869140625,37165754,HDFCBANK.NS
2023-07-06,836.5,843.9249877929688,830.2000122070312,837.5,797.199951171875,52156544,HDFCBANK.NS
2023-07-07,832.5,837.5,828.1500244140625,830.2000122070312,790.251220703125,19926336,HDFCBANK.NS
2023-07-10,830.5,838.375,824.8499755859375,828.2249755859375,788.3712158203125,38398442,HDFCBANK.NS
2023-07-11,831.5,838.0,822.75,824.2000122070312,784.5399780273438,50670426,HDFCBANK.NS
2023-07-12,827.6749877929688,833.1500244140625,813.5750122070312,816.4749755859375,777.1866455078125,70958358,HDFCBANK.NS
2023-07-13,828.3499755859375,828.7249755859375,819.0250244140625,820.5499877929688,781.0655517578125,41913546,HDFCBANK.NS
2023-07-14,826.7999877929688,826.7999877929688,817.5,822.25,782.6837768554688,24727214,HDFCBANK.NS
2023-07-17,825.0,841.0,816.5,839.4500122070312,799.05615234375,49252928,HDFCBANK.NS
2023-07-18,849.0,852.0,835.0,838.75,798.3898315429688,81076818,HDFCBANK.NS
2023-07-19,840.5499877929688,844.375,837.5,842.5499877929688,802.0068969726562,32935134,HDFCBANK.NS
2023-07-20,840.5750122070312,846.0,840.0,844.375,803.744140625,56210948,HDFCBANK.NS
2023-07-21,840.0,844.9000244140625,836.625,837.875,797.556884765625,42154248,HDFCBANK.NS
2023-07-24,839.25,842.3250122070312,835.0499877929688,839.2000122070312,798.8181762695312,32179444,HDFCBANK.NS
2023-07-25,842.3250122070312,849.5,839.2000122070312,848.2999877929688,807.480224609375,55992596,HDFCBANK.NS
2023-07-26,849.7999877929688,849.7999877929688,844.0,845.3499755859375,804.6721801757812,24794358,HDFCBANK.NS
2023-07-27,849.9500122070312,851.5,833.7249755859375,836.5750122070312,796.3194580078125,59741302,HDFCBANK.NS
2023-07-28,830.75,834.4500122070312,820.5499877929688,821.75,782.2078247070312,41015684,HDFCBANK.NS
2023-07-31,825.0250244140625,828.4000244140625,819.3499755859375,825.5999755859375,785.87255859375,34565006,HDFCBANK.NS
2023-08-01,827.2249755859375,833.7249755859375,825.0,831.125,791.1317138671875,35394188,HDFCBANK.NS
2023-08-02,821.0,825.75,816.5750122070312,820.25,780.7799682617188,28116322,HDFCBANK.NS
2023-08-03,820.0,825.6749877929688,811.5,814.3250122070312,775.14013671875,57673946,HDFCBANK.NS
2023-08-04,817.5750122070312,828.25,814.625,826.0999755859375,786.3485107421875,37388304,HDFCBANK.NS
2023-08-07,831.5499877929688,831.5499877929688,823.7750244140625,825.625,785.8964233398438,28300918,HDFCBANK.NS
2023-08-08,825.8499755859375,827.7999877929688,821.0250244140625,824.9500122070312,785.25390625,43773828,HDFCBANK.NS
2023-08-09,826.5,827.25,815.5499877929688,825.25,785.5394287109375,33361236,HDFCBANK.NS
2023-08-10,823.5250244140625,827.125,815.5,817.9249877929688,778.56689453125,50781118,HDFCBANK.NS
2023-08-11,819.2000122070312,819.2000122070312,808.0999755859375,809.4000244140625,770.4521484375,28225822,HDFCBANK.NS
2023-08-14,805.5,807.5,800.125,805.4500122070312,766.6921997070312,31304410,HDFCBANK.NS
2023-08-16,791.5499877929688,804.8250122070312,790.6500244140625,803.0999755859375,764.4552612304688,34137542,HDFCBANK.NS
2023-08-17,798.7999877929688,804.9500122070312,797.0,798.6500244140625,760.2194213867188,52884040,HDFCBANK.NS
2023-08-18,793.7750244140625,798.1500244140625,792.75,795.375,757.1019897460938,25633366,HDFCBANK.NS
2023-08-21,800.25,800.25,793.5,794.75,756.507080078125,21837270,HDFCBANK.NS
2023-08-22,798.1749877929688,799.0,790.0,791.3499755859375,753.2706298828125,32273570,HDFCBANK.NS
2023-08-23,790.0,795.2750244140625,786.625,793.2999877929688,755.1268310546875,36498588,HDFCBANK.NS
2023-08-24,796.6500244140625,798.0999755859375,788.0750122070312,789.6500244140625,751.6524658203125,43145792,HDFCBANK.NS
2023-08-25,787.2750244140625,788.75,779.2000122070312,780.75,743.1807250976562,30069756,HDFCBANK.NS
2023-08-28,780.75,791.3250122070312,780.75,788.875,750.9147338867188,28867238,HDFCBANK.NS
2023-08-29,794.8499755859375,796.3250122070312,790.7249755859375,795.1500244140625,756.8878173828125,35538932,HDFCBANK.NS
2023-08-30,801.9749755859375,801.9749755859375,786.8499755859375,789.3499755859375,751.3668823242188,28084204,HDFCBANK.NS
2023-08-31,789.5,791.5750122070312,781.5499877929688,785.7249755859375,747.9163208007812,100075772,HDFCBANK.NS
2023-09-01,785.5,789.5,779.6749877929688,787.3499755859375,749.463134765625,43226776,HDFCBANK.NS
2023-09-04,795.0,795.7249755859375,787.4500122070312,792.2750244140625,754.151123046875,25073638,HDFCBANK.NS
2023-09-05,794.2000122070312,794.2000122070312,785.2999877929688,787.4500122070312,749.558349609375,38712082,HDFCBANK.NS
2023-09-06,788.4000244140625,800.0,787.4500122070312,797.75,759.3627319335938,56320910,HDFCBANK.NS
2023-09-07,797.75,807.0,793.5750122070312,805.4249877929688,766.6683959960938,34208342,HDFCBANK.NS
2023-09-08,804.1500244140625,816.4500122070312,803.7999877929688,811.7000122070312,772.6414794921875,34502210,HDFCBANK.NS
2023-09-11,814.4500122070312,818.25,812.0,815.9000244140625,776.639404296875,31573022,HDFCBANK.NS
2023-09-12,820.0,821.4500122070312,812.5250244140625,818.4500122070312,779.066650390625,39033340,HDFCBANK.NS
2023-09-13,815.6500244140625,825.7999877929688,814.2999877929688,821.9500122070312,782.3982543945312,46420094,HDFCBANK.NS
2023-09-14,822.125,825.0,817.5499877929688,821.4500122070312,781.9223022460938,23538848,HDFCBANK.NS
2023-09-15,825.0,835.0,825.0,830.875,790.8937377929688,173411202,HDFCBANK.NS
2023-09-18,826.875,827.5,813.0499877929688,814.5250244140625,775.3305053710938,37056288,HDFCBANK.NS
2023-09-20,799.5,799.5,780.2000122070312,781.8499755859375,744.227783203125,115474648,HDFCBANK.NS
2023-09-21,776.5,784.4749755859375,768.5250244140625,776.6749877929688,739.3018188476562,72841442,HDFCBANK.NS
2023-09-22,779.5,782.2000122070312,761.875,764.8250122070312,728.0220336914062,61704250,HDFCBANK.NS
2023-09-25,762.5,770.3499755859375,762.5,765.5,728.66455078125,40208754,HDFCBANK.NS
2023-09-26,762.5,770.0,762.5,768.8250122070312,731.82958984375,27575308,HDFCBANK.NS
2023-09-27,761.5,766.25,757.5,763.4249877929688,726.6893920898438,39338538,HDFCBANK.NS
2023-09-28,767.0,768.7999877929688,759.1749877929688,761.8499755859375,725.190185546875,55354188,HDFCBANK.NS
2023-09-29,761.8499755859375,767.7249755859375,761.1500244140625,763.1500244140625,726.4276733398438,32053782,HDFCBANK.NS
2023-10-03,763.5,763.5,753.0,754.0250244140625,717.74169921875,38971694,HDFCBANK.NS
2023-10-04,747.5,767.5,744.625,764.7750244140625,727.9744873046875,54649430,HDFCBANK.NS
2023-10-05,767.5250244140625,775.7750244140625,766.2999877929688,767.875,730.9252319335938,48512674,HDFCBANK.NS
2023-10-06,772.0,772.5,764.9249877929688,767.0250244140625,730.1162109375,17759356,HDFCBANK.NS
2023-10-09,764.0,765.0,756.0,758.125,721.6444091796875,16454972,HDFCBANK.NS
2023-10-10,760.2750244140625,764.5,757.5999755859375,762.4249877929688,725.7374877929688,33266292,HDFCBANK.NS
2023-10-11,765.0499877929688,771.0750122070312,764.25,769.7999877929688,732.7576293945312,31333360,HDFCBANK.NS
2023-10-12,768.0499877929688,776.0,765.7999877929688,774.9249877929688,737.635986328125,22025336,HDFCBANK.NS
2023-10-13,770.0,774.4000244140625,764.9749755859375,767.875,730.9252319335938,39745300,HDFCBANK.NS
2023-10-16,765.75,767.2249755859375,760.25,764.7999877929688,727.9982299804688,17856084,HDFCBANK.NS
2023-10-17,777.875,777.875,767.5,770.5999755859375,733.5191650390625,32902558,HDFCBANK.NS
2023-10-18,770.5999755859375,770.5999755859375,759.0499877929688,759.875,723.3102416992188,31216200,HDFCBANK.NS
2023-10-19,752.7000122070312,763.125,751.5999755859375,757.4749755859375,721.0256958007812,30252364,HDFCBANK.NS
2023-10-20,752.5,763.5,752.5,761.4000244140625,724.7619018554688,21094010,HDFCBANK.NS
2023-10-23,761.75,764.375,750.0499877929688,753.0250244140625,716.7898559570312,22376136,HDFCBANK.NS
2023-10-25,760.5,761.4000244140625,745.7249755859375,748.25,712.24462890625,28311996,HDFCBANK.NS
2023-10-26,745.625,746.0,730.125,731.7000122070312,696.490966796875,55561798,HDFCBANK.NS
2023-10-27,734.75,739.0,733.4500122070312,734.5750122070312,699.2276611328125,31940532,HDFCBANK.NS
2023-10-30,731.625,744.9749755859375,730.9500122070312,742.5499877929688,706.8189086914062,23310982,HDFCBANK.NS
2023-10-31,752.0,752.0,737.0,738.25,702.725830078125,32634824,HDFCBANK.NS
2023-11-01,731.125,738.7249755859375,731.125,737.25,701.77392578125,33877466,HDFCBANK.NS
2023-11-02,742.5,745.25,733.5750122070312,738.375,702.8447875976562,45225154,HDFCBANK.NS
2023-11-03,744.0,745.7000122070312,740.8250122070312,741.875,706.1763916015625,18095340,HDFCBANK.NS
2023-11-06,749.0,749.0,741.5,747.25,711.292724609375,25593730,HDFCBANK.NS
2023-11-07,747.0,747.0,738.5999755859375,743.625,707.8421630859375,41952848,HDFCBANK.NS
2023-11-08,741.9749755859375,746.7249755859375,740.5,745.7750244140625,709.8887329101562,31399546,HDFCBANK.NS
2023-11-09,743.0,746.2999877929688,741.75,742.8250122070312,707.0806274414062,22116740,HDFCBANK.NS
2023-11-10,740.0499877929688,748.0,740.0250244140625,745.75,709.8649291992188,14015186,HDFCBANK.NS
2023-11-13,746.0499877929688,747.9749755859375,742.9500122070312,744.4000244140625,708.5798950195312,20605914,HDFCBANK.NS
2023-11-15,752.0499877929688,755.4749755859375,750.2750244140625,752.2000122070312,716.0045776367188,41245460,HDFCBANK.NS
2023-11-16,754.8499755859375,759.5,751.875,754.1749877929688,717.8844604492188,29713838,HDFCBANK.NS
2023-11-17,745.0,753.75,744.5,752.5499877929688,716.337646484375,23701874,HDFCBANK.NS
2023-11-20,756.5,756.5,750.7750244140625,752.5999755859375,716.38525390625,19331452,HDFCBANK.NS
2023-11-21,759.5,761.0,756.0499877929688,758.9749755859375,722.4534912109375,24959972,HDFCBANK.NS
2023-11-22,760.0,760.0,751.7750244140625,756.2750244140625,719.8834838867188,29123650,HDFCBANK.NS
2023-11-23,754.25,761.9249877929688,754.25,760.6500244140625,724.0479736328125,13046220,HDFCBANK.NS
2023-11-24,760.5999755859375,766.5750122070312,759.9249877929688,766.0499877929688,729.1880493164062,16469192,HDFCBANK.NS
2023-11-28,767.5999755859375,768.625,762.9000244140625,764.3250122070312,727.546142578125,28489338,HDFCBANK.NS
2023-11-29,766.9500122070312,781.5,766.5,779.5750122070312,742.0623168945312,34042488,HDFCBANK.NS
2023-11-30,784.5750122070312,786.2249755859375,771.0750122070312,779.4000244140625,741.895751953125,69491440,HDFCBANK.NS
2023-12-01,778.9500122070312,782.875,776.0499877929688,777.7000122070312,740.2774658203125,22153536,HDFCBANK.NS
2023-12-04,794.0,806.0,786.8250122070312,804.7000122070312,765.9783325195312,50662456,HDFCBANK.NS
2023-12-05,818.25,819.5,808.25,811.8499755859375,772.7841796875,52230820,HDFCBANK.NS
2023-12-06,819.2249755859375,819.2249755859375,808.3250122070312,813.9000244140625,774.735595703125,38613060,HDFCBANK.NS
2023-12-07,812.5,817.0,808.0999755859375,815.2249755859375,775.996826171875,20450386,HDFCBANK.NS
2023-12-08,815.2249755859375,827.5,815.2249755859375,826.5999755859375,786.8244018554688,33728038,HDFCBANK.NS
2023-12-11,825.0250244140625,831.8499755859375,823.5,825.5,785.7774047851562,23187620,HDFCBANK.NS
2023-12-12,827.0999755859375,828.125,815.9249877929688,817.2999877929688,777.9719848632812,36581476,HDFCBANK.NS
2023-12-13,816.2249755859375,818.0,807.5499877929688,815.4500122070312,776.2109985351562,29346914,HDFCBANK.NS
2023-12-14,823.0,829.4749755859375,822.5,825.0750122070312,785.372802734375,35172366,HDFCBANK.NS
2023-12-15,825.0,834.0,823.2999877929688,828.2750244140625,788.4188842773438,138837130,HDFCBANK.NS
2023-12-18,830.3499755859375,832.3499755859375,825.4749755859375,827.8499755859375,788.0142822265625,18014754,HDFCBANK.NS
2023-12-19,825.0,829.3250122070312,822.0250244140625,826.4500122070312,786.681640625,24008446,HDFCBANK.NS
2023-12-20,829.0,834.4749755859375,822.2249755859375,828.5,788.6329956054688,34232520,HDFCBANK.NS
2023-12-21,828.5,844.875,825.125,843.3499755859375,802.7684326171875,36589240,HDFCBANK.NS
2023-12-22,841.7999877929688,842.9500122070312,833.5499877929688,835.4249877929688,795.2247924804688,48578850,HDFCBANK.NS
2023-12-26,836.625,842.9749755859375,834.2750244140625,841.2249755859375,800.7456665039062,18045856,HDFCBANK.NS
2023-12-27,840.75,853.25,839.2999877929688,851.6500244140625,810.6690673828125,27009078,HDFCBANK.NS
2023-12-28,854.6500244140625,860.7000122070312,851.0,852.625,811.59716796875,44076470,HDFCBANK.NS
2023-12-29,848.5,857.4500122070312,848.0,854.625,813.5009155273438,25011426,HDFCBANK.NS
2024-01-01,853.0,854.5750122070312,846.0,849.0499877929688,808.1941528320312,14239686,HDFCBANK.NS
2024-01-02,849.4000244140625,851.4000244140625,844.3499755859375,849.5499877929688,808.6701049804688,29242092,HDFCBANK.NS
2024-01-03,851.0,852.3499755859375,834.4749755859375,836.4500122070312,796.2005004882812,28389762,HDFCBANK.NS
2024-01-04,839.0,847.4749755859375,835.3499755859375,845.4249877929688,804.7435913085938,26734056,HDFCBANK.NS
2024-01-05,843.5750122070312,852.4500122070312,834.0499877929688,841.0999755859375,800.6266479492188,31889470,HDFCBANK.NS
2024-01-08,839.25,841.1749877929688,830.0,831.7249755859375,791.7028198242188,17998470,HDFCBANK.NS
2024-01-09,833.5750122070312,838.9000244140625,823.375,825.25,785.5394287109375,25326888,HDFCBANK.NS
2024-01-10,821.5,829.9749755859375,820.7000122070312,827.9749755859375,788.1332397460938,16115824,HDFCBANK.NS
2024-01-11,830.0,831.4500122070312,821.5,824.5,784.8255004882812,18314010,HDFCBANK.NS
2024-01-12,826.0,828.0,816.7999877929688,820.5999755859375,781.1131591796875,19773552,HDFCBANK.NS
2024-01-15,823.8499755859375,840.4500122070312,821.7999877929688,836.4000244140625,796.1528930664062,28320356,HDFCBANK.NS
2024-01-16,836.5,841.8250122070312,829.0499877929688,839.5750122070312,799.1751708984375,25322500,HDFCBANK.NS
2024-01-17,785.0,798.4000244140625,764.2000122070312,768.75,731.7581787109375,170145236,HDFCBANK.NS
2024-01-18,747.0,757.5,740.0250244140625,743.0750122070312,707.3186645507812,161070930,HDFCBANK.NS
2024-01-19,752.9749755859375,755.125,734.2000122070312,735.3250122070312,699.9415893554688,109600538,HDFCBANK.NS
2024-01-23,732.5,737.3499755859375,712.5,713.6749877929688,679.3333129882812,115469402,HDFCBANK.NS
2024-01-24,690.125,729.2249755859375,690.125,727.9500122070312,692.9214477539062,86004404,HDFCBANK.NS
2024-01-25,726.25,728.6749877929688,709.7000122070312,717.4500122070312,682.9266967773438,98941852,HDFCBANK.NS
2024-01-29,724.0250244140625,731.4000244140625,722.9000244140625,727.3250122070312,692.3265380859375,65645498,HDFCBANK.NS
2024-01-30,727.2750244140625,731.5999755859375,720.4500122070312,722.1500244140625,687.4005737304688,41728768,HDFCBANK.NS
2024-01-31,719.75,737.4749755859375,718.4000244140625,731.2750244140625,696.0864868164062,65761040,HDFCBANK.NS
2024-02-01,732.5250244140625,736.7999877929688,728.0250244140625,733.1749877929688,697.89501953125,32690740,HDFCBANK.NS
2024-02-02,737.5,740.4249877929688,721.0250244140625,723.0750122070312,688.2810668945312,44867754,HDFCBANK.NS
2024-02-05,723.0,725.9500122070312,717.0250244140625,722.4249877929688,687.6622924804688,38605046,HDFCBANK.NS
2024-02-06,722.7750244140625,724.8499755859375,716.2999877929688,722.0499877929688,687.3052978515625,41075740,HDFCBANK.NS
2024-02-07,726.5,726.9000244140625,713.3250122070312,714.9749755859375,680.5707397460938,54837086,HDFCBANK.NS
2024-02-08,714.9249877929688,719.4749755859375,700.25,701.5250244140625,667.76806640625,69106124,HDFCBANK.NS
2024-02-09,696.0750122070312,707.0999755859375,693.5,701.7999877929688,668.0297241210938,56642124,HDFCBANK.NS
2024-02-12,699.8250122070312,706.8250122070312,691.6749877929688,695.0,661.5569458007812,34447812,HDFCBANK.NS
2024-02-13,695.9749755859375,702.1749877929688,692.1749877929688,697.2249755859375,663.6749267578125,57580994,HDFCBANK.NS
2024-02-14,688.0,695.75,681.7750244140625,692.0250244140625,658.7251586914062,91320810,HDFCBANK.NS
2024-02-15,692.5,707.75,692.1749877929688,707.0250244140625,673.0033569335938,41584944,HDFCBANK.NS
2024-02-16,711.9500122070312,713.8499755859375,704.2249755859375,709.9500122070312,675.7876586914062,32175742,HDFCBANK.NS
2024-02-19,714.5,714.5,707.5999755859375,708.5499877929688,674.4549560546875,34451756,HDFCBANK.NS
2024-02-20,707.5,728.625,705.9000244140625,727.1500244140625,692.1599731445312,56133508,HDFCBANK.NS
2024-02-21,732.0,732.0,717.5,719.5750122070312,684.949462890625,45893136,HDFCBANK.NS
2024-02-22,708.875,714.4000244140625,706.0999755859375,709.7750244140625,675.6210327148438,50560882,HDFCBANK.NS
2024-02-23,711.2750244140625,716.9500122070312,709.0,710.2999877929688,676.1207275390625,29833452,HDFCBANK.NS
2024-02-26,706.7750244140625,717.4249877929688,706.7750244140625,711.1500244140625,676.9298706054688,23506870,HDFCBANK.NS
2024-02-27,706.7750244140625,713.3499755859375,706.5250244140625,710.0750122070312,675.9065551757812,32087150,HDFCBANK.NS
2024-02-28,710.0750122070312,712.0999755859375,702.0,704.7000122070312,670.7902221679688,25321986,HDFCBANK.NS
2024-02-29,701.0499877929688,705.2000122070312,698.6500244140625,701.7000122070312,667.9345703125,53295700,HDFCBANK.NS
2024-03-01,700.0,716.375,700.0,715.375,680.9515380859375,34738898,HDFCBANK.NS
2024-03-04,715.4749755859375,718.5,712.1500244140625,716.3499755859375,681.8795776367188,35616474,HDFCBANK.NS
2024-03-05,711.0,721.5,710.8250122070312,720.4249877929688,685.758544921875,37991672,HDFCBANK.NS
2024-03-06,716.7750244140625,726.4249877929688,716.7750244140625,721.2999877929688,686.5914306640625,42409530,HDFCBANK.NS
2024-03-07,722.75,725.5250244140625,720.7000122070312,723.0499877929688,688.2572021484375,49348046,HDFCBANK.NS
2024-03-11,715.0,722.9749755859375,711.5,713.9000244140625,679.5475463867188,50531094,HDFCBANK.NS
2024-03-12,717.0,732.0,714.625,729.7750244140625,694.6586303710938,65418454,HDFCBANK.NS
2024-03-13,732.75,735.7999877929688,725.0499877929688,730.2000122070312,695.0631713867188,63067454,HDFCBANK.NS
2024-03-14,731.0499877929688,733.0,722.1500244140625,727.7249755859375,692.7072143554688,52432158,HDFCBANK.NS
2024-03-15,725.0,729.6500244140625,721.125,726.3250122070312,691.3746337890625,143613804,HDFCBANK.NS
2024-03-18,723.5,728.0,717.9000244140625,723.0250244140625,688.2334594726562,21437856,HDFCBANK.NS
2024-03-19,717.75,726.2000122070312,717.75,724.6749877929688,689.8040161132812,36183594,HDFCBANK.NS
2024-03-20,724.5250244140625,725.8250122070312,712.3250122070312,715.5250244140625,681.0943603515625,43606094,HDFCBANK.NS
2024-03-21,721.2999877929688,725.625,719.1500244140625,722.875,688.0906372070312,28922860,HDFCBANK.NS
2024-03-22,720.5,725.375,718.875,721.4249877929688,686.7103881835938,45980326,HDFCBANK.NS
2024-03-26,713.5999755859375,718.9749755859375,711.0750122070312,712.7000122070312,678.4052734375,56844290,HDFCBANK.NS
2024-03-27,711.7750244140625,723.9749755859375,710.625,720.3499755859375,685.6871337890625,62168668,HDFCBANK.NS
2024-03-28,720.3499755859375,730.25,720.3499755859375,723.9500122070312,689.1138916015625,55592142,HDFCBANK.NS
2024-04-01,729.0,736.9000244140625,727.7999877929688,735.25,699.8701782226562,25199570,HDFCBANK.NS
2024-04-02,732.5750122070312,747.4249877929688,731.625,740.0750122070312,704.4630126953125,41225446,HDFCBANK.NS
2024-04-03,736.0499877929688,747.8250122070312,735.7000122070312,741.1500244140625,705.486328125,45584386,HDFCBANK.NS
2024-04-04,752.0,765.0,752.0,763.7999877929688,727.0463256835938,88935066,HDFCBANK.NS
2024-04-05,769.5,777.25,765.0750122070312,774.7750244140625,737.4932861328125,59055902,HDFCBANK.NS
2024-04-08,777.4749755859375,778.625,770.7750244140625,773.2999877929688,736.0892333984375,20482940,HDFCBANK.NS
2024-04-09,777.4249877929688,777.4249877929688,770.1500244140625,774.2750244140625,737.017333984375,21884494,HDFCBANK.NS
2024-04-10,774.9500122070312,774.9500122070312,766.4749755859375,768.1749877929688,731.2108154296875,27807400,HDFCBANK.NS
2024-04-12,760.5,764.9249877929688,756.7249755859375,759.4749755859375,722.929443359375,41084208,HDFCBANK.NS
2024-04-15,748.7750244140625,755.0,746.0250244140625,747.3499755859375,711.3878784179688,23415248,HDFCBANK.NS
2024-04-16,743.5,756.4500122070312,741.125,754.625,718.3128051757812,20744886,HDFCBANK.NS
2024-04-18,754.9000244140625,759.4249877929688,745.5250244140625,747.3499755859375,711.3878784179688,34234884,HDFCBANK.NS
2024-04-19,743.2750244140625,767.4749755859375,740.125,765.6500244140625,728.807373046875,34576434,HDFCBANK.NS
2024-04-22,778.7000122070312,778.7000122070312,754.1500244140625,756.0999755859375,719.7168579101562,42298438,HDFCBANK.NS
2024-04-23,763.1500244140625,763.25,751.625,753.7999877929688,717.527587890625,26827060,HDFCBANK.NS
2024-04-24,757.5,760.875,754.5250244140625,755.8499755859375,719.4788818359375,22441580,HDFCBANK.NS
2024-04-25,753.125,759.8499755859375,753.125,755.375,719.0267333984375,35445204,HDFCBANK.NS
2024-04-26,759.9000244140625,764.0,752.7750244140625,754.9000244140625,718.5746459960938,24854694,HDFCBANK.NS
2024-04-29,757.5,767.2249755859375,753.2750244140625,764.75,727.9506225585938,36093350,HDFCBANK.NS
2024-04-30,764.5999755859375,769.75,757.4500122070312,760.0499877929688,723.476806640625,52307382,HDFCBANK.NS
2024-05-02,761.0,768.5,760.1749877929688,766.125,729.2594604492188,33475006,HDFCBANK.NS
2024-05-03,766.625,770.2999877929688,753.5999755859375,759.7999877929688,723.2388305664062,31865242,HDFCBANK.NS
2024-05-06,761.0,767.25,758.5750122070312,761.3250122070312,724.6904907226562,28793396,HDFCBANK.NS
2024-05-07,760.9749755859375,762.0250244140625,752.0750122070312,753.0750122070312,716.8374633789062,28480602,HDFCBANK.NS
2024-05-08,747.9749755859375,748.4749755859375,740.1749877929688,741.3250122070312,705.6528930664062,41687862,HDFCBANK.NS
2024-05-09,737.4749755859375,743.375,722.6500244140625,723.75,688.923583984375,46281278,HDFCBANK.NS
2024-05-10,719.5,725.9749755859375,713.4000244140625,718.9500122070312,703.3036499023438,27276608,HDFCBANK.NS
2024-05-13,716.0,729.9000244140625,715.1500244140625,727.625,711.7898559570312,27047202,HDFCBANK.NS
2024-05-14,726.125,732.75,725.1500244140625,730.4749755859375,714.5778198242188,25665142,HDFCBANK.NS
2024-05-15,729.8499755859375,729.8499755859375,717.9000244140625,719.25,703.5971069335938,38931996,HDFCBANK.NS
2024-05-16,723.0250244140625,731.2750244140625,717.75,730.125,714.2354736328125,34945236,HDFCBANK.NS
2024-05-17,723.0999755859375,734.0,723.0999755859375,732.0499877929688,716.1185302734375,20920190,HDFCBANK.NS
2024-05-21,725.0499877929688,734.8499755859375,725.0499877929688,729.4000244140625,713.5262451171875,43769978,HDFCBANK.NS
2024-05-22,728.9249877929688,732.7999877929688,724.0750122070312,729.5999755859375,713.7218627929688,39996278,HDFCBANK.NS
2024-05-23,729.3250122070312,747.8250122070312,728.5250244140625,746.2999877929688,730.0584106445312,40861920,HDFCBANK.NS
2024-05-24,743.75,759.9500122070312,743.0,758.5999755859375,742.0906982421875,31060206,HDFCBANK.NS
2024-05-27,761.6749877929688,772.5,759.5250244140625,763.8499755859375,747.2264404296875,29385440,HDFCBANK.NS
2024-05-28,765.0499877929688,768.0250244140625,762.4000244140625,765.25,748.5960083007812,27908904,HDFCBANK.NS
2024-05-29,759.0,761.9249877929688,750.625,754.1500244140625,737.7376098632812,35147706,HDFCBANK.NS
2024-05-30,749.5999755859375,761.7999877929688,748.8250122070312,757.4249877929688,740.9412841796875,33755350,HDFCBANK.NS
2024-05-31,759.5,768.0,757.0,765.7750244140625,749.109619140625,74079588,HDFCBANK.NS
2024-06-03,799.5,799.5,775.0,786.0999755859375,768.9922485351562,72637256,HDFCBANK.NS
2024-06-04,778.5,779.5,727.0,741.5750122070312,725.436279296875,89531240,HDFCBANK.NS
2024-06-05,747.0250244140625,779.7999877929688,741.1749877929688,775.9000244140625,759.0142822265625,81631650,HDFCBANK.NS
2024-06-06,782.4500122070312,782.7249755859375,773.2999877929688,779.8499755859375,762.8782958984375,46422870,HDFCBANK.NS
2024-06-07,780.5250244140625,792.1749877929688,776.0250244140625,786.6749877929688,769.5547485351562,36712216,HDFCBANK.NS
2024-06-10,787.0,790.3250122070312,778.7999877929688,780.6500244140625,763.660888671875,22454058,HDFCBANK.NS
2024-06-11,778.0,785.5,776.0999755859375,782.4000244140625,765.372802734375,29545326,HDFCBANK.NS
2024-06-12,787.5,794.1500244140625,783.2000122070312,787.0750122070312,769.946044921875,39280436,HDFCBANK.NS
2024-06-13,790.875,792.8499755859375,787.0,790.375,773.1742553710938,24120192,HDFCBANK.NS
2024-06-14,792.0,799.5,788.8499755859375,798.4500122070312,781.073486328125,25540554,HDFCBANK.NS
2024-06-18,798.4500122070312,805.25,794.7249755859375,803.9000244140625,786.4049072265625,32415714,HDFCBANK.NS
2024-06-19,806.7000122070312,834.9500122070312,802.0,828.9249877929688,810.88525390625,90131196,HDFCBANK.NS
2024-06-20,834.9000244140625,840.7249755859375,826.0,834.6749877929688,816.5101318359375,41408742,HDFCBANK.NS
2024-06-21,836.4249877929688,836.4249877929688,821.5750122070312,832.875,814.7493286132812,51630776,HDFCBANK.NS
2024-06-24,823.5,837.5499877929688,822.875,836.2000122070312,818.001953125,28544994,HDFCBANK.NS
2024-06-25,835.5499877929688,858.4749755859375,835.5499877929688,855.6749877929688,837.0531005859375,74521548,HDFCBANK.NS
2024-06-26,853.9749755859375,855.4500122070312,845.5499877929688,850.75,832.2352905273438,47596666,HDFCBANK.NS
2024-06-27,848.0499877929688,856.5,843.2999877929688,848.0750122070312,829.6185302734375,55074650,HDFCBANK.NS
2024-06-28,848.7999877929688,853.2999877929688,839.5,841.9000244140625,823.5779418945312,26476046,HDFCBANK.NS
2024-07-01,840.0,853.6500244140625,840.0,852.5999755859375,834.0450439453125,21187024,HDFCBANK.NS
2024-07-02,857.5,867.4500122070312,851.375,865.2999877929688,846.4686279296875,45921690,HDFCBANK.NS
2024-07-03,895.5,897.0,882.3250122070312,884.3250122070312,865.0796508789062,123217802,HDFCBANK.NS
2024-07-04,879.875,879.875,862.4249877929688,863.5750122070312,844.7811889648438,45848658,HDFCBANK.NS
2024-07-05,842.5,842.5,821.0999755859375,824.0499877929688,806.1163330078125,82242548,HDFCBANK.NS
2024-07-08,822.6500244140625,827.4749755859375,813.5750122070312,817.6749877929688,799.880126953125,39087800,HDFCBANK.NS
2024-07-09,812.5,823.3499755859375,810.1749877929688,818.25,800.442626953125,48550878,HDFCBANK.NS
2024-07-10,814.9749755859375,820.0,810.375,813.0499877929688,795.3557739257812,45507182,HDFCBANK.NS
2024-07-11,811.9749755859375,812.9249877929688,800.5,810.9500122070312,793.3014526367188,44177074,HDFCBANK.NS
2024-07-12,811.0,819.2000122070312,805.5750122070312,811.3499755859375,793.6927490234375,56049960,HDFCBANK.NS
2024-07-15,811.75,814.9000244140625,807.5999755859375,811.0499877929688,793.3992919921875,33375694,HDFCBANK.NS
2024-07-16,810.375,813.5,808.4000244140625,809.875,792.2498779296875,28950324,HDFCBANK.NS
2024-07-18,804.0,811.9749755859375,799.5750122070312,807.4000244140625,789.8287353515625,33717064,HDFCBANK.NS
2024-07-19,808.0,811.5,801.75,803.6500244140625,786.1603393554688,26002152,HDFCBANK.NS
2024-07-22,808.5,825.5,806.3250122070312,821.2750244140625,803.4017944335938,53744822,HDFCBANK.NS
2024-07-23,823.7750244140625,823.9000244140625,802.5,809.2000122070312,791.5895385742188,52002152,HDFCBANK.NS
2024-07-24,804.0750122070312,810.5,794.0250244140625,802.0250244140625,784.5707397460938,61728206,HDFCBANK.NS
2024-07-25,796.5,812.5,796.5,808.2999877929688,790.7091064453125,25535732,HDFCBANK.NS
2024-07-26,802.5,810.875,798.2249755859375,809.0750122070312,791.46728515625,43810540,HDFCBANK.NS
2024-07-29,807.5,815.9249877929688,799.1500244140625,802.5250244140625,785.059814453125,51001148,HDFCBANK.NS
2024-07-30,801.0,817.375,799.5,807.7750244140625,790.1956176757812,54595834,HDFCBANK.NS
2024-07-31,807.0,813.9500122070312,804.5999755859375,807.875,790.2933959960938,37820484,HDFCBANK.NS
2024-08-01,811.4500122070312,825.0250244140625,808.9749755859375,819.4000244140625,801.5675659179688,26215174,HDFCBANK.NS
2024-08-02,815.5,835.25,815.5,829.5750122070312,811.5211181640625,44119238,HDFCBANK.NS
2024-08-05,820.0499877929688,823.0,800.5,807.875,790.2933959960938,41333634,HDFCBANK.NS
2024-08-06,815.0,816.4749755859375,796.6500244140625,800.5999755859375,783.1766967773438,45116050,HDFCBANK.NS
2024-08-07,808.5,815.0,801.0999755859375,811.75,794.0840454101562,42346264,HDFCBANK.NS
2024-08-08,812.0,826.6500244140625,809.625,821.3499755859375,803.47509765625,33976950,HDFCBANK.NS
2024-08-09,826.0,831.2750244140625,822.9000244140625,825.0999755859375,807.1434936523438,26644618,HDFCBANK.NS
2024-08-12,826.0,837.9749755859375,823.6749877929688,830.0499877929688,811.9857788085938,39316196,HDFCBANK.NS
2024-08-13,814.0,816.2000122070312,800.5750122070312,801.5999755859375,784.1549072265625,54055042,HDFCBANK.NS
2024-08-14,803.25,806.8499755859375,801.5999755859375,803.9000244140625,786.4049072265625,32334428,HDFCBANK.NS
2024-08-16,814.25,817.0750122070312,805.5,816.0499877929688,798.2904663085938,27849246,HDFCBANK.NS
2024-08-19,818.8250122070312,818.8250122070312,811.8499755859375,815.7750244140625,798.021484375,19502164,HDFCBANK.NS
2024-08-20,813.7249755859375,823.0,813.7249755859375,818.8499755859375,801.029541015625,31134494,HDFCBANK.NS
2024-08-21,814.0499877929688,817.2750244140625,808.9000244140625,812.9000244140625,795.2090454101562,47630904,HDFCBANK.NS
2024-08-22,816.0,819.1500244140625,814.0,815.6500244140625,797.8992309570312,21300638,HDFCBANK.NS
2024-08-23,817.0,817.0,811.5,812.5250244140625,794.8422241210938,20333422,HDFCBANK.NS
2024-08-26,816.0999755859375,823.9749755859375,816.0999755859375,819.9749755859375,802.1300048828125,22364266,HDFCBANK.NS
2024-08-27,821.7000122070312,823.7000122070312,816.0999755859375,818.875,801.0540161132812,35773244,HDFCBANK.NS
2024-08-28,818.875,819.875,815.0999755859375,818.5499877929688,800.736083984375,26921188,HDFCBANK.NS
2024-08-29,821.0,822.2000122070312,815.5750122070312,819.2750244140625,801.4453125,49052604,HDFCBANK.NS
2024-08-30,828.0,831.0,810.5750122070312,818.4500122070312,800.6382446289062,445342100,HDFCBANK.NS
2024-09-02,823.4000244140625,823.4000244140625,811.5999755859375,813.4749755859375,795.771484375,34049680,HDFCBANK.NS
2024-09-03,817.0,819.9749755859375,812.2999877929688,818.6749877929688,800.8583374023438,37282860,HDFCBANK.NS
2024-09-04,819.5,822.4000244140625,816.0,820.9000244140625,803.0349731445312,24682744,HDFCBANK.NS
2024-09-05,823.0,824.9500122070312,821.0,822.7249755859375,804.8201904296875,22876318,HDFCBANK.NS
2024-09-06,819.1500244140625,823.875,817.0499877929688,818.4749755859375,800.6626586914062,26029602,HDFCBANK.NS
2024-09-09,819.0,824.25,815.0499877929688,823.25,805.3338012695312,23792914,HDFCBANK.NS
2024-09-10,827.0,827.0,819.0,825.1749877929688,807.2168579101562,26606646,HDFCBANK.NS
2024-09-11,825.2000122070312,826.25,819.5999755859375,821.9500122070312,804.0620727539062,22226684,HDFCBANK.NS
2024-09-12,827.0,835.0,823.5250244140625,833.2999877929688,815.1650390625,32424046,HDFCBANK.NS
2024-09-13,837.0,837.0,828.5250244140625,832.9749755859375,814.8471069335938,23860532,HDFCBANK.NS
2024-09-16,833.5,838.9000244140625,832.0250244140625,835.4749755859375,817.292724609375,15172820,HDFCBANK.NS
2024-09-17,839.0,839.0,832.0750122070312,834.4000244140625,816.2411499023438,20127122,HDFCBANK.NS
2024-09-18,835.9249877929688,849.4500122070312,835.5499877929688,847.4000244140625,828.958251953125,40917342,HDFCBANK.NS
2024-09-19,849.5999755859375,859.5,849.5750122070312,854.25,835.6591186523438,30651776,HDFCBANK.NS
2024-09-20,858.25,872.4749755859375,853.7750244140625,870.5999755859375,851.6533203125,60623386,HDFCBANK.NS
2024-09-23,874.5,883.1749877929688,870.125,879.9000244140625,860.7509765625,26965350,HDFCBANK.NS
2024-09-24,882.5,890.8250122070312,877.125,884.0250244140625,864.7861938476562,33039036,HDFCBANK.NS
2024-09-25,880.0750122070312,894.0,880.0750122070312,889.5499877929688,870.19091796875,31965312,HDFCBANK.NS
2024-09-26,886.5250244140625,894.0,884.0250244140625,891.7249755859375,872.3185424804688,31899644,HDFCBANK.NS
2024-09-27,888.5,889.0999755859375,875.0,876.3250122070312,857.2537231445312,35613502,HDFCBANK.NS
2024-09-30,874.4000244140625,875.7249755859375,862.2000122070312,866.0250244140625,847.1779174804688,26383534,HDFCBANK.NS
2024-10-01,862.0,871.0,860.0499877929688,863.0999755859375,844.3165283203125,24572284,HDFCBANK.NS
2024-10-03,857.8250122070312,863.0750122070312,836.6749877929688,841.0,822.697509765625,48473398,HDFCBANK.NS
2024-10-04,837.25,845.3250122070312,826.5,828.8250122070312,810.7874755859375,48683232,HDFCBANK.NS
2024-10-07,826.0999755859375,829.5,806.5,808.9000244140625,791.2960815429688,94458296,HDFCBANK.NS
2024-10-08,815.0,828.4000244140625,811.0,825.5250244140625,807.559326171875,29734406,HDFCBANK.NS
2024-10-09,824.75,828.375,814.3499755859375,816.5750122070312,798.8040771484375,41125642,HDFCBANK.NS
2024-10-10,819.5,832.7249755859375,816.25,831.2000122070312,813.1107788085938,21754766,HDFCBANK.NS
2024-10-11,832.2249755859375,832.2249755859375,821.625,825.5,807.5347900390625,23672594,HDFCBANK.NS
2024-10-14,828.0250244140625,846.0250244140625,827.0,844.0499877929688,825.6810913085938,18527508,HDFCBANK.NS
2024-10-15,847.0,849.0,837.75,842.0499877929688,823.724609375,19651130,HDFCBANK.NS
2024-10-16,840.0499877929688,853.9749755859375,840.0499877929688,849.9000244140625,831.40380859375,20470682,HDFCBANK.NS
2024-10-17,847.4749755859375,848.8250122070312,832.5999755859375,836.5750122070312,818.3688354492188,14695732,HDFCBANK.NS
2024-10-18,831.5499877929688,845.5,827.0499877929688,840.9249877929688,822.6241455078125,24809724,HDFCBANK.NS
2024-10-21,857.5,874.0750122070312,855.5250244140625,864.3499755859375,845.539306640625,46548354,HDFCBANK.NS
2024-10-22,865.0250244140625,870.0,855.3499755859375,857.2750244140625,838.6183471679688,38875280,HDFCBANK.NS
2024-10-23,852.5250244140625,873.25,852.5250244140625,867.9000244140625,849.0120849609375,38036090,HDFCBANK.NS
2024-10-24,869.0499877929688,884.3250122070312,869.0499877929688,874.8250122070312,855.786376953125,30832258,HDFCBANK.NS
2024-10-25,877.5,878.9249877929688,864.3499755859375,871.7000122070312,852.7293701171875,26130478,HDFCBANK.NS
2024-10-28,871.0,875.5,864.4500122070312,867.0999755859375,848.2294921875,22012142,HDFCBANK.NS
2024-10-29,863.0750122070312,882.0,862.5499877929688,875.9249877929688,856.8624267578125,35794926,HDFCBANK.NS
2024-10-30,871.0,877.375,862.0999755859375,867.2999877929688,848.4251098632812,32715724,HDFCBANK.NS
2024-10-31,864.0,869.4500122070312,859.7000122070312,867.8499755859375,848.963134765625,22895912,HDFCBANK.NS
2024-11-01,866.5,872.0499877929688,863.0499877929688,868.6500244140625,849.7457885742188,1759692,HDFCBANK.NS
2024-11-04,872.5,872.5,855.4500122070312,857.0499877929688,838.398193359375,28089248,HDFCBANK.NS
2024-11-05,851.5,881.3499755859375,848.9500122070312,878.9249877929688,859.797119140625,44232406,HDFCBANK.NS
2024-11-06,885.75,885.75,872.6749877929688,877.625,858.5254516601562,27787910,HDFCBANK.NS
2024-11-07,872.1500244140625,880.4749755859375,869.0,873.2750244140625,854.2701416015625,18895456,HDFCBANK.NS
2024-11-08,876.0,880.9000244140625,872.9249877929688,877.2249755859375,858.1340942382812,19902986,HDFCBANK.NS
2024-11-11,877.2750244140625,891.4000244140625,875.5999755859375,883.1500244140625,863.9302368164062,24565362,HDFCBANK.NS
2024-11-12,886.0,887.5,854.3250122070312,859.0999755859375,840.403564453125,31395406,HDFCBANK.NS
2024-11-13,858.375,864.7000122070312,836.5,840.6749877929688,822.3795776367188,35728500,HDFCBANK.NS
2024-11-14,836.5499877929688,852.4249877929688,836.0499877929688,846.375,827.9555053710938,27146470,HDFCBANK.NS
2024-11-18,850.0,859.4500122070312,847.5,852.5499877929688,833.99609375,27081968,HDFCBANK.NS
2024-11-19,857.0,876.875,851.3499755859375,871.125,852.1668701171875,50981272,HDFCBANK.NS
2024-11-21,874.7000122070312,879.5,867.0999755859375,870.5999755859375,851.6533203125,35716512,HDFCBANK.NS
2024-11-22,871.7750244140625,877.1500244140625,864.7750244140625,872.7999877929688,853.805419921875,24773612,HDFCBANK.NS
2024-11-25,892.5250244140625,901.7750244140625,882.4500122070312,892.7999877929688,873.3701782226562,427737274,HDFCBANK.NS
2024-11-26,905.0,905.0,884.9000244140625,892.7750244140625,873.3457641601562,30935566,HDFCBANK.NS
2024-11-27,894.9500122070312,908.6749877929688,892.5750122070312,906.1500244140625,886.4296875,32714976,HDFCBANK.NS
2024-11-28,909.5,918.0499877929688,894.0,896.5750122070312,877.0630493164062,35722392,HDFCBANK.NS
2024-11-29,900.6500244140625,902.2999877929688,891.4500122070312,898.0250244140625,878.4815063476562,27669536,HDFCBANK.NS
2024-12-02,901.75,904.0750122070312,887.5,902.3499755859375,882.7123413085938,15110876,HDFCBANK.NS
2024-12-03,911.3499755859375,918.7000122070312,908.0499877929688,913.1500244140625,893.27734375,43410242,HDFCBANK.NS
2024-12-04,919.0,932.5,915.5750122070312,930.0499877929688,909.8095092773438,44669084,HDFCBANK.NS
2024-12-05,930.0,939.9749755859375,917.5999755859375,932.875,912.5730590820312,39682714,HDFCBANK.NS
2024-12-06,928.5,932.0999755859375,922.0,927.9249877929688,907.7307739257812,17783156,HDFCBANK.NS
2024-12-09,926.8250122070312,940.0,924.5,935.0,914.6517944335938,26947912,HDFCBANK.NS
2024-12-10,938.8499755859375,938.8499755859375,929.2750244140625,934.0499877929688,913.7224731445312,13325480,HDFCBANK.NS
2024-12-11,930.8499755859375,935.9500122070312,928.375,931.5499877929688,911.27685546875,14045426,HDFCBANK.NS
2024-12-12,925.5,934.3250122070312,924.3499755859375,929.625,909.3937377929688,17293790,HDFCBANK.NS
2024-12-13,931.25,937.5,914.625,935.875,915.5077514648438,19009002,HDFCBANK.NS
2024-12-16,932.5499877929688,934.9749755859375,927.625,932.5999755859375,912.3040161132812,13107082,HDFCBANK.NS
2024-12-17,928.1749877929688,931.1749877929688,913.25,916.625,896.6766967773438,21079532,HDFCBANK.NS
2024-12-18,914.9249877929688,918.0,903.5750122070312,905.3499755859375,885.6470336914062,23422312,HDFCBANK.NS
2024-12-19,899.7999877929688,900.5499877929688,889.5,896.75,877.2341918945312,25380770,HDFCBANK.NS
2024-12-20,891.0999755859375,898.7750244140625,883.5250244140625,885.75,866.4736328125,25692348,HDFCBANK.NS
2024-12-23,891.0,903.0,890.6500244140625,900.5,880.902587890625,11044592,HDFCBANK.NS
2024-12-24,901.0250244140625,904.3499755859375,894.7750244140625,899.0499877929688,879.484130859375,14485834,HDFCBANK.NS
2024-12-26,899.2750244140625,906.0,890.375,895.375,875.88916015625,10481678,HDFCBANK.NS
2024-12-27,897.4000244140625,902.9749755859375,894.5499877929688,899.125,879.5575561523438,7259330,HDFCBANK.NS
2024-12-30,896.0999755859375,907.5,885.5,888.9500122070312,869.60400390625,22222218,HDFCBANK.NS
2024-12-31,885.1500244140625,890.9000244140625,882.7999877929688,886.4249877929688,867.1339111328125,14117236,HDFCBANK.NS
2025-01-01,886.7249755859375,897.0,880.5499877929688,891.375,871.9761962890625,7313806,HDFCBANK.NS
2025-01-02,888.5499877929688,901.7249755859375,886.5,896.875,877.3565063476562,18558576,HDFCBANK.NS
2025-01-03,895.5,897.625,873.1500244140625,874.5999755859375,855.5662231445312,24426194,HDFCBANK.NS
2025-01-06,870.0499877929688,878.5999755859375,852.9000244140625,855.25,836.6373901367188,18816348,HDFCBANK.NS
2025-01-07,857.5,860.5,850.0,856.7000122070312,838.0558471679688,13527906,HDFCBANK.NS
2025-01-08,854.125,855.8250122070312,841.6749877929688,847.1500244140625,828.7136840820312,19738190,HDFCBANK.NS
2025-01-09,842.0750122070312,844.5,829.0499877929688,833.9000244140625,815.7520141601562,40420222,HDFCBANK.NS
2025-01-10,835.5,837.4500122070312,827.0,828.375,810.3472290039062,17453280,HDFCBANK.NS
2025-01-13,820.0,823.375,812.1500244140625,815.4249877929688,797.6790771484375,21669066,HDFCBANK.NS
2025-01-14,819.9500122070312,828.0999755859375,818.5,823.2999877929688,805.3826904296875,26661432,HDFCBANK.NS
2025-01-15,828.25,831.3499755859375,818.1500244140625,821.5250244140625,803.6463623046875,14022892,HDFCBANK.NS
2025-01-16,826.4249877929688,830.2750244140625,821.4249877929688,826.0250244140625,808.0484008789062,21212454,HDFCBANK.NS
2025-01-17,821.75,825.25,814.25,818.375,800.5648803710938,23112076,HDFCBANK.NS
2025-01-20,813.0,830.4749755859375,813.0,825.625,807.6571044921875,17557618,HDFCBANK.NS
2025-01-21,829.125,830.5250244140625,816.5250244140625,821.2000122070312,803.3284301757812,31158144,HDFCBANK.NS
2025-01-22,821.2000122070312,835.9500122070312,812.7249755859375,833.0250244140625,814.8960571289062,30619306,HDFCBANK.NS
2025-01-23,843.5,843.5,825.625,832.4500122070312,814.3335571289062,34909158,HDFCBANK.NS
2025-01-24,830.0,835.1500244140625,822.25,824.9000244140625,806.9478759765625,24236200,HDFCBANK.NS
2025-01-27,820.5499877929688,821.7999877929688,813.0,814.9000244140625,797.16552734375,22804166,HDFCBANK.NS
2025-01-28,823.5,842.1500244140625,823.5,835.2000122070312,817.0237426757812,30179312,HDFCBANK.NS
2025-01-29,837.5,840.5750122070312,834.4249877929688,838.6500244140625,820.398681640625,12619890,HDFCBANK.NS
2025-01-30,840.5,848.9500122070312,836.2750244140625,845.75,827.3441162109375,25744846,HDFCBANK.NS
2025-01-31,843.625,852.3499755859375,841.9749755859375,849.375,830.8902587890625,15821686,HDFCBANK.NS
2025-02-01,848.75,856.5,838.0250244140625,845.4749755859375,827.0750732421875,5587528,HDFCBANK.NS
2025-02-03,835.0,843.4000244140625,831.7249755859375,839.0,820.7410278320312,20276540,HDFCBANK.NS
2025-02-04,844.3499755859375,862.9000244140625,840.0250244140625,860.4500122070312,841.7242431640625,28616502,HDFCBANK.NS
2025-02-05,866.5,872.0999755859375,859.4500122070312,868.9000244140625,849.9903564453125,23675506,HDFCBANK.NS
2025-02-06,867.75,874.5,862.0,871.9249877929688,852.949462890625,26760716,HDFCBANK.NS
2025-02-07,875.0,883.5,862.5,866.375,847.520263671875,23509600,HDFCBANK.NS
2025-02-10,858.6500244140625,861.7249755859375,854.25,857.875,839.2052612304688,17195950,HDFCBANK.NS
2025-02-11,851.5,855.5,844.3499755859375,850.7000122070312,832.1864013671875,22724704,HDFCBANK.NS
2025-02-12,846.5,856.0,840.5999755859375,853.4000244140625,834.82763671875,22809570,HDFCBANK.NS
2025-02-13,849.5,857.125,846.7750244140625,848.8499755859375,830.3766479492188,12602434,HDFCBANK.NS
2025-02-14,850.9500122070312,850.9500122070312,840.0,847.4249877929688,828.982666015625,19959892,HDFCBANK.NS
2025-02-17,842.5999755859375,860.0,840.625,858.6749877929688,839.9878540039062,12938946,HDFCBANK.NS
2025-02-18,856.5250244140625,865.7750244140625,853.0750122070312,861.5250244140625,842.7758178710938,16350910,HDFCBANK.NS
2025-02-19,858.5,868.9500122070312,856.2249755859375,863.5999755859375,844.8056030273438,11884112,HDFCBANK.NS
2025-02-20,855.5,857.3499755859375,842.6500244140625,843.5499877929688,825.1920166015625,26390510,HDFCBANK.NS
2025-02-21,840.4500122070312,847.4749755859375,838.625,846.25,827.833251953125,15680940,HDFCBANK.NS
2025-02-24,840.5499877929688,842.0999755859375,830.5499877929688,838.5499877929688,820.30078125,20693646,HDFCBANK.NS
2025-02-25,835.5499877929688,844.0,835.5499877929688,841.1749877929688,822.86865234375,24138708,HDFCBANK.NS
2025-02-27,841.2750244140625,855.375,841.2750244140625,850.3499755859375,831.843994140625,35786800,HDFCBANK.NS
2025-02-28,842.5,868.625,842.5,866.2000122070312,847.3490600585938,54516728,HDFCBANK.NS
2025-03-03,869.9000244140625,871.5250244140625,847.0499877929688,850.7750244140625,832.259765625,21205364,HDFCBANK.NS
2025-03-04,849.0,857.1500244140625,846.625,855.0,836.392822265625,19920958,HDFCBANK.NS
2025-03-05,850.9749755859375,855.4000244140625,844.125,845.0,826.6104736328125,21583872,HDFCBANK.NS
2025-03-06,843.5,849.9500122070312,836.125,845.5999755859375,827.1973876953125,32966088,HDFCBANK.NS
2025-03-07,841.0,850.5750122070312,838.7999877929688,844.625,826.2435913085938,13372914,HDFCBANK.NS
2025-03-10,844.5,849.9500122070312,841.5250244140625,843.75,825.3876342773438,15604050,HDFCBANK.NS
2025-03-11,841.2000122070312,847.0,835.0250244140625,842.75,824.409423828125,19898430,HDFCBANK.NS
2025-03-12,845.7750244140625,859.25,845.7750244140625,855.5750122070312,836.955322265625,18784106,HDFCBANK.NS
2025-03-13,858.0250244140625,860.4000244140625,850.0250244140625,853.2999877929688,834.7297973632812,15736264,HDFCBANK.NS
2025-03-17,852.5,862.0,852.5,855.2000122070312,836.5885009765625,18950652,HDFCBANK.NS
2025-03-18,855.2000122070312,855.2000122070312,855.2000122070312,855.2000122070312,836.5885009765625,0,HDFCBANK.NS
2025-03-19,867.5,875.5,866.0999755859375,872.0499877929688,853.07177734375,15221406,HDFCBANK.NS
2025-03-20,877.0,887.0,874.6500244140625,884.375,865.1285400390625,17833978,HDFCBANK.NS
2025-03-21,877.7750244140625,887.0499877929688,877.7750244140625,885.1749877929688,865.9111328125,33508264,HDFCBANK.NS
2025-03-24,889.5,902.2000122070312,886.8250122070312,900.0,880.4135131835938,17393736,HDFCBANK.NS
2025-03-25,902.4500122070312,921.8499755859375,900.75,910.7249755859375,890.9050903320312,39101416,HDFCBANK.NS
2025-03-26,912.5,913.75,901.0,903.2750244140625,883.6172485351562,24478442,HDFCBANK.NS
2025-03-27,900.0,920.5,899.0499877929688,912.6749877929688,892.8126220703125,41658100,HDFCBANK.NS
2025-03-28,914.5,918.0,902.9249877929688,914.0999755859375,894.2066040039062,28773648,HDFCBANK.NS
2025-04-01,901.0,904.9500122070312,882.6749877929688,883.9249877929688,864.6882934570312,28511006,HDFCBANK.NS
2025-04-02,885.3499755859375,899.5999755859375,885.3499755859375,898.4500122070312,878.897216796875,11573564,HDFCBANK.NS
2025-04-03,890.5499877929688,902.0,888.5,897.4249877929688,877.89453125,11250038,HDFCBANK.NS
2025-04-04,906.5,920.9749755859375,905.5499877929688,908.6500244140625,888.875244140625,33540454,HDFCBANK.NS
2025-04-07,881.4000244140625,889.9249877929688,869.0999755859375,878.8499755859375,859.7237548828125,37995450,HDFCBANK.NS
2025-04-08,882.5,891.0,875.1500244140625,884.5750122070312,865.32421875,35563872,HDFCBANK.NS
2025-04-09,882.5,887.5,876.75,882.5,863.2943115234375,22454608,HDFCBANK.NS
2025-04-11,887.375,909.7000122070312,887.375,903.375,883.7150268554688,32775766,HDFCBANK.NS
2025-04-15,932.5,938.4000244140625,927.5,932.4500122070312,912.1572875976562,49298344,HDFCBANK.NS
2025-04-16,941.9000244140625,941.9000244140625,930.25,939.0,918.5647583007812,19136820,HDFCBANK.NS
2025-04-17,941.0,959.8499755859375,938.3499755859375,953.3499755859375,932.6024169921875,35703084,HDFCBANK.NS
2025-04-21,962.0,975.3499755859375,955.0,963.5499877929688,942.5804443359375,34247298,HDFCBANK.NS
2025-04-22,967.5,985.2999877929688,967.5,980.8499755859375,959.5039672851562,45961750,HDFCBANK.NS
2025-04-23,989.4500122070312,989.4500122070312,960.25,961.9500122070312,941.0153198242188,30570642,HDFCBANK.NS
2025-04-24,955.0,961.9500122070312,952.5499877929688,958.4000244140625,937.5425415039062,25931754,HDFCBANK.NS
2025-04-25,962.4000244140625,966.5,945.9000244140625,955.5999755859375,934.803466796875,18500878,HDFCBANK.NS
2025-04-28,955.5999755859375,964.8499755859375,954.2000122070312,960.0999755859375,939.2055053710938,13920492,HDFCBANK.NS
2025-04-29,959.4000244140625,964.4000244140625,950.0999755859375,954.4000244140625,933.629638671875,18918308,HDFCBANK.NS
2025-04-30,956.5,968.4500122070312,955.1500244140625,962.5,941.5533447265625,31936870,HDFCBANK.NS
2025-05-02,964.9000244140625,970.9500122070312,960.0,960.9500122070312,940.0370483398438,17840404,HDFCBANK.NS
2025-05-05,969.5,976.0,966.1500244140625,968.4000244140625,947.324951171875,15068024,HDFCBANK.NS
2025-05-06,965.0,970.0499877929688,962.1500244140625,965.8499755859375,944.8303833007812,17490156,HDFCBANK.NS
2025-05-07,967.0,974.3499755859375,961.2000122070312,972.7999877929688,951.629150390625,21420778,HDFCBANK.NS
2025-05-08,977.4000244140625,977.4000244140625,959.5499877929688,964.25,943.2652587890625,34803430,HDFCBANK.NS
2025-05-09,955.0499877929688,959.5,943.4000244140625,944.8499755859375,924.2874145507812,17188796,HDFCBANK.NS
2025-05-12,958.7999877929688,979.9500122070312,956.1500244140625,978.5999755859375,957.3029174804688,18618972,HDFCBANK.NS
2025-05-13,975.0,980.8499755859375,960.0,961.2999877929688,940.37939453125,24242102,HDFCBANK.NS
2025-05-14,961.0499877929688,965.0999755859375,951.5,955.2999877929688,934.510009765625,15445308,HDFCBANK.NS
2025-05-15,956.75,972.4000244140625,948.5,966.9000244140625,945.8576049804688,32241458,HDFCBANK.NS
2025-05-16,966.9000244140625,971.9000244140625,964.2000122070312,967.3499755859375,946.2977294921875,15868010,HDFCBANK.NS
2025-05-19,968.5,972.5,965.5,969.3499755859375,948.2542114257812,10202964,HDFCBANK.NS
2025-05-20,964.0499877929688,967.2999877929688,956.5,957.4500122070312,936.6132202148438,23879090,HDFCBANK.NS
2025-05-21,963.5,973.4500122070312,960.5499877929688,963.4000244140625,942.4337768554688,15132040,HDFCBANK.NS
2025-05-22,957.5999755859375,962.0999755859375,952.5999755859375,959.9500122070312,939.058837890625,21306670,HDFCBANK.NS
2025-05-23,960.0499877929688,968.5,957.25,966.7999877929688,945.7597045898438,9566072,HDFCBANK.NS
2025-05-26,967.5,974.9500122070312,963.4500122070312,970.0999755859375,948.9879150390625,10802860,HDFCBANK.NS
2025-05-27,965.7999877929688,974.0,958.1500244140625,963.1500244140625,942.189208984375,26162148,HDFCBANK.NS
2025-05-28,960.0999755859375,967.25,958.8499755859375,961.75,940.8196411132812,18157594,HDFCBANK.NS
2025-05-29,964.0,970.4000244140625,953.6500244140625,963.75,942.776123046875,28917794,HDFCBANK.NS
2025-05-30,965.9500122070312,974.4000244140625,962.7000122070312,972.4500122070312,951.2868041992188,28748078,HDFCBANK.NS
2025-06-02,965.0499877929688,968.0,954.0,966.0499877929688,945.0260620117188,14668822,HDFCBANK.NS
2025-06-03,969.0,976.0,960.0,962.2999877929688,941.357666015625,24377584,HDFCBANK.NS
2025-06-04,960.5,971.6500244140625,960.4500122070312,970.5999755859375,949.4769897460938,12961542,HDFCBANK.NS
2025-06-05,974.0,979.4500122070312,970.0999755859375,974.7999877929688,953.5856323242188,22255418,HDFCBANK.NS
2025-06-06,972.0,998.1500244140625,971.3499755859375,989.3499755859375,967.8189697265625,30127008,HDFCBANK.NS
2025-06-09,997.5,997.5,987.9500122070312,989.4500122070312,967.9168090820312,13202588,HDFCBANK.NS
2025-06-10,991.4000244140625,991.4000244140625,980.5499877929688,982.6500244140625,961.2648315429688,15533126,HDFCBANK.NS
2025-06-11,983.7999877929688,983.7999877929688,973.5,975.2000122070312,953.9769287109375,11096394,HDFCBANK.NS
2025-06-12,975.0,980.5,967.6500244140625,971.7000122070312,950.5531005859375,16349130,HDFCBANK.NS
2025-06-13,960.0,966.5,956.5,958.7999877929688,937.933837890625,12117762,HDFCBANK.NS
2025-06-16,962.0,969.4500122070312,960.0499877929688,967.7000122070312,946.64013671875,16513746,HDFCBANK.NS
2025-06-17,968.5,970.7999877929688,959.5499877929688,964.7999877929688,943.80322265625,16978736,HDFCBANK.NS
2025-06-18,958.5,968.1500244140625,958.5,966.9500122070312,945.906494140625,18433816,HDFCBANK.NS
2025-06-19,966.9500122070312,973.4000244140625,962.7999877929688,967.6500244140625,946.5912475585938,16876220,HDFCBANK.NS
2025-06-20,965.7999877929688,984.9500122070312,965.7999877929688,982.3499755859375,960.9713134765625,32900408,HDFCBANK.NS
2025-06-23,974.2000122070312,978.9500122070312,970.9000244140625,974.2000122070312,952.9987182617188,11739518,HDFCBANK.NS
2025-06-24,982.5,989.5,977.7999877929688,980.4500122070312,959.1126708984375,22625322,HDFCBANK.NS
2025-06-25,983.0,991.0,981.9500122070312,990.0999755859375,968.5526123046875,18405932,HDFCBANK.NS
2025-06-26,990.7000122070312,1013.5499877929688,990.0,1010.9000244140625,988.9000244140625,50084830,HDFCBANK.NS
2025-06-27,1006.5,1009.9000244140625,996.7000122070312,1007.4500122070312,1007.4500122070312,28213384,HDFCBANK.NS
2025-06-30,1005.75,1006.9000244140625,997.75,1000.75,1000.75,13649020,HDFCBANK.NS
2025-07-01,1002.5,1008.0,1002.0,1006.0499877929688,1006.0499877929688,14389386,HDFCBANK.NS
2025-07-02,1009.9500122070312,1009.9500122070312,988.9500122070312,993.0,993.0,18878250,HDFCBANK.NS
2025-07-03,997.4500122070312,1004.0,992.1500244140625,993.5499877929688,993.5499877929688,16860506,HDFCBANK.NS
2025-07-04,993.5499877929688,1001.75,990.0,994.6500244140625,994.6500244140625,7863944,HDFCBANK.NS
2025-07-07,994.5,999.2000122070312,991.9000244140625,993.7000122070312,993.7000122070312,11349426,HDFCBANK.NS
2025-07-08,988.5,1002.5,988.5,1000.7000122070312,1000.7000122070312,15224316,HDFCBANK.NS
2025-07-09,1003.5,1006.9000244140625,999.0499877929688,1005.5999755859375,1005.5999755859375,13861428,HDFCBANK.NS
2025-07-10,1008.0,1008.5,1000.0,1003.0999755859375,1003.0999755859375,17030310,HDFCBANK.NS
2025-07-11,999.0,1002.4000244140625,990.4500122070312,991.8499755859375,991.8499755859375,12516922,HDFCBANK.NS
2025-07-14,991.5,994.3499755859375,985.2999877929688,991.5,991.5,13088850,HDFCBANK.NS
2025-07-15,986.5,1001.7999877929688,986.5,997.75,997.75,14498168,HDFCBANK.NS
2025-07-16,1009.0,1011.3499755859375,996.2999877929688,998.1500244140625,998.1500244140625,17994612,HDFCBANK.NS
2025-07-17,1002.0,1002.4000244140625,991.3499755859375,993.4500122070312,993.4500122070312,22529158,HDFCBANK.NS
2025-07-18,993.4500122070312,998.5,976.5,978.7000122070312,978.7000122070312,16129446,HDFCBANK.NS
2025-07-21,989.0999755859375,1001.0,988.25,1000.25,1000.25,22309078,HDFCBANK.NS
2025-07-22,1006.5499877929688,1009.0,1001.5,1003.5499877929688,1003.5499877929688,14836814,HDFCBANK.NS
2025-07-23,1005.5,1014.9000244140625,1001.5,1012.1500244140625,1012.1500244140625,13634916,HDFCBANK.NS
2025-07-24,1018.8499755859375,1018.8499755859375,1004.2000122070312,1007.0999755859375,1007.0999755859375,19107176,HDFCBANK.NS
2025-07-25,1007.5,1007.5,999.5,1002.2999877929688,1002.2999877929688,9306598,HDFCBANK.NS
2025-07-28,1001.5,1010.7000122070312,1000.25,1004.25,1004.25,12059580,HDFCBANK.NS
2025-07-29,999.9500122070312,1013.25,998.1500244140625,1010.7999877929688,1010.7999877929688,19895696,HDFCBANK.NS
2025-07-30,1014.0,1016.2999877929688,1008.5,1012.9000244140625,1012.9000244140625,15154036,HDFCBANK.NS
2025-07-31,1007.2999877929688,1015.7000122070312,1004.0,1009.0999755859375,1009.0999755859375,22183032,HDFCBANK.NS
2025-08-01,1007.0,1014.1500244140625,1004.6500244140625,1006.0999755859375,1006.0999755859375,11317258,HDFCBANK.NS
2025-08-04,1005.0499877929688,1009.25,994.0499877929688,996.0,996.0,13933946,HDFCBANK.NS
2025-08-05,993.25,997.2000122070312,982.75,988.7999877929688,988.7999877929688,23978058,HDFCBANK.NS
2025-08-06,985.5499877929688,994.0,985.0,992.6500244140625,992.6500244140625,14080204,HDFCBANK.NS
2025-08-07,990.0499877929688,1000.7999877929688,988.4000244140625,997.7000122070312,997.7000122070312,13081186,HDFCBANK.NS
2025-08-08,993.5499877929688,996.4000244140625,985.0,986.9500122070312,986.9500122070312,13895264,HDFCBANK.NS
2025-08-11,987.9500122070312,998.7999877929688,986.5499877929688,997.7999877929688,997.7999877929688,9105854,HDFCBANK.NS
2025-08-12,995.9500122070312,998.0,983.75,984.9500122070312,984.9500122070312,12937802,HDFCBANK.NS
2025-08-13,997.0,997.0,984.5499877929688,990.1500244140625,990.1500244140625,13577396,HDFCBANK.NS
2025-08-14,989.0,998.0,985.5999755859375,995.5499877929688,995.5499877929688,17511716,HDFCBANK.NS
2025-08-18,1005.0,1013.2999877929688,997.7999877929688,1001.7999877929688,1001.7999877929688,19284796,HDFCBANK.NS
2025-08-19,999.1500244140625,1003.0499877929688,993.3499755859375,995.5499877929688,995.5499877929688,12352438,HDFCBANK.NS
2025-08-20,993.5,996.0,989.5,994.0999755859375,994.0999755859375,9950228,HDFCBANK.NS
2025-08-21,998.75,998.75,991.5999755859375,995.5999755859375,995.5999755859375,12439850,HDFCBANK.NS
2025-08-22,994.9500122070312,998.0,978.5499877929688,982.2999877929688,982.2999877929688,19833502,HDFCBANK.NS
2025-08-25,980.0999755859375,988.7000122070312,978.5,982.0499877929688,982.0499877929688,17518044,HDFCBANK.NS
2025-08-26,979.5,985.7000122070312,968.0,973.4000244140625,973.4000244140625,16917731,HDFCBANK.NS
2025-08-27,973.4000244140625,973.4000244140625,973.4000244140625,973.4000244140625,973.4000244140625,0,HDFCBANK.NS
2025-08-28,967.0,972.2000122070312,955.0,957.7999877929688,957.7999877929688,25438255,HDFCBANK.NS
2025-08-29,954.0,963.2999877929688,950.0999755859375,951.5999755859375,951.5999755859375,14823813,HDFCBANK.NS
2025-09-01,949.5999755859375,957.4500122070312,946.3499755859375,950.5999755859375,950.5999755859375,20178344,HDFCBANK.NS
2025-09-02,951.0,954.7999877929688,944.0,944.5,944.5,14196320,HDFCBANK.NS
2025-09-03,945.0,956.2999877929688,940.0,954.4500122070312,954.4500122070312,16083481,HDFCBANK.NS
2025-09-04,960.2000122070312,965.7000122070312,956.25,961.25,961.25,17597657,HDFCBANK.NS
2025-09-05,967.5,967.5,954.0499877929688,963.4000244140625,963.4000244140625,11602111,HDFCBANK.NS
2025-09-08,969.0,973.1500244140625,960.4500122070312,966.0,966.0,11711307,HDFCBANK.NS
2025-09-09,974.0,974.4000244140625,962.7000122070312,965.1500244140625,965.1500244140625,13985539,HDFCBANK.NS
