date,open,high,low,close,adj_close,volume,ticker
2020-09-11,934.9000244140625,954.1500244140625,931.0,945.7000122070312,841.0606689453125,6671903,INFY.NS
2020-09-14,957.0,991.0499877929688,948.2999877929688,978.4000244140625,870.1424560546875,21871587,INFY.NS
2020-09-15,979.5,994.0,971.6500244140625,982.4500122070312,873.744384765625,11608203,INFY.NS
2020-09-16,986.0,1005.6500244140625,982.0,1001.75,890.9088745117188,10059251,INFY.NS
2020-09-17,995.0,1021.0,995.0,1011.0,899.1353759765625,15628241,INFY.NS
2020-09-18,1011.0,1018.7999877929688,999.0999755859375,1002.1500244140625,891.2645874023438,12897633,INFY.NS
2020-09-21,1001.0,1031.0,1000.5,1009.9000244140625,898.1570434570312,14140637,INFY.NS
2020-09-22,1009.0,1022.5,991.2000122070312,1007.5,896.0225830078125,12625762,INFY.NS
2020-09-23,1020.1500244140625,1037.0,1008.0999755859375,1019.75,906.917236328125,13486204,INFY.NS
2020-09-24,1003.0,1009.0,970.0,975.4000244140625,867.4744262695312,14427432,INFY.NS
2020-09-25,975.7999877929688,1014.9000244140625,975.0,1011.4500122070312,899.5355834960938,13311078,INFY.NS
2020-09-28,1014.7999877929688,1016.1500244140625,998.5,1010.4000244140625,898.6016845703125,8554526,INFY.NS
2020-09-29,1018.0,1028.0,1004.0999755859375,1009.0,897.3565673828125,8708463,INFY.NS
2020-09-30,1009.0,1023.9500122070312,1005.0,1008.25,896.6896362304688,8048817,INFY.NS
2020-10-01,1020.5999755859375,1026.5,1011.75,1017.6500244140625,905.049560546875,5563358,INFY.NS
2020-10-05,1018.0499877929688,1054.9000244140625,1018.0499877929688,1048.699951171875,932.663818359375,14212509,INFY.NS
2020-10-06,1055.0,1060.0,1031.3499755859375,1055.75,938.933837890625,9090819,INFY.NS
2020-10-07,1044.9000244140625,1072.0,1035.5,1066.550048828125,948.5389404296875,9284008,INFY.NS
2020-10-08,1090.0,1124.0,1088.4000244140625,1093.699951171875,972.6846923828125,21482613,INFY.NS
2020-10-09,1095.0999755859375,1113.300048828125,1088.449951171875,1106.800048828125,984.3353881835938,10567867,INFY.NS
2020-10-12,1123.0,1140.0,1112.0999755859375,1132.0999755859375,1006.8358154296875,14633537,INFY.NS
2020-10-13,1135.550048828125,1166.050048828125,1135.550048828125,1157.800048828125,1029.6923828125,17523825,INFY.NS
2020-10-14,1162.0,1164.9000244140625,1131.0999755859375,1137.0,1011.19384765625,16649573,INFY.NS
2020-10-15,1180.0,1186.0,1092.5,1108.25,985.6248779296875,44288251,INFY.NS
2020-10-16,1113.8499755859375,1135.949951171875,1096.9000244140625,1127.5,1002.7448120117188,18365685,INFY.NS
2020-10-19,1135.0,1139.0,1115.300048828125,1125.9000244140625,1001.3219604492188,12902123,INFY.NS
2020-10-20,1118.9000244140625,1144.699951171875,1110.0,1137.5,1011.638427734375,10448776,INFY.NS
2020-10-21,1141.1500244140625,1154.3499755859375,1135.0,1148.3499755859375,1021.2877807617188,19811433,INFY.NS
2020-10-22,1142.0,1158.0,1123.800048828125,1129.050048828125,1004.1234130859375,11271335,INFY.NS
2020-10-23,1133.0,1135.0,1120.1500244140625,1122.5,1009.0224609375,9069862,INFY.NS
2020-10-26,1122.25,1129.5999755859375,1103.1500244140625,1112.449951171875,999.9884033203125,6309368,INFY.NS
2020-10-27,1105.699951171875,1109.699951171875,1077.1500244140625,1090.8499755859375,980.5721435546875,10172479,INFY.NS
2020-10-28,1095.5,1104.75,1070.050048828125,1076.550048828125,967.7177734375,7608392,INFY.NS
2020-10-29,1070.0,1082.0,1060.0999755859375,1074.8499755859375,966.1895751953125,6935616,INFY.NS
2020-10-30,1072.0,1083.5999755859375,1052.3499755859375,1060.5999755859375,953.3800659179688,8800386,INFY.NS
2020-11-02,1065.0,1079.949951171875,1051.0999755859375,1072.300048828125,963.8973388671875,7183119,INFY.NS
2020-11-03,1072.0,1079.4000244140625,1057.5,1062.550048828125,955.1329956054688,7204782,INFY.NS
2020-11-04,1068.0,1116.0,1066.800048828125,1093.949951171875,983.3584594726562,15702690,INFY.NS
2020-11-05,1109.9000244140625,1123.0,1099.0,1104.0,992.392578125,9568890,INFY.NS
2020-11-06,1108.0,1121.0999755859375,1091.699951171875,1112.75,1000.2582397460938,8807127,INFY.NS
2020-11-09,1129.300048828125,1146.0,1121.1500244140625,1136.550048828125,1021.6521606445312,10160320,INFY.NS
2020-11-10,1113.8499755859375,1113.8499755859375,1078.0,1091.050048828125,980.7518920898438,15622869,INFY.NS
2020-11-11,1096.0,1126.3499755859375,1087.0,1122.5,1009.0224609375,12514800,INFY.NS
2020-11-12,1128.0999755859375,1142.0,1113.75,1117.75,1004.7525634765625,9180976,INFY.NS
2020-11-13,1120.0,1133.0,1117.0,1124.199951171875,1010.550537109375,6363212,INFY.NS
2020-11-14,1137.0,1139.6500244140625,1131.0999755859375,1133.449951171875,1018.8655395507812,1136144,INFY.NS
2020-11-17,1144.75,1145.0,1112.6500244140625,1123.699951171875,1010.10107421875,12813968,INFY.NS
2020-11-18,1128.5,1132.699951171875,1101.449951171875,1110.550048828125,998.2806396484375,9839468,INFY.NS
2020-11-19,1100.0,1114.699951171875,1093.800048828125,1096.75,985.8756713867188,10092343,INFY.NS
2020-11-20,1106.0,1109.0,1091.0999755859375,1103.3499755859375,991.8082885742188,8063554,INFY.NS
2020-11-23,1105.0,1144.800048828125,1101.949951171875,1139.8499755859375,1024.6181640625,10546363,INFY.NS
2020-11-24,1145.0,1154.9000244140625,1133.3499755859375,1140.050048828125,1024.7982177734375,8515426,INFY.NS
2020-11-25,1137.0,1143.5,1111.25,1115.6500244140625,1002.864990234375,8958701,INFY.NS
2020-11-26,1119.949951171875,1119.949951171875,1098.300048828125,1113.199951171875,1000.66259765625,10962256,INFY.NS
2020-11-27,1118.0,1121.0,1091.0,1100.0,988.797119140625,25306145,INFY.NS
2020-12-01,1105.050048828125,1140.25,1105.050048828125,1137.8499755859375,1022.8204956054688,8933802,INFY.NS
2020-12-02,1134.0,1147.449951171875,1121.0,1140.9000244140625,1025.562255859375,6741637,INFY.NS
2020-12-03,1147.0,1147.0,1122.699951171875,1126.449951171875,1012.5730590820312,16212632,INFY.NS
2020-12-04,1125.0,1137.0,1115.0,1134.6500244140625,1019.944091796875,10564055,INFY.NS
2020-12-07,1147.300048828125,1153.0,1136.0,1143.5,1027.8995361328125,7792141,INFY.NS
2020-12-08,1145.0,1167.0,1145.0,1153.3499755859375,1036.753662109375,12308330,INFY.NS
2020-12-09,1168.050048828125,1179.5,1157.0,1175.199951171875,1056.3948974609375,10039346,INFY.NS
2020-12-10,1157.4000244140625,1171.6500244140625,1150.0,1167.75,1049.697998046875,9488782,INFY.NS
2020-12-11,1159.699951171875,1171.949951171875,1155.25,1163.199951171875,1045.6077880859375,10574009,INFY.NS
2020-12-14,1169.4000244140625,1172.5999755859375,1148.199951171875,1164.550048828125,1046.821533203125,6728187,INFY.NS
2020-12-15,1156.0,1163.699951171875,1152.0,1154.5999755859375,1037.8773193359375,6905926,INFY.NS
2020-12-16,1160.0,1168.9000244140625,1153.5999755859375,1165.699951171875,1047.8551025390625,7788404,INFY.NS
2020-12-17,1165.9000244140625,1168.9000244140625,1156.199951171875,1159.199951171875,1042.0123291015625,6658153,INFY.NS
2020-12-18,1182.8499755859375,1195.0,1175.5999755859375,1189.800048828125,1069.5189208984375,15995676,INFY.NS
2020-12-21,1188.0,1209.75,1152.050048828125,1177.300048828125,1058.282470703125,10858352,INFY.NS
2020-12-22,1182.0,1223.8499755859375,1176.0999755859375,1220.5,1097.1153564453125,10901851,INFY.NS
2020-12-23,1238.0,1258.8499755859375,1230.550048828125,1253.050048828125,1126.3746337890625,15878346,INFY.NS
2020-12-24,1249.9000244140625,1249.9000244140625,1226.0,1236.050048828125,1111.0931396484375,7313885,INFY.NS
2020-12-28,1238.449951171875,1248.0,1236.0,1240.300048828125,1114.9136962890625,4607051,INFY.NS
2020-12-29,1235.0,1254.449951171875,1235.0,1250.300048828125,1123.9027099609375,6878105,INFY.NS
2020-12-30,1253.0,1253.300048828125,1238.1500244140625,1246.800048828125,1120.756591796875,5194690,INFY.NS
2020-12-31,1243.0,1258.4000244140625,1239.0,1255.800048828125,1128.8468017578125,7430470,INFY.NS
2021-01-01,1257.9000244140625,1265.5,1255.800048828125,1260.449951171875,1133.026611328125,4253550,INFY.NS
2021-01-04,1269.0,1290.0,1261.1500244140625,1288.25,1158.01611328125,7208454,INFY.NS
2021-01-05,1282.0,1299.0,1275.050048828125,1293.800048828125,1163.005126953125,8145280,INFY.NS
2021-01-06,1300.0,1302.0,1268.050048828125,1282.0999755859375,1152.48779296875,7161715,INFY.NS
2021-01-07,1296.0,1297.6500244140625,1255.5,1262.1500244140625,1134.5548095703125,10954918,INFY.NS
2021-01-08,1278.25,1316.800048828125,1278.25,1312.0999755859375,1179.455078125,13186251,INFY.NS
2021-01-11,1342.0999755859375,1383.3499755859375,1340.0,1376.199951171875,1237.0748291015625,20528626,INFY.NS
2021-01-12,1378.0,1378.0,1360.0,1371.75,1233.0748291015625,8309868,INFY.NS
2021-01-13,1373.8499755859375,1392.800048828125,1360.0,1387.1500244140625,1246.9180908203125,14442997,INFY.NS
2021-01-14,1360.0,1384.0,1318.449951171875,1370.5,1231.9512939453125,27521697,INFY.NS
2021-01-15,1360.0,1364.449951171875,1340.0,1344.949951171875,1208.984130859375,15018441,INFY.NS
2021-01-18,1338.0,1340.0,1306.0,1312.050048828125,1179.41015625,8861765,INFY.NS
2021-01-19,1320.0,1331.0,1312.0,1316.6500244140625,1183.544921875,5585744,INFY.NS
2021-01-20,1320.550048828125,1348.4000244140625,1320.550048828125,1339.449951171875,1204.0400390625,8225838,INFY.NS
2021-01-21,1350.0,1361.050048828125,1335.0,1339.699951171875,1204.2650146484375,6142421,INFY.NS
2021-01-22,1327.0,1356.0,1326.550048828125,1340.8499755859375,1205.2984619140625,9646591,INFY.NS
2021-01-25,1345.0,1347.9000244140625,1313.0,1325.0999755859375,1191.140625,6542611,INFY.NS
2021-01-27,1319.5999755859375,1327.550048828125,1285.0999755859375,1301.0,1169.4771728515625,8133665,INFY.NS
2021-01-28,1291.800048828125,1296.449951171875,1272.550048828125,1276.199951171875,1147.184326171875,4660690,INFY.NS
2021-01-29,1286.25,1291.1500244140625,1231.0,1239.050048828125,1113.7899169921875,12183519,INFY.NS
2021-02-01,1250.550048828125,1277.949951171875,1241.0,1260.9000244140625,1133.430908203125,8880279,INFY.NS
2021-02-02,1280.0,1294.4000244140625,1263.5999755859375,1271.25,1142.7347412109375,6892490,INFY.NS
2021-02-03,1277.6500244140625,1304.0,1273.0,1284.6500244140625,1154.7801513671875,8182968,INFY.NS
2021-02-04,1285.0,1293.4000244140625,1272.050048828125,1279.3499755859375,1150.015869140625,5032240,INFY.NS
2021-02-05,1286.4000244140625,1288.75,1262.0,1272.0999755859375,1143.4989013671875,5477481,INFY.NS
2021-02-08,1285.5,1310.0,1275.5,1303.550048828125,1171.76953125,6921922,INFY.NS
2021-02-09,1306.9000244140625,1332.0,1297.8499755859375,1305.550048828125,1173.5672607421875,7965949,INFY.NS
2021-02-10,1295.800048828125,1304.3499755859375,1283.5999755859375,1296.5,1165.43212890625,5951207,INFY.NS
2021-02-11,1289.0,1296.0,1283.050048828125,1292.6500244140625,1161.9713134765625,4673317,INFY.NS
2021-02-12,1305.0,1323.75,1301.550048828125,1309.800048828125,1177.3876953125,5797875,INFY.NS
2021-02-15,1320.0,1328.4000244140625,1307.0999755859375,1309.6500244140625,1177.2528076171875,4363513,INFY.NS
2021-02-16,1314.0,1319.75,1286.0,1290.4000244140625,1159.948974609375,6896421,INFY.NS
2021-02-17,1290.4000244140625,1294.5,1275.0,1281.300048828125,1151.768798828125,4575741,INFY.NS
2021-02-18,1276.0,1306.0,1275.0,1292.449951171875,1161.79150390625,6437551,INFY.NS
2021-02-19,1296.0999755859375,1299.5,1276.800048828125,1291.300048828125,1160.7578125,5389696,INFY.NS
2021-02-22,1295.0,1308.550048828125,1260.0,1265.199951171875,1137.2962646484375,7371303,INFY.NS
2021-02-23,1271.1500244140625,1291.0,1257.550048828125,1266.3499755859375,1138.3299560546875,6612942,INFY.NS
2021-02-24,1260.050048828125,1276.5999755859375,1252.0,1274.300048828125,1145.4764404296875,4537258,INFY.NS
2021-02-25,1288.449951171875,1299.75,1272.0,1274.550048828125,1145.701171875,8788221,INFY.NS
2021-02-26,1269.0,1274.300048828125,1244.75,1253.300048828125,1126.599365234375,15132388,INFY.NS
2021-03-01,1263.300048828125,1284.5,1259.0,1267.0,1138.9144287109375,5756286,INFY.NS
2021-03-02,1282.25,1310.0,1279.199951171875,1304.5,1172.623291015625,10461434,INFY.NS
2021-03-03,1319.199951171875,1347.0,1308.0,1343.550048828125,1207.725830078125,9056399,INFY.NS
2021-03-04,1335.0,1363.8499755859375,1325.9000244140625,1330.3499755859375,1195.860107421875,12041941,INFY.NS
2021-03-05,1328.5,1340.0,1305.050048828125,1316.699951171875,1183.5902099609375,6486176,INFY.NS
2021-03-08,1324.800048828125,1346.0999755859375,1317.199951171875,1335.75,1200.7142333984375,5119392,INFY.NS
2021-03-09,1329.5,1350.449951171875,1318.75,1345.550048828125,1209.5235595703125,6518173,INFY.NS
2021-03-10,1356.9000244140625,1374.0,1355.0,1368.1500244140625,1229.8388671875,7925984,INFY.NS
2021-03-12,1373.0,1391.699951171875,1370.050048828125,1374.8499755859375,1235.8614501953125,9462061,INFY.NS
2021-03-15,1370.0,1379.9000244140625,1358.5,1373.5999755859375,1234.7379150390625,6658635,INFY.NS
2021-03-16,1386.050048828125,1406.0,1380.5,1384.0,1244.0865478515625,9352771,INFY.NS
2021-03-17,1392.25,1400.0,1382.0,1387.0,1246.782958984375,7626744,INFY.NS
2021-03-18,1393.75,1393.75,1313.5,1337.0999755859375,1201.9276123046875,10961755,INFY.NS
2021-03-19,1330.0,1355.199951171875,1318.0,1344.449951171875,1208.5345458984375,12767112,INFY.NS
2021-03-22,1350.0999755859375,1376.0,1336.0999755859375,1370.800048828125,1232.220947265625,4862758,INFY.NS
2021-03-23,1372.449951171875,1383.25,1359.5999755859375,1371.550048828125,1232.89501953125,7165335,INFY.NS
2021-03-24,1357.8499755859375,1370.449951171875,1346.25,1353.75,1216.89453125,6134303,INFY.NS
2021-03-25,1346.75,1352.5,1327.5999755859375,1333.800048828125,1198.96142578125,8749994,INFY.NS
2021-03-26,1344.699951171875,1356.699951171875,1332.0,1336.199951171875,1201.1185302734375,4922071,INFY.NS
2021-03-30,1346.9000244140625,1400.0,1336.1500244140625,1385.300048828125,1245.2552490234375,10546381,INFY.NS
2021-03-31,1382.0,1388.0,1363.300048828125,1368.050048828125,1229.7489013671875,8220987,INFY.NS
2021-04-01,1380.0,1391.5999755859375,1371.0,1385.199951171875,1245.1649169921875,5675155,INFY.NS
2021-04-05,1391.0,1425.0,1387.0,1409.9000244140625,1267.3680419921875,9479572,INFY.NS
2021-04-06,1423.0,1426.0,1406.449951171875,1411.050048828125,1268.40185546875,5793571,INFY.NS
2021-04-07,1410.25,1434.949951171875,1406.5999755859375,1430.199951171875,1285.6158447265625,5879234,INFY.NS
2021-04-08,1430.0,1451.699951171875,1421.0,1439.8499755859375,1294.290283203125,5654434,INFY.NS
2021-04-09,1455.0,1455.0,1430.050048828125,1441.050048828125,1295.3692626953125,6052712,INFY.NS
2021-04-12,1474.0,1477.550048828125,1415.0,1425.75,1281.6156005859375,20384532,INFY.NS
2021-04-13,1433.0,1435.25,1375.0,1397.1500244140625,1255.9071044921875,14855206,INFY.NS
2021-04-15,1332.300048828125,1366.4000244140625,1320.0,1360.75,1223.186767578125,25342491,INFY.NS
2021-04-16,1365.0,1370.8499755859375,1346.5999755859375,1353.75,1216.89453125,10879878,INFY.NS
2021-04-19,1340.0,1379.699951171875,1332.3499755859375,1362.550048828125,1224.8048095703125,12508028,INFY.NS
2021-04-20,1379.0,1379.0,1342.4000244140625,1351.3499755859375,1214.7371826171875,8560766,INFY.NS
2021-04-22,1355.550048828125,1364.800048828125,1345.1500244140625,1351.0999755859375,1214.5123291015625,6622446,INFY.NS
2021-04-23,1343.0,1348.4000244140625,1331.0,1333.800048828125,1198.96142578125,7316262,INFY.NS
2021-04-26,1332.25,1351.300048828125,1321.0,1343.550048828125,1207.725830078125,7088606,INFY.NS
2021-04-27,1346.0,1353.0,1340.1500244140625,1348.5,1212.17529296875,3636115,INFY.NS
2021-04-28,1358.0,1359.5,1344.5999755859375,1356.0,1218.9171142578125,4879234,INFY.NS
2021-04-29,1368.0,1369.0,1351.4000244140625,1356.3499755859375,1219.2315673828125,5412357,INFY.NS
2021-04-30,1346.300048828125,1373.9000244140625,1345.9000244140625,1354.3499755859375,1217.4339599609375,8354677,INFY.NS
2021-05-03,1340.800048828125,1361.0,1338.0,1352.050048828125,1215.366455078125,4560337,INFY.NS
2021-05-04,1354.0,1354.949951171875,1324.0999755859375,1329.4000244140625,1195.0059814453125,4887060,INFY.NS
2021-05-05,1341.0999755859375,1343.9000244140625,1327.800048828125,1341.5,1205.8828125,3939788,INFY.NS
2021-05-06,1345.0,1364.699951171875,1337.4000244140625,1361.5999755859375,1223.9510498046875,4810090,INFY.NS
2021-05-07,1365.300048828125,1373.050048828125,1348.5,1352.550048828125,1215.8157958984375,4991435,INFY.NS
2021-05-10,1349.8499755859375,1352.9000244140625,1335.050048828125,1339.550048828125,1204.1300048828125,7195348,INFY.NS
2021-05-11,1336.9000244140625,1341.0,1325.0999755859375,1330.6500244140625,1196.1297607421875,6420988,INFY.NS
2021-05-12,1330.0,1330.0,1314.5,1327.0,1192.8486328125,5241898,INFY.NS
2021-05-14,1326.8499755859375,1326.8499755859375,1311.300048828125,1316.4000244140625,1183.3203125,4824609,INFY.NS
2021-05-17,1320.300048828125,1334.949951171875,1320.300048828125,1329.4000244140625,1195.0059814453125,5017129,INFY.NS
2021-05-18,1338.0,1344.5999755859375,1329.5,1340.0,1204.534423828125,5620150,INFY.NS
2021-05-19,1342.0,1357.449951171875,1333.25,1337.0,1201.837646484375,4435878,INFY.NS
2021-05-20,1348.4000244140625,1349.0999755859375,1335.0,1339.300048828125,1203.9053955078125,4490092,INFY.NS
2021-05-21,1347.5,1357.5,1346.3499755859375,1354.5,1217.56884765625,4969733,INFY.NS
2021-05-24,1356.6500244140625,1363.0,1345.0999755859375,1348.050048828125,1211.770751953125,4225371,INFY.NS
2021-05-25,1358.0,1368.0,1354.449951171875,1361.5999755859375,1223.9510498046875,4099340,INFY.NS
2021-05-26,1367.9000244140625,1400.0,1362.050048828125,1397.25,1255.9969482421875,6850024,INFY.NS
2021-05-27,1404.199951171875,1416.25,1391.699951171875,1402.25,1260.4915771484375,15365391,INFY.NS
2021-05-28,1409.75,1414.0,1396.0999755859375,1405.050048828125,1263.008544921875,4261312,INFY.NS
2021-05-31,1401.5,1401.5,1383.0,1393.75,1266.370361328125,4429904,INFY.NS
2021-06-01,1400.0,1401.0,1378.6500244140625,1387.199951171875,1260.4188232421875,4791325,INFY.NS
2021-06-02,1380.75,1391.949951171875,1365.0,1378.6500244140625,1252.6502685546875,9272276,INFY.NS
2021-06-03,1388.0999755859375,1399.0,1377.050048828125,1389.6500244140625,1262.6448974609375,5115645,INFY.NS
2021-06-04,1393.949951171875,1396.9000244140625,1377.6500244140625,1385.6500244140625,1259.0106201171875,4194328,INFY.NS
2021-06-07,1391.0,1392.0,1377.300048828125,1389.6500244140625,1262.6448974609375,5154576,INFY.NS
2021-06-08,1396.0,1421.75,1395.550048828125,1412.949951171875,1283.8155517578125,7360630,INFY.NS
2021-06-09,1413.4000244140625,1425.0,1404.5999755859375,1415.300048828125,1285.9508056640625,5394317,INFY.NS
2021-06-10,1424.0,1429.0,1419.0,1424.300048828125,1294.1282958984375,3496575,INFY.NS
2021-06-11,1430.0999755859375,1451.5999755859375,1429.449951171875,1446.9000244140625,1314.6627197265625,6140828,INFY.NS
2021-06-14,1471.0,1477.0,1453.449951171875,1461.800048828125,1328.200927734375,7132294,INFY.NS
2021-06-15,1464.0,1476.0,1463.0,1473.9000244140625,1339.1951904296875,5403104,INFY.NS
2021-06-16,1472.699951171875,1489.449951171875,1467.5,1480.5999755859375,1345.282958984375,7661710,INFY.NS
2021-06-17,1475.0999755859375,1502.6500244140625,1475.0999755859375,1495.300048828125,1358.6392822265625,7677951,INFY.NS
2021-06-18,1509.0,1515.800048828125,1487.4000244140625,1503.300048828125,1365.908203125,13533974,INFY.NS
2021-06-21,1493.0,1505.800048828125,1484.199951171875,1500.300048828125,1363.1824951171875,5454052,INFY.NS
2021-06-22,1509.699951171875,1521.449951171875,1502.0999755859375,1511.8499755859375,1373.6767578125,6427862,INFY.NS
2021-06-23,1525.0,1525.0,1498.6500244140625,1503.1500244140625,1365.77197265625,5529809,INFY.NS
2021-06-24,1517.0,1568.75,1511.199951171875,1559.199951171875,1416.69921875,10785137,INFY.NS
2021-06-25,1572.0,1578.0,1543.0,1574.199951171875,1430.3282470703125,9780240,INFY.NS
2021-06-28,1572.9000244140625,1580.1500244140625,1560.5999755859375,1571.800048828125,1428.147705078125,5019178,INFY.NS
2021-06-29,1561.0,1573.6500244140625,1559.199951171875,1563.050048828125,1420.1973876953125,5913567,INFY.NS
2021-06-30,1572.050048828125,1591.0,1572.050048828125,1580.800048828125,1436.3251953125,6058722,INFY.NS
2021-07-01,1576.8499755859375,1576.8499755859375,1559.050048828125,1560.4000244140625,1417.78955078125,4814317,INFY.NS
2021-07-02,1558.949951171875,1569.449951171875,1542.5999755859375,1567.800048828125,1424.5133056640625,5166064,INFY.NS
2021-07-05,1569.1500244140625,1585.0,1561.050048828125,1578.949951171875,1434.6439208984375,4058338,INFY.NS
2021-07-06,1573.699951171875,1586.75,1557.0999755859375,1562.199951171875,1419.4249267578125,4089574,INFY.NS
2021-07-07,1566.050048828125,1570.550048828125,1544.6500244140625,1564.5999755859375,1421.605712890625,4797120,INFY.NS
2021-07-08,1568.0,1576.0,1549.0,1560.75,1418.1075439453125,3326813,INFY.NS
2021-07-09,1556.0,1569.9000244140625,1551.0,1562.9000244140625,1420.0611572265625,3436594,INFY.NS
2021-07-12,1570.550048828125,1578.0,1533.75,1547.8499755859375,1406.386474609375,4588982,INFY.NS
2021-07-13,1556.4000244140625,1556.4000244140625,1536.300048828125,1544.949951171875,1403.7515869140625,4456160,INFY.NS
2021-07-14,1554.0,1582.800048828125,1538.0999755859375,1576.9000244140625,1432.7816162109375,5657716,INFY.NS
2021-07-15,1557.9000244140625,1596.8499755859375,1556.0,1580.800048828125,1436.3251953125,10021355,INFY.NS
2021-07-16,1573.75,1574.6500244140625,1549.5999755859375,1555.449951171875,1413.291748046875,6265593,INFY.NS
2021-07-19,1544.699951171875,1552.9000244140625,1537.550048828125,1541.699951171875,1400.7984619140625,5669162,INFY.NS
2021-07-20,1538.300048828125,1557.699951171875,1538.0,1550.050048828125,1408.385498046875,5069939,INFY.NS
2021-07-22,1561.4000244140625,1592.8499755859375,1561.4000244140625,1590.199951171875,1444.865966796875,7854575,INFY.NS
2021-07-23,1588.550048828125,1598.5,1585.050048828125,1590.449951171875,1445.09326171875,4179719,INFY.NS
2021-07-26,1594.0999755859375,1611.6500244140625,1594.0999755859375,1603.9000244140625,1457.31396484375,4586710,INFY.NS
2021-07-27,1605.0,1609.300048828125,1597.9000244140625,1602.550048828125,1456.08740234375,5892859,INFY.NS
2021-07-28,1605.0999755859375,1607.5999755859375,1585.5,1605.5999755859375,1458.8585205078125,4686788,INFY.NS
2021-07-29,1600.0999755859375,1620.0,1600.0999755859375,1617.0,1469.2166748046875,4660873,INFY.NS
2021-07-30,1610.0,1623.4000244140625,1606.1500244140625,1610.5,1463.3109130859375,6234257,INFY.NS
2021-08-02,1627.449951171875,1634.75,1619.199951171875,1631.550048828125,1482.4368896484375,5553389,INFY.NS
2021-08-03,1647.0,1658.6500244140625,1635.5999755859375,1655.199951171875,1503.9254150390625,5513668,INFY.NS
2021-08-04,1669.0999755859375,1679.9000244140625,1639.050048828125,1649.25,1498.519287109375,6740391,INFY.NS
2021-08-05,1649.5,1666.0,1647.050048828125,1653.550048828125,1502.42626953125,5420536,INFY.NS
2021-08-06,1657.0,1660.6500244140625,1644.0,1650.199951171875,1499.38232421875,3754855,INFY.NS
2021-08-09,1661.0,1667.449951171875,1646.4000244140625,1663.300048828125,1511.2852783203125,5018477,INFY.NS
2021-08-10,1668.0,1680.0,1661.050048828125,1677.25,1523.9600830078125,6846517,INFY.NS
2021-08-11,1674.800048828125,1684.0,1668.0,1677.550048828125,1524.2327880859375,4899639,INFY.NS
2021-08-12,1679.1500244140625,1696.5,1674.0,1689.5999755859375,1535.181396484375,5659579,INFY.NS
2021-08-13,1697.0,1722.5,1691.300048828125,1712.199951171875,1555.7159423828125,5612790,INFY.NS
2021-08-16,1707.699951171875,1719.949951171875,1690.0999755859375,1704.4000244140625,1548.62890625,4564109,INFY.NS
2021-08-17,1703.9000244140625,1748.9000244140625,1686.550048828125,1741.6500244140625,1582.4744873046875,9510390,INFY.NS
2021-08-18,1729.0,1755.5,1727.0,1733.449951171875,1575.02392578125,6686090,INFY.NS
2021-08-20,1716.0999755859375,1745.0,1716.0999755859375,1732.949951171875,1574.5694580078125,6206972,INFY.NS
2021-08-23,1735.75,1753.1500244140625,1732.0,1738.75,1579.8394775390625,6189051,INFY.NS
2021-08-24,1750.0,1757.0,1712.699951171875,1720.8499755859375,1563.575439453125,7602939,INFY.NS
2021-08-25,1718.0,1746.9000244140625,1718.0,1735.550048828125,1576.931884765625,6153253,INFY.NS
2021-08-26,1734.0,1746.0,1720.0,1727.699951171875,1569.79931640625,5302248,INFY.NS
2021-08-27,1725.0,1727.699951171875,1705.199951171875,1708.800048828125,1552.626708984375,6698514,INFY.NS
2021-08-30,1703.050048828125,1718.6500244140625,1690.4000244140625,1698.050048828125,1542.859130859375,6559667,INFY.NS
2021-08-31,1700.1500244140625,1715.0,1685.8499755859375,1706.449951171875,1550.491455078125,12255438,INFY.NS
2021-09-01,1709.5,1709.5,1673.1500244140625,1677.75,1524.41455078125,7801974,INFY.NS
2021-09-02,1677.3499755859375,1694.300048828125,1662.6500244140625,1689.0999755859375,1534.727294921875,6830050,INFY.NS
2021-09-03,1696.050048828125,1705.949951171875,1684.4000244140625,1700.6500244140625,1545.2215576171875,5339139,INFY.NS
2021-09-06,1705.1500244140625,1732.0,1699.3499755859375,1730.4000244140625,1572.2525634765625,4876026,INFY.NS
2021-09-07,1730.0,1734.9000244140625,1704.0,1706.6500244140625,1550.67333984375,3520341,INFY.NS
2021-09-08,1700.8499755859375,1700.8499755859375,1682.949951171875,1693.25,1538.4979248046875,4584896,INFY.NS
2021-09-09,1685.9000244140625,1694.9000244140625,1682.1500244140625,1691.5999755859375,1536.9986572265625,3331674,INFY.NS
2021-09-13,1683.0,1701.5,1675.199951171875,1691.9000244140625,1537.271240234375,4662374,INFY.NS
2021-09-14,1695.949951171875,1695.949951171875,1678.5999755859375,1686.1500244140625,1532.0467529296875,4945167,INFY.NS
2021-09-15,1693.25,1715.0999755859375,1690.199951171875,1711.449951171875,1555.0345458984375,4062344,INFY.NS
2021-09-16,1715.199951171875,1719.25,1691.449951171875,1702.25,1546.6754150390625,3246568,INFY.NS
2021-09-17,1697.0,1718.0,1684.449951171875,1691.300048828125,1536.7261962890625,7454864,INFY.NS
2021-09-20,1685.0,1707.699951171875,1677.949951171875,1687.8499755859375,1533.59130859375,5660743,INFY.NS
2021-09-21,1700.0,1726.75,1684.6500244140625,1718.449951171875,1561.394775390625,4672222,INFY.NS
2021-09-22,1717.0,1738.9000244140625,1713.050048828125,1716.9000244140625,1559.9864501953125,4553892,INFY.NS
2021-09-23,1732.0,1745.0,1721.0999755859375,1742.550048828125,1583.292236328125,3826090,INFY.NS
2021-09-24,1758.0,1788.0,1752.449951171875,1763.8499755859375,1602.6455078125,8280446,INFY.NS
2021-09-27,1768.75,1769.0,1718.0999755859375,1721.1500244140625,1563.8480224609375,5045337,INFY.NS
2021-09-28,1710.0,1710.0,1675.0,1687.0999755859375,1532.9100341796875,6557197,INFY.NS
2021-09-29,1659.25,1701.4000244140625,1655.0,1692.25,1537.5892333984375,7792548,INFY.NS
2021-09-30,1703.0,1703.0,1670.0999755859375,1675.199951171875,1522.097412109375,6914031,INFY.NS
2021-10-01,1665.0999755859375,1678.949951171875,1661.25,1665.1500244140625,1512.96630859375,5733906,INFY.NS
2021-10-04,1672.5,1688.0,1665.4000244140625,1678.75,1525.3231201171875,2947154,INFY.NS
2021-10-05,1671.0,1702.949951171875,1663.0,1692.800048828125,1538.0892333984375,4373310,INFY.NS
2021-10-06,1702.0999755859375,1709.0,1670.0,1673.550048828125,1520.598388671875,4271698,INFY.NS
2021-10-07,1687.0,1704.199951171875,1676.6500244140625,1691.0,1536.4534912109375,5476108,INFY.NS
2021-10-08,1705.25,1731.5,1698.4000244140625,1723.8499755859375,1566.3013916015625,4738376,INFY.NS
2021-10-11,1682.0,1730.0,1663.699951171875,1690.949951171875,1536.408203125,8840633,INFY.NS
2021-10-12,1677.0,1689.0,1662.0,1685.1500244140625,1531.13818359375,7439300,INFY.NS
2021-10-13,1695.949951171875,1713.6500244140625,1680.050048828125,1709.199951171875,1552.990234375,7104171,INFY.NS
2021-10-14,1754.0,1783.5999755859375,1698.199951171875,1715.75,1558.94140625,19655776,INFY.NS
2021-10-18,1740.0,1799.0,1740.0,1792.1500244140625,1628.3592529296875,13438109,INFY.NS
2021-10-19,1814.0,1834.5,1782.300048828125,1822.1500244140625,1655.617431640625,10324260,INFY.NS
2021-10-20,1829.4000244140625,1848.0,1794.050048828125,1802.3499755859375,1637.626953125,5876115,INFY.NS
2021-10-21,1814.0,1814.0,1746.8499755859375,1753.6500244140625,1593.377685546875,8779629,INFY.NS
2021-10-22,1749.9000244140625,1763.199951171875,1707.0,1719.800048828125,1562.6214599609375,7369809,INFY.NS
2021-10-25,1722.050048828125,1729.75,1687.199951171875,1707.550048828125,1551.4912109375,5905209,INFY.NS
2021-10-26,1710.050048828125,1726.5999755859375,1695.9000244140625,1703.699951171875,1561.711669921875,5871709,INFY.NS
2021-10-27,1709.0999755859375,1734.1500244140625,1701.1500244140625,1728.949951171875,1584.8572998046875,5090259,INFY.NS
2021-10-28,1719.3499755859375,1724.75,1692.050048828125,1703.9000244140625,1561.895263671875,5329972,INFY.NS
2021-10-29,1699.0,1712.5999755859375,1661.050048828125,1667.75,1528.7579345703125,5875091,INFY.NS
2021-11-01,1677.5,1707.199951171875,1676.0,1700.050048828125,1558.365966796875,3636806,INFY.NS
2021-11-02,1695.0,1706.449951171875,1686.3499755859375,1697.9000244140625,1556.39501953125,3471772,INFY.NS
2021-11-03,1709.0,1717.449951171875,1699.0,1702.5,1560.61181640625,3530713,INFY.NS
2021-11-04,1715.0,1717.0,1705.0,1708.699951171875,1566.2950439453125,483407,INFY.NS
2021-11-08,1730.0,1741.0,1703.0,1737.5,1592.69482421875,5245903,INFY.NS
2021-11-09,1734.75,1750.0,1726.0,1742.5,1597.2781982421875,4016134,INFY.NS
2021-11-10,1726.0,1750.949951171875,1721.949951171875,1740.1500244140625,1595.1240234375,4780368,INFY.NS
2021-11-11,1732.949951171875,1739.75,1709.0,1733.300048828125,1588.844970703125,4731349,INFY.NS
2021-11-12,1743.0,1782.8499755859375,1738.050048828125,1780.199951171875,1631.8359375,5069009,INFY.NS
2021-11-15,1782.0999755859375,1800.0,1775.5,1787.1500244140625,1638.2069091796875,4354074,INFY.NS
2021-11-16,1790.0,1808.949951171875,1777.0,1792.300048828125,1642.927734375,6034233,INFY.NS
2021-11-17,1792.550048828125,1802.0,1780.699951171875,1787.449951171875,1638.4820556640625,4732492,INFY.NS
2021-11-18,1781.5999755859375,1789.449951171875,1759.0,1779.4000244140625,1631.1029052734375,4326924,INFY.NS
2021-11-22,1784.0,1785.4000244140625,1751.1500244140625,1759.4000244140625,1612.7696533203125,6621839,INFY.NS
2021-11-23,1735.0999755859375,1747.25,1710.0,1736.9000244140625,1592.144775390625,8436160,INFY.NS
2021-11-24,1740.0,1740.5,1688.0,1696.0,1554.653564453125,7333061,INFY.NS
2021-11-25,1700.0,1726.199951171875,1696.949951171875,1722.4000244140625,1578.853271484375,4476260,INFY.NS
2021-11-26,1702.550048828125,1718.3499755859375,1684.0,1691.6500244140625,1550.6661376953125,4494181,INFY.NS
2021-11-29,1691.0,1712.0,1669.1500244140625,1696.3499755859375,1554.9742431640625,3942776,INFY.NS
2021-11-30,1704.550048828125,1729.9000244140625,1700.050048828125,1712.6500244140625,1569.9158935546875,14808963,INFY.NS
2021-12-01,1715.0,1741.9000244140625,1713.0,1714.9000244140625,1571.9781494140625,5193264,INFY.NS
2021-12-02,1715.0,1750.5,1711.3499755859375,1748.25,1602.548828125,5559574,INFY.NS
2021-12-03,1771.0999755859375,1786.6500244140625,1732.550048828125,1735.550048828125,1590.907470703125,6754012,INFY.NS
2021-12-06,1730.0,1733.949951171875,1691.5,1695.300048828125,1554.01171875,3991449,INFY.NS
2021-12-07,1701.0999755859375,1724.9000244140625,1694.0,1711.6500244140625,1568.999267578125,4202122,INFY.NS
2021-12-08,1733.0,1759.800048828125,1732.5999755859375,1753.3499755859375,1607.2237548828125,3029169,INFY.NS
2021-12-09,1759.0,1769.4000244140625,1742.0,1763.449951171875,1616.482177734375,2082171,INFY.NS
2021-12-10,1760.0,1763.75,1746.0,1759.25,1612.6322021484375,1823469,INFY.NS
2021-12-13,1767.050048828125,1771.3499755859375,1738.800048828125,1744.6500244140625,1599.2489013671875,4040584,INFY.NS
2021-12-14,1730.9000244140625,1763.0,1710.3499755859375,1752.1500244140625,1606.123779296875,4768144,INFY.NS
2021-12-15,1745.0,1747.949951171875,1721.199951171875,1734.199951171875,1589.669677734375,3053149,INFY.NS
2021-12-16,1762.6500244140625,1777.5999755859375,1758.0,1771.5999755859375,1623.952880859375,4481031,INFY.NS
2021-12-17,1820.0,1842.0,1806.75,1820.8499755859375,1669.09814453125,18887243,INFY.NS
2021-12-20,1801.699951171875,1829.6500244140625,1787.300048828125,1798.9000244140625,1648.977783203125,5773891,INFY.NS
2021-12-21,1801.0,1838.0,1801.0,1811.5999755859375,1660.6192626953125,5353584,INFY.NS
2021-12-22,1825.0,1829.1500244140625,1812.3499755859375,1824.699951171875,1672.62744140625,4156428,INFY.NS
2021-12-23,1831.25,1861.5999755859375,1827.0,1857.5999755859375,1702.7855224609375,4112933,INFY.NS
2021-12-24,1872.949951171875,1875.75,1854.0,1863.5,1708.19384765625,3780347,INFY.NS
2021-12-27,1860.0,1874.5,1845.050048828125,1866.1500244140625,1710.6231689453125,2647733,INFY.NS
2021-12-28,1880.699951171875,1895.9000244140625,1878.4000244140625,1888.0,1730.65185546875,3340933,INFY.NS
2021-12-29,1883.5,1893.800048828125,1876.4000244140625,1885.550048828125,1728.40625,3236635,INFY.NS
2021-12-30,1884.5,1909.800048828125,1874.3499755859375,1892.8499755859375,1735.09765625,4584738,INFY.NS
2021-12-31,1890.0,1898.3499755859375,1871.6500244140625,1887.75,1730.4228515625,4619420,INFY.NS
2022-01-03,1887.75,1914.050048828125,1887.75,1898.449951171875,1740.23095703125,3329616,INFY.NS
2022-01-04,1898.449951171875,1906.6500244140625,1878.0,1899.1500244140625,1740.8726806640625,3921999,INFY.NS
2022-01-05,1900.0,1902.9000244140625,1840.0,1844.6500244140625,1690.914794921875,6995719,INFY.NS
2022-01-06,1828.0,1828.0,1800.0,1817.800048828125,1666.302734375,6449205,INFY.NS
2022-01-07,1815.449951171875,1836.0,1806.800048828125,1814.300048828125,1663.0943603515625,4834389,INFY.NS
2022-01-10,1815.0,1869.9000244140625,1813.0,1850.75,1696.5064697265625,7857560,INFY.NS
2022-01-11,1855.0,1870.0,1850.1500244140625,1855.5999755859375,1700.9522705078125,5142287,INFY.NS
2022-01-12,1868.9000244140625,1889.0,1860.0,1877.449951171875,1720.981201171875,5362535,INFY.NS
2022-01-13,1905.0,1912.5,1866.3499755859375,1896.800048828125,1738.7186279296875,14277630,INFY.NS
2022-01-14,1882.0,1933.0,1881.0,1929.3499755859375,1768.555908203125,7688506,INFY.NS
2022-01-17,1938.550048828125,1953.9000244140625,1930.5,1939.5,1777.860107421875,5262464,INFY.NS
2022-01-18,1922.0999755859375,1945.0,1911.449951171875,1920.75,1760.672607421875,3690315,INFY.NS
2022-01-19,1916.0,1916.0,1862.8499755859375,1867.050048828125,1711.447998046875,5747770,INFY.NS
2022-01-20,1844.0,1848.0,1815.5,1823.699951171875,1671.7109375,5533463,INFY.NS
2022-01-21,1795.0,1808.0,1776.0,1785.699951171875,1636.8778076171875,8252758,INFY.NS
2022-01-24,1765.0,1768.6500244140625,1728.0,1736.800048828125,1592.05322265625,7116712,INFY.NS
2022-01-25,1726.5999755859375,1740.0,1700.5,1722.1500244140625,1578.6241455078125,9137653,INFY.NS
2022-01-27,1702.0,1709.699951171875,1665.0,1678.5999755859375,1538.70361328125,11231734,INFY.NS
2022-01-28,1681.0,1727.550048828125,1679.5,1686.199951171875,1545.6702880859375,10998502,INFY.NS
2022-01-31,1718.0,1749.5,1715.3499755859375,1736.199951171875,1591.5030517578125,8788872,INFY.NS
2022-02-01,1766.0999755859375,1780.0,1734.699951171875,1772.050048828125,1624.3653564453125,5119935,INFY.NS
2022-02-02,1789.0,1792.800048828125,1772.0,1787.0999755859375,1638.1610107421875,4253717,INFY.NS
2022-02-03,1779.0,1779.0,1734.0,1738.550048828125,1593.6573486328125,3832922,INFY.NS
2022-02-04,1732.0,1753.949951171875,1710.1500244140625,1741.0999755859375,1595.994873046875,4700077,INFY.NS
2022-02-07,1722.199951171875,1732.0,1695.4000244140625,1715.0,1572.0699462890625,4310209,INFY.NS
2022-02-08,1710.0,1725.0,1696.0,1717.300048828125,1574.17822265625,6053401,INFY.NS
2022-02-09,1735.0,1743.0,1725.0,1737.300048828125,1592.5115966796875,3867244,INFY.NS
2022-02-10,1755.6500244140625,1773.9000244140625,1748.75,1769.5999755859375,1622.119384765625,4334630,INFY.NS
2022-02-11,1740.0,1745.949951171875,1713.0,1721.3499755859375,1577.890869140625,7551371,INFY.NS
2022-02-14,1690.0,1718.550048828125,1678.25,1682.199951171875,1542.0035400390625,7459637,INFY.NS
2022-02-15,1699.0,1746.75,1690.449951171875,1738.25,1593.3824462890625,4669915,INFY.NS
2022-02-16,1738.25,1755.449951171875,1726.8499755859375,1733.300048828125,1588.844970703125,5350642,INFY.NS
2022-02-17,1744.0,1749.0,1720.300048828125,1724.800048828125,1581.0533447265625,3937950,INFY.NS
2022-02-18,1710.0,1722.5,1703.5,1706.949951171875,1564.6907958984375,5602215,INFY.NS
2022-02-21,1701.0,1737.300048828125,1691.5,1730.699951171875,1586.4615478515625,5120890,INFY.NS
2022-02-22,1699.9000244140625,1751.0,1691.050048828125,1734.3499755859375,1589.807373046875,8878515,INFY.NS
2022-02-23,1750.0,1758.25,1733.4000244140625,1742.8499755859375,1597.598876953125,5478811,INFY.NS
2022-02-24,1690.0999755859375,1714.949951171875,1670.5,1678.1500244140625,1538.291259765625,13592379,INFY.NS
2022-02-25,1715.0,1728.1500244140625,1677.0,1694.5999755859375,1553.3701171875,9737281,INFY.NS
2022-02-28,1682.199951171875,1728.050048828125,1665.0,1715.5999755859375,1572.619873046875,15076542,INFY.NS
2022-03-02,1710.0,1714.4000244140625,1691.0,1702.800048828125,1560.8868408203125,6771489,INFY.NS
2022-03-03,1720.199951171875,1733.9000244140625,1705.550048828125,1720.8499755859375,1577.432373046875,7344147,INFY.NS
2022-03-04,1695.25,1736.0,1681.0,1723.300048828125,1579.6783447265625,9074499,INFY.NS
2022-03-07,1697.0,1751.0,1696.0,1739.8499755859375,1594.8489990234375,9742588,INFY.NS
2022-03-08,1718.449951171875,1800.0,1718.449951171875,1778.199951171875,1630.002685546875,10984500,INFY.NS
2022-03-09,1791.0,1831.5999755859375,1791.0,1813.3499755859375,1662.223388671875,10193515,INFY.NS
2022-03-10,1844.75,1844.75,1810.199951171875,1825.9000244140625,1673.7275390625,6547182,INFY.NS
2022-03-11,1814.0,1831.4000244140625,1811.0,1822.0,1670.1524658203125,4758657,INFY.NS
2022-03-14,1831.550048828125,1895.0,1831.550048828125,1890.699951171875,1733.1268310546875,10289724,INFY.NS
2022-03-15,1888.3499755859375,1888.3499755859375,1830.0,1839.300048828125,1686.0108642578125,7140443,INFY.NS
2022-03-16,1865.0,1893.949951171875,1849.0,1889.4000244140625,1731.935302734375,5233979,INFY.NS
2022-03-17,1923.300048828125,1923.300048828125,1833.050048828125,1854.5999755859375,1700.035400390625,17731459,INFY.NS
2022-03-21,1861.0,1886.9000244140625,1841.0999755859375,1853.050048828125,1698.6148681640625,8362085,INFY.NS
2022-03-22,1850.0,1890.0,1839.0,1887.4000244140625,1730.10205078125,5709382,INFY.NS
2022-03-23,1897.0,1900.0,1857.0,1872.4000244140625,1716.3521728515625,6192824,INFY.NS
2022-03-24,1856.1500244140625,1894.5999755859375,1856.1500244140625,1886.699951171875,1729.46044921875,3784303,INFY.NS
2022-03-25,1892.0,1894.0,1858.0,1876.550048828125,1720.1563720703125,3438588,INFY.NS
2022-03-28,1866.0,1880.9000244140625,1852.6500244140625,1873.9000244140625,1717.72705078125,4008555,INFY.NS
2022-03-29,1873.9000244140625,1889.4000244140625,1860.550048828125,1886.0,1728.8187255859375,3917785,INFY.NS
2022-03-30,1910.0,1919.0,1895.0,1903.949951171875,1745.2728271484375,7795839,INFY.NS
2022-03-31,1900.0,1913.0,1894.199951171875,1906.8499755859375,1747.93115234375,5399145,INFY.NS
2022-04-01,1886.8499755859375,1910.300048828125,1878.300048828125,1903.550048828125,1744.906005859375,6171518,INFY.NS
2022-04-04,1889.75,1893.0,1873.0,1882.949951171875,1726.0228271484375,7364074,INFY.NS
2022-04-05,1883.800048828125,1889.5999755859375,1857.1500244140625,1861.0999755859375,1705.9937744140625,5472024,INFY.NS
2022-04-06,1855.0,1857.5,1822.1500244140625,1828.8499755859375,1676.4315185546875,5407453,INFY.NS
2022-04-07,1821.050048828125,1828.1500244140625,1807.550048828125,1811.0,1660.0692138671875,5797544,INFY.NS
2022-04-08,1823.0,1838.0,1808.0,1814.5999755859375,1663.369140625,5131446,INFY.NS
2022-04-11,1814.0,1814.0,1762.550048828125,1766.550048828125,1619.3238525390625,8248407,INFY.NS
2022-04-12,1757.5,1757.5,1727.75,1742.449951171875,1597.232177734375,6456184,INFY.NS
2022-04-13,1754.949951171875,1757.5,1732.0,1748.550048828125,1602.823974609375,6257693,INFY.NS
2022-04-18,1605.5,1650.0,1590.0,1621.4000244140625,1486.270751953125,30523965,INFY.NS
2022-04-19,1636.6500244140625,1636.6500244140625,1550.0,1562.0,1431.8212890625,17044923,INFY.NS
2022-04-20,1575.0,1596.300048828125,1563.0,1587.699951171875,1455.3792724609375,10678747,INFY.NS
2022-04-21,1595.0,1627.199951171875,1589.25,1618.800048828125,1483.887451171875,7766514,INFY.NS
2022-04-22,1604.3499755859375,1610.699951171875,1582.4000244140625,1585.449951171875,1453.31689453125,8134245,INFY.NS
2022-04-25,1572.800048828125,1572.800048828125,1554.0999755859375,1561.0999755859375,1430.99609375,7000570,INFY.NS
2022-04-26,1577.199951171875,1592.0,1566.550048828125,1581.0,1449.23779296875,5345435,INFY.NS
2022-04-27,1572.75,1572.75,1550.3499755859375,1552.800048828125,1423.387939453125,8819356,INFY.NS
2022-04-28,1570.0,1601.800048828125,1557.449951171875,1582.5999755859375,1450.704345703125,9245177,INFY.NS
2022-04-29,1590.0,1597.300048828125,1560.800048828125,1567.550048828125,1436.90869140625,9831395,INFY.NS
2022-05-02,1550.9000244140625,1552.75,1531.0,1541.0,1412.5712890625,7072627,INFY.NS
2022-05-04,1547.25,1570.0,1530.1500244140625,1535.550048828125,1407.575439453125,6220959,INFY.NS
2022-05-05,1560.050048828125,1589.4000244140625,1557.449951171875,1585.1500244140625,1453.041748046875,6144870,INFY.NS
2022-05-06,1550.0,1561.8499755859375,1535.050048828125,1542.8499755859375,1414.2672119140625,6171472,INFY.NS
2022-05-09,1540.0,1586.800048828125,1522.1500244140625,1570.3499755859375,1439.475341796875,6832202,INFY.NS
2022-05-10,1558.0,1569.1500244140625,1546.050048828125,1553.0,1423.5711669921875,6212545,INFY.NS
2022-05-11,1549.949951171875,1549.949951171875,1511.5999755859375,1526.75,1399.5089111328125,7846080,INFY.NS
2022-05-12,1514.0,1527.5,1504.300048828125,1508.800048828125,1383.054931640625,7034979,INFY.NS
2022-05-13,1519.300048828125,1529.25,1498.0999755859375,1504.4000244140625,1379.021728515625,6723761,INFY.NS
2022-05-16,1510.0,1511.8499755859375,1478.6500244140625,1489.0999755859375,1364.9967041015625,6145331,INFY.NS
2022-05-17,1494.9000244140625,1525.0,1480.9000244140625,1518.449951171875,1391.900634765625,6516378,INFY.NS
2022-05-18,1522.0,1549.699951171875,1505.300048828125,1509.199951171875,1383.421630859375,6594126,INFY.NS
2022-05-19,1481.0,1484.699951171875,1417.6500244140625,1427.1500244140625,1308.2098388671875,16561140,INFY.NS
2022-05-20,1453.0,1466.75,1446.699951171875,1455.1500244140625,1333.8763427734375,10488908,INFY.NS
2022-05-23,1455.0999755859375,1488.0,1450.050048828125,1468.4000244140625,1346.0218505859375,5887569,INFY.NS
2022-05-24,1468.5999755859375,1469.550048828125,1435.25,1441.0,1320.9052734375,5693167,INFY.NS
2022-05-25,1435.0,1442.5,1399.25,1410.449951171875,1292.9014892578125,9630092,INFY.NS
2022-05-26,1418.0,1430.0,1407.050048828125,1423.949951171875,1305.2763671875,13040065,INFY.NS
2022-05-27,1443.949951171875,1467.0,1437.4000244140625,1461.3499755859375,1339.559326171875,8284860,INFY.NS
2022-05-30,1487.0,1530.0,1485.0,1526.800048828125,1399.5548095703125,10904213,INFY.NS
2022-05-31,1510.699951171875,1518.0,1488.1500244140625,1503.5999755859375,1392.8848876953125,16033857,INFY.NS
2022-06-01,1513.0,1514.75,1472.0999755859375,1478.550048828125,1369.6795654296875,8738508,INFY.NS
2022-06-02,1484.0,1513.8499755859375,1475.5999755859375,1508.0,1396.9610595703125,7205840,INFY.NS
2022-06-03,1524.9000244140625,1555.0,1518.0,1521.699951171875,1409.6519775390625,9395707,INFY.NS
2022-06-06,1516.0,1536.5999755859375,1493.0,1530.050048828125,1417.38720703125,6624883,INFY.NS
2022-06-07,1519.8499755859375,1519.8499755859375,1502.5999755859375,1506.699951171875,1395.7567138671875,4904592,INFY.NS
2022-06-08,1520.199951171875,1520.199951171875,1492.0,1500.0,1389.5501708984375,4697608,INFY.NS
2022-06-09,1485.0,1516.949951171875,1481.5,1515.0,1403.445556640625,4361061,INFY.NS
2022-06-10,1486.0999755859375,1493.949951171875,1473.5999755859375,1476.800048828125,1368.058349609375,6516436,INFY.NS
2022-06-13,1443.5999755859375,1443.5999755859375,1411.699951171875,1424.5,1319.6094970703125,6987685,INFY.NS
2022-06-14,1410.0,1448.9000244140625,1403.1500244140625,1440.550048828125,1334.4776611328125,6090247,INFY.NS
2022-06-15,1440.199951171875,1446.4000244140625,1418.8499755859375,1422.199951171875,1317.478759765625,4651958,INFY.NS
2022-06-16,1438.0,1443.75,1392.0,1397.199951171875,1294.319580078125,6641772,INFY.NS
2022-06-17,1391.050048828125,1396.949951171875,1367.1500244140625,1387.300048828125,1285.1484375,9692047,INFY.NS
2022-06-20,1390.050048828125,1422.3499755859375,1382.0,1414.1500244140625,1310.021484375,4595194,INFY.NS
2022-06-21,1424.0,1456.0,1422.75,1449.9000244140625,1343.1390380859375,6270787,INFY.NS
2022-06-22,1436.050048828125,1459.5999755859375,1435.0,1437.25,1331.42041015625,6253366,INFY.NS
2022-06-23,1439.800048828125,1458.0,1433.0,1452.449951171875,1345.5013427734375,6254281,INFY.NS
2022-06-24,1458.0,1467.5,1428.9000244140625,1441.0999755859375,1334.987060546875,6114340,INFY.NS
2022-06-27,1468.050048828125,1484.0,1465.1500244140625,1474.5999755859375,1366.020263671875,4511097,INFY.NS
2022-06-28,1469.0,1488.25,1453.0,1480.1500244140625,1371.16162109375,4412178,INFY.NS
2022-06-29,1464.699951171875,1477.0,1457.0,1463.25,1355.506103515625,5060038,INFY.NS
2022-06-30,1465.050048828125,1482.0,1455.0,1461.9000244140625,1354.25537109375,9165177,INFY.NS
2022-07-01,1454.0,1485.0,1442.3499755859375,1479.4000244140625,1370.4669189453125,4651635,INFY.NS
2022-07-04,1480.25,1492.25,1462.0,1488.0,1378.4337158203125,4800224,INFY.NS
2022-07-05,1498.800048828125,1509.949951171875,1472.0,1475.949951171875,1367.27099609375,7379669,INFY.NS
2022-07-06,1482.199951171875,1500.0,1470.0,1491.6500244140625,1381.81494140625,5209162,INFY.NS
2022-07-07,1503.050048828125,1513.949951171875,1495.699951171875,1498.699951171875,1388.345703125,3323472,INFY.NS
2022-07-08,1515.0,1516.949951171875,1499.949951171875,1514.449951171875,1402.93603515625,3652582,INFY.NS
2022-07-11,1495.0,1499.9000244140625,1466.4000244140625,1473.1500244140625,1364.6771240234375,4702638,INFY.NS
2022-07-12,1461.800048828125,1468.5999755859375,1436.0,1438.5999755859375,1332.6712646484375,4710356,INFY.NS
2022-07-13,1450.0,1460.0,1438.5999755859375,1444.449951171875,1338.0902099609375,5264025,INFY.NS
2022-07-14,1451.0,1452.949951171875,1414.0,1428.8499755859375,1323.6390380859375,6157606,INFY.NS
2022-07-15,1446.0,1446.0,1410.6500244140625,1430.3499755859375,1325.028564453125,5620018,INFY.NS
2022-07-18,1450.0,1493.5999755859375,1448.050048828125,1489.9000244140625,1380.1937255859375,5835171,INFY.NS
2022-07-19,1471.550048828125,1486.8499755859375,1470.0999755859375,1484.1500244140625,1374.8670654296875,3418540,INFY.NS
2022-07-20,1501.25,1525.800048828125,1500.0,1515.300048828125,1403.723388671875,5079392,INFY.NS
2022-07-21,1517.0,1535.449951171875,1503.0999755859375,1532.9000244140625,1420.0274658203125,5008061,INFY.NS
2022-07-22,1534.0,1540.0,1492.1500244140625,1506.300048828125,1395.38623046875,7020642,INFY.NS
2022-07-25,1480.0999755859375,1517.1500244140625,1480.0999755859375,1503.5999755859375,1392.8848876953125,7859626,INFY.NS
2022-07-26,1496.6500244140625,1496.6500244140625,1445.0,1451.1500244140625,1344.2969970703125,7268273,INFY.NS
2022-07-27,1451.0,1473.0,1445.0,1471.050048828125,1362.7318115234375,4517285,INFY.NS
2022-07-28,1496.4000244140625,1524.449951171875,1489.8499755859375,1517.4000244140625,1405.6688232421875,6636841,INFY.NS
2022-07-29,1532.800048828125,1555.699951171875,1528.0,1549.699951171875,1435.5904541015625,7009465,INFY.NS
2022-08-01,1564.0,1564.0,1537.9000244140625,1551.050048828125,1436.841064453125,2983249,INFY.NS
2022-08-02,1546.550048828125,1547.0,1528.3499755859375,1543.5999755859375,1429.9395751953125,4374635,INFY.NS
2022-08-03,1549.0,1570.0,1539.9000244140625,1566.0999755859375,1450.7828369140625,6011955,INFY.NS
2022-08-04,1587.5,1603.8499755859375,1574.949951171875,1599.9000244140625,1482.093994140625,7402209,INFY.NS
2022-08-05,1608.4000244140625,1625.699951171875,1602.300048828125,1616.6500244140625,1497.61083984375,5361971,INFY.NS
2022-08-08,1617.0,1622.0,1596.0,1619.4000244140625,1500.158203125,3763409,INFY.NS
2022-08-10,1621.199951171875,1621.199951171875,1588.0999755859375,1602.449951171875,1484.4564208984375,4423829,INFY.NS
2022-08-11,1630.0,1631.3499755859375,1616.0,1619.949951171875,1500.667724609375,3462090,INFY.NS
2022-08-12,1613.300048828125,1614.0,1590.1500244140625,1594.0999755859375,1476.7213134765625,3562286,INFY.NS
2022-08-16,1609.0,1609.0,1591.0999755859375,1596.449951171875,1478.8980712890625,3004430,INFY.NS
2022-08-17,1596.449951171875,1612.0,1585.0,1606.25,1487.9765625,4067324,INFY.NS
2022-08-18,1594.0999755859375,1598.199951171875,1574.0,1582.949951171875,1466.3922119140625,4635706,INFY.NS
2022-08-19,1585.300048828125,1604.9000244140625,1585.0999755859375,1597.0999755859375,1479.5001220703125,4739884,INFY.NS
2022-08-22,1586.0,1599.0,1574.0,1575.6500244140625,1459.6297607421875,3950555,INFY.NS
2022-08-23,1548.0,1554.5,1533.0,1542.4000244140625,1428.8280029296875,5551574,INFY.NS
2022-08-24,1535.0,1546.0,1531.0,1537.5,1424.2886962890625,2888426,INFY.NS
2022-08-25,1548.0,1548.699951171875,1513.75,1518.1500244140625,1406.3636474609375,4331088,INFY.NS
2022-08-26,1535.1500244140625,1544.949951171875,1517.449951171875,1521.550048828125,1409.5133056640625,3079136,INFY.NS
2022-08-29,1468.550048828125,1468.550048828125,1450.0,1461.75,1354.11669921875,8079050,INFY.NS
2022-08-30,1473.0999755859375,1496.0999755859375,1466.0,1492.949951171875,1383.0191650390625,6725875,INFY.NS
2022-09-01,1460.050048828125,1468.0999755859375,1451.050048828125,1464.199951171875,1356.385986328125,8140604,INFY.NS
2022-09-02,1478.0,1478.0,1448.0,1453.0,1346.0108642578125,5175653,INFY.NS
2022-09-05,1451.0,1467.0,1446.3499755859375,1461.300048828125,1353.69970703125,3669352,INFY.NS
2022-09-06,1461.300048828125,1470.0,1445.449951171875,1455.0999755859375,1347.9560546875,3428442,INFY.NS
2022-09-07,1440.0,1465.75,1438.050048828125,1457.6500244140625,1350.3184814453125,3600574,INFY.NS
2022-09-08,1475.0,1481.0999755859375,1463.5999755859375,1475.9000244140625,1367.2244873046875,4061475,INFY.NS
2022-09-09,1488.0,1520.0,1480.0,1511.6500244140625,1400.34228515625,4816910,INFY.NS
2022-09-12,1525.800048828125,1545.9000244140625,1521.1500244140625,1536.199951171875,1423.08447265625,5494819,INFY.NS
2022-09-13,1551.9000244140625,1553.0,1541.300048828125,1544.949951171875,1431.1903076171875,4947158,INFY.NS
2022-09-14,1497.0,1498.949951171875,1472.0,1475.4000244140625,1366.761474609375,14332197,INFY.NS
2022-09-15,1475.0,1475.199951171875,1429.050048828125,1432.800048828125,1327.2982177734375,12784100,INFY.NS
2022-09-16,1425.0,1425.0,1368.3499755859375,1377.050048828125,1275.6534423828125,20464045,INFY.NS
2022-09-19,1392.0,1406.0,1380.5999755859375,1390.300048828125,1287.9276123046875,6595241,INFY.NS
2022-09-20,1407.949951171875,1413.550048828125,1385.0999755859375,1388.550048828125,1286.3065185546875,7219797,INFY.NS
2022-09-21,1379.9000244140625,1388.800048828125,1368.4000244140625,1377.25,1275.838623046875,7917054,INFY.NS
2022-09-22,1366.3499755859375,1383.949951171875,1360.0,1367.949951171875,1267.223388671875,9168498,INFY.NS
2022-09-23,1367.5,1394.800048828125,1362.0,1365.449951171875,1264.9072265625,10426200,INFY.NS
2022-09-26,1360.0,1399.449951171875,1355.0,1380.25,1278.61767578125,9414587,INFY.NS
2022-09-27,1393.449951171875,1406.5,1378.0,1393.550048828125,1290.9383544921875,8561254,INFY.NS
2022-09-28,1379.0,1405.8499755859375,1377.0,1394.699951171875,1292.003662109375,7022098,INFY.NS
2022-09-29,1404.9000244140625,1409.8499755859375,1393.0,1398.6500244140625,1295.662841796875,6119965,INFY.NS
2022-09-30,1388.949951171875,1419.300048828125,1376.0,1413.449951171875,1309.3729248046875,8120130,INFY.NS
2022-10-03,1412.0,1412.0,1386.0,1393.75,1291.1236572265625,4943169,INFY.NS
2022-10-04,1419.699951171875,1432.25,1414.0,1429.4000244140625,1324.148681640625,6631341,INFY.NS
2022-10-06,1445.0,1459.800048828125,1444.0999755859375,1455.1500244140625,1348.002685546875,6180672,INFY.NS
2022-10-07,1446.3499755859375,1457.8499755859375,1440.1500244140625,1451.199951171875,1344.34326171875,3994466,INFY.NS
2022-10-10,1426.3499755859375,1465.0,1426.3499755859375,1462.6500244140625,1354.950439453125,5274677,INFY.NS
2022-10-11,1462.6500244140625,1479.6500244140625,1420.0999755859375,1423.800048828125,1318.9609375,12824774,INFY.NS
2022-10-12,1437.0,1441.0999755859375,1413.550048828125,1428.699951171875,1323.5,5481467,INFY.NS
2022-10-13,1431.0,1437.949951171875,1415.0,1419.9000244140625,1315.3480224609375,4821514,INFY.NS
2022-10-14,1485.0,1494.0,1467.25,1474.25,1365.6959228515625,14990688,INFY.NS
2022-10-17,1476.9000244140625,1495.0,1475.5,1489.949951171875,1380.239990234375,4286396,INFY.NS
2022-10-18,1510.0,1510.949951171875,1497.25,1503.699951171875,1392.9776611328125,4692004,INFY.NS
2022-10-19,1504.0,1504.949951171875,1481.300048828125,1485.449951171875,1376.0714111328125,3553171,INFY.NS
2022-10-20,1475.0,1504.0,1474.199951171875,1500.9000244140625,1390.3837890625,4583939,INFY.NS
2022-10-21,1500.300048828125,1506.0,1491.3499755859375,1500.5,1390.0133056640625,3594485,INFY.NS
2022-10-24,1518.5,1521.800048828125,1511.0,1517.8499755859375,1406.0858154296875,982837,INFY.NS
2022-10-25,1528.0999755859375,1532.9000244140625,1521.050048828125,1526.300048828125,1413.91357421875,3914341,INFY.NS
2022-10-27,1530.800048828125,1534.9000244140625,1512.5,1523.949951171875,1427.1649169921875,6760137,INFY.NS
2022-10-28,1526.0,1527.949951171875,1507.0,1513.25,1417.144287109375,3053981,INFY.NS
2022-10-31,1530.25,1546.4000244140625,1530.25,1537.6500244140625,1439.99462890625,4542336,INFY.NS
2022-11-01,1553.050048828125,1575.0,1547.0999755859375,1573.0,1473.0997314453125,4542692,INFY.NS
2022-11-02,1572.0,1572.75,1545.0,1553.300048828125,1454.65087890625,2938906,INFY.NS
2022-11-03,1538.75,1543.9000244140625,1521.6500244140625,1530.75,1433.532958984375,3174027,INFY.NS
2022-11-04,1520.449951171875,1520.449951171875,1501.1500244140625,1514.0,1417.8468017578125,4509682,INFY.NS
2022-11-07,1521.4000244140625,1527.9000244140625,1491.0999755859375,1507.449951171875,1411.7125244140625,4898592,INFY.NS
2022-11-09,1529.0,1529.0,1501.0999755859375,1511.199951171875,1415.224609375,3334755,INFY.NS
2022-11-10,1485.0,1512.0,1485.0,1501.949951171875,1406.56201171875,3435763,INFY.NS
2022-11-11,1546.6500244140625,1573.5,1546.6500244140625,1570.0999755859375,1470.3839111328125,7214098,INFY.NS
2022-11-14,1575.1500244140625,1591.4000244140625,1568.449951171875,1585.300048828125,1484.61865234375,4908813,INFY.NS
2022-11-15,1577.8499755859375,1597.8499755859375,1572.75,1594.0,1492.76611328125,3497614,INFY.NS
2022-11-16,1597.1500244140625,1609.0,1593.5,1602.800048828125,1501.0072021484375,4497697,INFY.NS
2022-11-17,1597.199951171875,1602.800048828125,1582.949951171875,1587.4000244140625,1486.585205078125,3469515,INFY.NS
2022-11-18,1591.699951171875,1598.0,1575.5,1593.4000244140625,1492.2039794921875,3126064,INFY.NS
2022-11-21,1582.0999755859375,1587.8499755859375,1564.050048828125,1568.199951171875,1468.6046142578125,3071764,INFY.NS
2022-11-22,1569.0,1588.0,1562.0,1585.050048828125,1484.38427734375,3399329,INFY.NS
2022-11-23,1588.9000244140625,1592.0,1579.300048828125,1583.1500244140625,1482.6051025390625,3245067,INFY.NS
2022-11-24,1589.0,1636.0,1584.75,1629.800048828125,1526.29248046875,5282215,INFY.NS
2022-11-25,1631.4000244140625,1644.0,1613.800048828125,1635.6500244140625,1531.77099609375,4563255,INFY.NS
2022-11-28,1628.0,1653.5,1620.0,1623.4000244140625,1520.2987060546875,3825766,INFY.NS
2022-11-29,1621.199951171875,1638.75,1615.050048828125,1629.050048828125,1525.5899658203125,3131710,INFY.NS
2022-11-30,1619.949951171875,1645.75,1613.1500244140625,1634.949951171875,1531.115234375,11868134,INFY.NS
2022-12-01,1656.199951171875,1672.5999755859375,1652.300048828125,1657.0999755859375,1551.8585205078125,5407928,INFY.NS
2022-12-02,1656.0,1661.800048828125,1633.949951171875,1637.9000244140625,1533.8778076171875,4283343,INFY.NS
2022-12-05,1638.0,1644.8499755859375,1623.300048828125,1639.75,1535.6104736328125,3824966,INFY.NS
2022-12-06,1625.0,1626.0,1607.550048828125,1612.9000244140625,1510.4658203125,4822398,INFY.NS
2022-12-07,1608.0,1623.800048828125,1596.699951171875,1605.5,1503.53564453125,4898087,INFY.NS
2022-12-08,1605.5,1623.9000244140625,1598.5,1620.1500244140625,1517.2552490234375,4206837,INFY.NS
2022-12-09,1628.0,1628.0,1561.0999755859375,1569.300048828125,1469.634765625,8880658,INFY.NS
2022-12-12,1550.0,1565.949951171875,1530.050048828125,1547.199951171875,1448.938232421875,8037679,INFY.NS
2022-12-13,1547.199951171875,1577.5,1541.1500244140625,1572.1500244140625,1472.3037109375,6135067,INFY.NS
2022-12-14,1582.0,1588.5,1573.0,1579.4000244140625,1479.09326171875,4976020,INFY.NS
2022-12-15,1569.300048828125,1570.0,1535.25,1540.5,1442.6636962890625,6443866,INFY.NS
2022-12-16,1525.0,1549.5,1512.050048828125,1522.199951171875,1425.5260009765625,9630453,INFY.NS
2022-12-19,1507.949951171875,1516.9000244140625,1495.050048828125,1507.3499755859375,1411.618896484375,6222740,INFY.NS
2022-12-20,1501.0,1516.0,1482.449951171875,1507.300048828125,1411.5723876953125,7396259,INFY.NS
2022-12-21,1515.0,1521.0,1502.3499755859375,1509.550048828125,1413.6793212890625,6236361,INFY.NS
2022-12-22,1521.5,1529.949951171875,1511.75,1522.050048828125,1425.3853759765625,6302640,INFY.NS
2022-12-23,1508.699951171875,1509.9000244140625,1493.0,1497.0999755859375,1402.02001953125,6283822,INFY.NS
2022-12-26,1500.5,1509.9000244140625,1496.3499755859375,1502.4000244140625,1406.9833984375,4115459,INFY.NS
2022-12-27,1509.949951171875,1521.449951171875,1497.5,1514.8499755859375,1418.6427001953125,4860076,INFY.NS
2022-12-28,1505.0999755859375,1524.949951171875,1498.5,1510.1500244140625,1414.2412109375,5029860,INFY.NS
2022-12-29,1504.0,1521.300048828125,1501.0,1517.550048828125,1421.1712646484375,4624745,INFY.NS
2022-12-30,1528.0,1530.4000244140625,1504.050048828125,1508.199951171875,1412.4151611328125,5060544,INFY.NS
2023-01-02,1514.0,1526.5,1504.050048828125,1524.0,1427.211669921875,3801140,INFY.NS
2023-01-03,1519.8499755859375,1532.6500244140625,1515.0999755859375,1522.550048828125,1425.8538818359375,4551130,INFY.NS
2023-01-04,1521.0,1521.0,1491.0999755859375,1494.800048828125,1399.8660888671875,7059590,INFY.NS
2023-01-05,1505.9000244140625,1505.9000244140625,1469.25,1475.199951171875,1381.5108642578125,9868404,INFY.NS
2023-01-06,1470.0,1475.0,1446.5,1448.5,1356.5067138671875,6443714,INFY.NS
2023-01-09,1448.199951171875,1489.3499755859375,1448.199951171875,1484.449951171875,1390.17333984375,11498717,INFY.NS
2023-01-10,1482.0,1483.9000244140625,1454.050048828125,1469.75,1376.406982421875,7158624,INFY.NS
2023-01-11,1470.0,1494.0,1464.0,1471.25,1377.811767578125,6173092,INFY.NS
2023-01-12,1481.949951171875,1485.0,1455.0,1480.5999755859375,1386.5679931640625,6591385,INFY.NS
2023-01-13,1483.5,1519.4000244140625,1468.0,1503.6500244140625,1408.154052734375,11610426,INFY.NS
2023-01-16,1510.0,1528.0,1502.300048828125,1525.5,1428.616455078125,6073063,INFY.NS
2023-01-17,1527.0,1542.199951171875,1524.0,1539.5,1441.7271728515625,5922644,INFY.NS
2023-01-18,1544.75,1551.8499755859375,1539.5999755859375,1545.4000244140625,1447.252685546875,5843098,INFY.NS
2023-01-19,1539.9000244140625,1549.550048828125,1526.1500244140625,1538.9000244140625,1441.165283203125,6165284,INFY.NS
2023-01-20,1538.0,1545.0,1524.0,1525.550048828125,1428.663330078125,6496429,INFY.NS
2023-01-23,1535.0,1553.300048828125,1528.0999755859375,1548.0,1449.6875,4855020,INFY.NS
2023-01-24,1560.0,1568.800048828125,1549.75,1551.9000244140625,1453.3397216796875,5200802,INFY.NS
2023-01-25,1547.0,1556.0,1538.75,1543.0,1445.0050048828125,4158617,INFY.NS
2023-01-27,1546.0,1550.949951171875,1507.4000244140625,1519.1500244140625,1422.6695556640625,6209955,INFY.NS
2023-01-30,1528.800048828125,1544.0,1520.0,1538.800048828125,1441.0716552734375,6964719,INFY.NS
2023-01-31,1548.9000244140625,1548.9000244140625,1513.0,1533.75,1436.3424072265625,9448126,INFY.NS
2023-02-01,1542.199951171875,1555.050048828125,1528.050048828125,1551.0999755859375,1452.590576171875,6194199,INFY.NS
2023-02-02,1552.0,1586.949951171875,1552.0,1583.75,1483.1669921875,6916834,INFY.NS
2023-02-03,1597.5,1604.6500244140625,1573.0,1599.4000244140625,1497.822998046875,7040194,INFY.NS
2023-02-06,1598.0,1598.0,1561.5999755859375,1569.8499755859375,1470.14990234375,4570612,INFY.NS
2023-02-07,1569.0,1576.050048828125,1555.0999755859375,1562.4000244140625,1463.1728515625,4336238,INFY.NS
2023-02-08,1565.5,1603.0,1565.5,1590.5,1489.4881591796875,7983338,INFY.NS
2023-02-09,1596.199951171875,1619.75,1586.050048828125,1617.0,1514.3052978515625,6904911,INFY.NS
2023-02-10,1612.949951171875,1616.300048828125,1596.449951171875,1608.550048828125,1506.3919677734375,4786762,INFY.NS
2023-02-13,1597.0,1597.0,1566.0,1567.449951171875,1467.9022216796875,4001199,INFY.NS
2023-02-14,1584.699951171875,1596.0,1578.1500244140625,1593.25,1492.0635986328125,5043736,INFY.NS
2023-02-15,1584.0,1599.0,1576.0,1597.050048828125,1495.622314453125,3465747,INFY.NS
2023-02-16,1600.0,1614.449951171875,1597.8499755859375,1601.800048828125,1500.0706787109375,4290289,INFY.NS
2023-02-17,1594.0,1595.0,1575.5,1583.800048828125,1483.2137451171875,2857734,INFY.NS
2023-02-20,1584.949951171875,1603.0,1582.5,1592.449951171875,1491.3143310546875,2417716,INFY.NS
2023-02-21,1598.699951171875,1601.6500244140625,1576.0,1579.5,1479.186767578125,2723288,INFY.NS
2023-02-22,1563.0,1575.0,1555.300048828125,1561.800048828125,1462.6109619140625,3656244,INFY.NS
2023-02-23,1569.8499755859375,1569.8499755859375,1548.1500244140625,1550.699951171875,1452.2156982421875,4766854,INFY.NS
2023-02-24,1560.0,1569.0,1545.0,1550.6500244140625,1452.169189453125,2790986,INFY.NS
2023-02-27,1540.0,1540.0,1502.0,1509.300048828125,1413.4451904296875,4920268,INFY.NS
2023-02-28,1515.5999755859375,1524.0,1481.300048828125,1487.550048828125,1393.0765380859375,9679811,INFY.NS
2023-03-01,1492.4000244140625,1500.8499755859375,1481.5,1496.050048828125,1401.036865234375,5125043,INFY.NS
2023-03-02,1485.0,1488.5999755859375,1467.300048828125,1472.1500244140625,1378.654541015625,4644499,INFY.NS
2023-03-03,1486.75,1489.800048828125,1473.0,1479.300048828125,1385.3505859375,4615015,INFY.NS
2023-03-06,1494.550048828125,1520.4000244140625,1493.1500244140625,1507.449951171875,1411.7125244140625,6561742,INFY.NS
2023-03-08,1490.550048828125,1496.0,1481.0999755859375,1492.699951171875,1397.8994140625,4137080,INFY.NS
2023-03-09,1495.0,1498.3499755859375,1474.5999755859375,1480.4000244140625,1386.380615234375,5104656,INFY.NS
2023-03-10,1460.0,1474.300048828125,1457.6500244140625,1471.550048828125,1378.0927734375,3699580,INFY.NS
2023-03-13,1464.199951171875,1478.300048828125,1428.0,1435.0999755859375,1343.95751953125,8798403,INFY.NS
2023-03-14,1441.0,1448.3499755859375,1411.0,1420.0,1329.816650390625,7402784,INFY.NS
2023-03-15,1438.0,1442.8499755859375,1416.8499755859375,1419.6500244140625,1329.4888916015625,7556182,INFY.NS
2023-03-16,1417.800048828125,1417.800048828125,1398.699951171875,1404.0999755859375,1314.9263916015625,7323117,INFY.NS
2023-03-17,1430.0,1442.9000244140625,1411.4000244140625,1420.699951171875,1330.47216796875,9090018,INFY.NS
2023-03-20,1419.699951171875,1419.699951171875,1384.8499755859375,1403.6500244140625,1314.5050048828125,8221829,INFY.NS
2023-03-21,1399.0,1405.0,1390.0,1390.699951171875,1302.37744140625,8536755,INFY.NS
2023-03-22,1403.0,1407.25,1382.1500244140625,1389.25,1301.0196533203125,8356487,INFY.NS
2023-03-23,1383.949951171875,1383.949951171875,1370.0,1374.550048828125,1287.253173828125,7607718,INFY.NS
2023-03-24,1388.0,1398.949951171875,1377.5,1380.6500244140625,1292.9658203125,7559127,INFY.NS
2023-03-27,1386.25,1395.75,1374.0999755859375,1388.949951171875,1300.738525390625,4170193,INFY.NS
2023-03-28,1392.0999755859375,1398.0,1375.8499755859375,1377.5999755859375,1290.109375,6633366,INFY.NS
2023-03-29,1379.0,1389.9000244140625,1364.550048828125,1383.550048828125,1295.6815185546875,8813966,INFY.NS
2023-03-31,1404.0,1429.949951171875,1393.9000244140625,1427.949951171875,1337.2615966796875,8711975,INFY.NS
2023-04-03,1435.0,1435.0,1405.1500244140625,1410.8499755859375,1321.247802734375,5242764,INFY.NS
2023-04-05,1400.0,1427.5,1400.0,1423.550048828125,1333.14111328125,7506334,INFY.NS
2023-04-06,1416.0,1428.4000244140625,1410.3499755859375,1421.9000244140625,1331.5958251953125,6948465,INFY.NS
2023-04-10,1423.949951171875,1434.0,1415.0,1427.5999755859375,1336.9339599609375,4993788,INFY.NS
2023-04-11,1428.9000244140625,1433.3499755859375,1389.0,1406.1500244140625,1316.8463134765625,6942255,INFY.NS
2023-04-12,1413.050048828125,1431.5,1400.0,1428.300048828125,1337.5897216796875,5831169,INFY.NS
2023-04-13,1409.75,1411.050048828125,1383.0,1389.199951171875,1300.9725341796875,11267238,INFY.NS
2023-04-17,1250.300048828125,1261.1500244140625,1185.300048828125,1258.300048828125,1178.385986328125,53171705,INFY.NS
2023-04-18,1269.949951171875,1269.949951171875,1253.0999755859375,1259.3499755859375,1179.369384765625,12430884,INFY.NS
2023-04-19,1254.3499755859375,1254.3499755859375,1229.4000244140625,1232.199951171875,1153.943603515625,11307230,INFY.NS
2023-04-20,1230.699951171875,1237.8499755859375,1221.4000244140625,1223.4000244140625,1145.70263671875,8621249,INFY.NS
2023-04-21,1228.0999755859375,1233.25,1220.0,1227.3499755859375,1149.40185546875,8691352,INFY.NS
2023-04-24,1228.0,1230.0,1218.0,1226.300048828125,1148.41845703125,8313774,INFY.NS
2023-04-25,1225.949951171875,1235.5,1215.0,1224.9000244140625,1147.107421875,6808576,INFY.NS
2023-04-26,1228.0,1233.0,1220.550048828125,1227.550048828125,1149.589111328125,5680192,INFY.NS
2023-04-27,1230.0,1247.800048828125,1225.4000244140625,1246.25,1167.1014404296875,8020704,INFY.NS
2023-04-28,1255.699951171875,1259.0,1244.949951171875,1252.75,1173.1885986328125,10118277,INFY.NS
2023-05-02,1254.550048828125,1279.75,1254.550048828125,1277.449951171875,1196.3199462890625,8886401,INFY.NS
2023-05-03,1266.0,1272.5,1262.0999755859375,1269.1500244140625,1188.5469970703125,5549783,INFY.NS
2023-05-04,1268.949951171875,1275.800048828125,1262.5,1273.550048828125,1192.66748046875,4505401,INFY.NS
2023-05-05,1279.0,1279.0,1254.25,1259.0999755859375,1179.13525390625,5373791,INFY.NS
2023-05-08,1262.449951171875,1270.300048828125,1255.199951171875,1265.5999755859375,1185.2225341796875,5260842,INFY.NS
2023-05-09,1266.0,1272.0,1260.699951171875,1270.699951171875,1189.99853515625,4969897,INFY.NS
2023-05-10,1276.4000244140625,1276.4000244140625,1259.1500244140625,1263.25,1183.021728515625,6515734,INFY.NS
2023-05-11,1270.25,1275.9000244140625,1253.050048828125,1256.0999755859375,1176.32568359375,6888461,INFY.NS
2023-05-12,1253.3499755859375,1256.0,1239.050048828125,1245.199951171875,1166.117919921875,8292212,INFY.NS
2023-05-15,1249.9000244140625,1268.9000244140625,1245.6500244140625,1258.3499755859375,1178.432861328125,5534710,INFY.NS
2023-05-16,1265.0,1273.949951171875,1262.75,1264.300048828125,1184.005126953125,5236469,INFY.NS
2023-05-17,1260.5999755859375,1260.949951171875,1242.449951171875,1246.9000244140625,1167.7100830078125,10465667,INFY.NS
2023-05-18,1258.5999755859375,1259.6500244140625,1242.449951171875,1246.0,1166.8673095703125,6948732,INFY.NS
2023-05-19,1256.050048828125,1273.300048828125,1252.800048828125,1268.9000244140625,1188.31298828125,11094136,INFY.NS
2023-05-22,1272.949951171875,1295.5999755859375,1270.25,1292.800048828125,1210.6953125,7625947,INFY.NS
2023-05-23,1299.199951171875,1314.1500244140625,1297.050048828125,1300.050048828125,1217.4847412109375,7436031,INFY.NS
2023-05-24,1296.300048828125,1305.0,1291.300048828125,1298.6500244140625,1216.173583984375,4824077,INFY.NS
2023-05-25,1294.5,1307.0,1289.25,1304.3499755859375,1221.5115966796875,4334121,INFY.NS
2023-05-26,1306.0,1323.449951171875,1306.0,1317.449951171875,1233.7794189453125,5521606,INFY.NS
2023-05-29,1332.699951171875,1332.699951171875,1309.8499755859375,1314.4000244140625,1230.9232177734375,4419365,INFY.NS
2023-05-30,1315.0,1326.4000244140625,1309.1500244140625,1323.8499755859375,1239.77294921875,6274719,INFY.NS
2023-05-31,1319.8499755859375,1331.0999755859375,1314.1500244140625,1318.300048828125,1234.5755615234375,17800782,INFY.NS
2023-06-01,1322.550048828125,1329.5,1318.0999755859375,1319.5,1235.6993408203125,4277841,INFY.NS
2023-06-02,1309.0,1312.9000244140625,1296.050048828125,1299.0,1232.8521728515625,10909311,INFY.NS
2023-06-05,1304.0,1309.449951171875,1297.300048828125,1304.5,1238.072021484375,5002553,INFY.NS
2023-06-06,1288.5999755859375,1288.5999755859375,1273.0,1279.0,1213.87060546875,10008100,INFY.NS
2023-06-07,1290.5,1294.0,1282.5,1288.949951171875,1223.3138427734375,5397578,INFY.NS
2023-06-08,1286.199951171875,1292.0,1281.0999755859375,1282.800048828125,1217.47705078125,5034942,INFY.NS
2023-06-09,1282.5,1282.5,1264.0,1265.949951171875,1201.485107421875,5339073,INFY.NS
2023-06-12,1273.5,1295.699951171875,1273.0,1291.949951171875,1226.1611328125,4785588,INFY.NS
2023-06-13,1299.9000244140625,1306.5,1297.050048828125,1304.8499755859375,1238.4041748046875,4846587,INFY.NS
2023-06-14,1306.3499755859375,1306.699951171875,1293.199951171875,1300.4000244140625,1234.1807861328125,3457981,INFY.NS
2023-06-15,1293.949951171875,1293.949951171875,1282.6500244140625,1286.800048828125,1221.2734375,6161155,INFY.NS
2023-06-16,1287.0,1301.5,1281.050048828125,1291.6500244140625,1225.8763427734375,8536287,INFY.NS
2023-06-19,1294.0,1299.5,1287.050048828125,1294.0,1228.106689453125,4451787,INFY.NS
2023-06-20,1294.0,1305.0,1291.0999755859375,1303.4000244140625,1237.0279541015625,4009180,INFY.NS
2023-06-21,1299.949951171875,1303.800048828125,1295.0,1299.3499755859375,1233.184326171875,4041529,INFY.NS
2023-06-22,1289.4000244140625,1289.4000244140625,1273.5,1281.550048828125,1216.290771484375,6676607,INFY.NS
2023-06-23,1276.449951171875,1279.3499755859375,1263.3499755859375,1265.0,1200.58349609375,7239467,INFY.NS
2023-06-26,1270.25,1274.0,1262.25,1270.3499755859375,1205.6610107421875,3403244,INFY.NS
2023-06-27,1280.0,1282.0,1274.199951171875,1279.1500244140625,1214.012939453125,3240024,INFY.NS
2023-06-28,1290.0,1296.699951171875,1281.4000244140625,1293.3499755859375,1227.4898681640625,5662358,INFY.NS
2023-06-30,1308.199951171875,1338.9000244140625,1304.449951171875,1335.5,1267.493408203125,12821692,INFY.NS
2023-07-03,1330.0,1346.0,1328.449951171875,1333.699951171875,1265.7850341796875,7732412,INFY.NS
2023-07-04,1344.300048828125,1346.0,1331.4000244140625,1345.1500244140625,1276.6519775390625,5797775,INFY.NS
2023-07-05,1357.8499755859375,1357.949951171875,1341.0,1347.300048828125,1278.6927490234375,5414936,INFY.NS
2023-07-06,1342.550048828125,1347.449951171875,1337.1500244140625,1343.9000244140625,1275.4658203125,5963897,INFY.NS
2023-07-07,1334.0,1345.800048828125,1325.3499755859375,1330.199951171875,1262.4632568359375,6295647,INFY.NS
2023-07-10,1336.550048828125,1341.9000244140625,1319.300048828125,1329.1500244140625,1261.4669189453125,3940315,INFY.NS
2023-07-11,1333.449951171875,1350.9000244140625,1327.0,1348.5999755859375,1279.9263916015625,6126128,INFY.NS
2023-07-12,1351.0,1351.9000244140625,1327.0,1333.300048828125,1265.4053955078125,8102770,INFY.NS
2023-07-13,1334.9000244140625,1376.800048828125,1330.8499755859375,1365.0999755859375,1295.586181640625,9977644,INFY.NS
2023-07-14,1380.6500244140625,1430.0,1380.6500244140625,1425.949951171875,1353.337646484375,12833381,INFY.NS
2023-07-17,1425.949951171875,1458.949951171875,1414.300048828125,1422.949951171875,1350.490234375,11569884,INFY.NS
2023-07-18,1434.0,1477.949951171875,1429.0,1475.199951171875,1400.07958984375,16743977,INFY.NS
2023-07-19,1486.0,1498.800048828125,1460.699951171875,1474.949951171875,1399.8424072265625,13687062,INFY.NS
2023-07-20,1471.0,1471.0,1440.699951171875,1449.5,1375.6883544921875,8347221,INFY.NS
2023-07-21,1320.199951171875,1350.0,1305.0,1331.5999755859375,1263.7921142578125,45548305,INFY.NS
2023-07-24,1341.0,1349.9000244140625,1334.25,1336.5999755859375,1268.537353515625,8859789,INFY.NS
2023-07-25,1337.0,1342.8499755859375,1324.25,1334.5999755859375,1266.6392822265625,6801982,INFY.NS
2023-07-26,1343.0,1350.0,1339.4000244140625,1348.8499755859375,1280.1636962890625,5528885,INFY.NS
2023-07-27,1358.5999755859375,1363.800048828125,1347.050048828125,1353.1500244140625,1284.2447509765625,9191861,INFY.NS
2023-07-28,1353.8499755859375,1363.8499755859375,1336.0,1340.5,1272.2388916015625,6122735,INFY.NS
2023-07-31,1348.75,1357.5,1333.25,1355.699951171875,1286.664794921875,7902180,INFY.NS
2023-08-01,1362.0,1369.0,1357.0,1365.199951171875,1295.680908203125,6064652,INFY.NS
2023-08-02,1369.300048828125,1371.949951171875,1348.449951171875,1356.8499755859375,1287.7562255859375,7419145,INFY.NS
2023-08-03,1350.0,1366.550048828125,1349.0,1364.300048828125,1294.826904296875,6503741,INFY.NS
2023-08-04,1368.9000244140625,1385.9000244140625,1362.0,1378.3499755859375,1308.1614990234375,5712345,INFY.NS
2023-08-07,1387.9000244140625,1395.0,1377.0,1393.0,1322.0654296875,3729093,INFY.NS
2023-08-08,1392.8499755859375,1393.550048828125,1384.4000244140625,1390.199951171875,1319.407958984375,4161877,INFY.NS
2023-08-09,1384.0,1396.0,1382.5,1394.4000244140625,1323.3941650390625,4090828,INFY.NS
2023-08-10,1391.5999755859375,1395.800048828125,1385.5999755859375,1389.0999755859375,1318.364013671875,3873025,INFY.NS
2023-08-11,1392.0,1396.8499755859375,1367.050048828125,1371.8499755859375,1301.992431640625,5783517,INFY.NS
2023-08-14,1371.8499755859375,1395.0,1365.5999755859375,1393.550048828125,1322.5875244140625,4304135,INFY.NS
2023-08-16,1410.800048828125,1419.949951171875,1405.4000244140625,1418.5,1346.266845703125,7735313,INFY.NS
2023-08-17,1420.0,1420.0,1406.0,1411.550048828125,1339.6708984375,5618346,INFY.NS
2023-08-18,1403.699951171875,1408.699951171875,1386.1500244140625,1388.800048828125,1318.079345703125,5134103,INFY.NS
2023-08-21,1389.75,1407.0,1387.1500244140625,1405.4000244140625,1333.8341064453125,3032722,INFY.NS
2023-08-22,1404.699951171875,1406.050048828125,1396.6500244140625,1403.75,1332.26806640625,2890714,INFY.NS
2023-08-23,1416.0,1416.5999755859375,1405.6500244140625,1407.949951171875,1336.254150390625,2559125,INFY.NS
2023-08-24,1421.5,1425.050048828125,1414.449951171875,1423.5999755859375,1351.107177734375,5171963,INFY.NS
2023-08-25,1413.0,1422.5,1411.4000244140625,1420.0999755859375,1347.7852783203125,4307172,INFY.NS
2023-08-28,1420.0999755859375,1424.800048828125,1411.4000244140625,1415.6500244140625,1343.56201171875,3133464,INFY.NS
2023-08-29,1424.0,1424.4000244140625,1415.300048828125,1417.6500244140625,1345.4603271484375,3074444,INFY.NS
2023-08-30,1427.0,1436.6500244140625,1424.0,1435.1500244140625,1362.069091796875,3070887,INFY.NS
2023-08-31,1435.1500244140625,1444.9000244140625,1428.6500244140625,1435.449951171875,1362.353759765625,9792735,INFY.NS
2023-09-01,1430.949951171875,1446.0,1428.199951171875,1443.8499755859375,1370.3260498046875,3582133,INFY.NS
2023-09-04,1443.0,1470.0,1434.699951171875,1465.0999755859375,1390.493896484375,4609014,INFY.NS
2023-09-05,1465.0,1480.050048828125,1456.5,1478.9000244140625,1403.5911865234375,5496840,INFY.NS
2023-09-06,1481.9000244140625,1482.9000244140625,1463.300048828125,1477.449951171875,1402.2149658203125,5075786,INFY.NS
2023-09-07,1470.5999755859375,1473.4000244140625,1462.050048828125,1466.199951171875,1391.537841796875,4411743,INFY.NS
2023-09-08,1463.5,1474.75,1460.199951171875,1469.5999755859375,1394.7647705078125,3125838,INFY.NS
2023-09-11,1469.5999755859375,1478.050048828125,1464.5,1476.449951171875,1401.265869140625,4182226,INFY.NS
2023-09-12,1482.5,1504.0,1477.0999755859375,1501.0999755859375,1424.6607666015625,6793161,INFY.NS
2023-09-13,1505.0,1505.0,1488.6500244140625,1498.3499755859375,1422.05078125,4804686,INFY.NS
2023-09-14,1505.0,1512.550048828125,1499.1500244140625,1506.949951171875,1430.2127685546875,6444213,INFY.NS
2023-09-15,1518.0,1518.4000244140625,1509.0,1511.5999755859375,1434.6260986328125,8657816,INFY.NS
2023-09-18,1504.9000244140625,1504.9000244140625,1488.0,1491.800048828125,1415.8343505859375,3991916,INFY.NS
2023-09-20,1476.199951171875,1495.0999755859375,1476.199951171875,1490.25,1414.3634033203125,4169337,INFY.NS
2023-09-21,1486.550048828125,1504.550048828125,1476.0,1501.75,1425.2777099609375,6779195,INFY.NS
2023-09-22,1491.9000244140625,1506.949951171875,1485.199951171875,1496.1500244140625,1419.9627685546875,5455613,INFY.NS
2023-09-25,1489.8499755859375,1489.8499755859375,1471.550048828125,1474.1500244140625,1399.0831298828125,4217863,INFY.NS
2023-09-26,1479.1500244140625,1479.9000244140625,1459.0,1460.6500244140625,1386.2705078125,3996528,INFY.NS
2023-09-27,1456.0,1469.5999755859375,1450.050048828125,1467.0,1392.2972412109375,3863586,INFY.NS
2023-09-28,1467.9000244140625,1472.5999755859375,1435.0,1439.449951171875,1366.150146484375,5814602,INFY.NS
2023-09-29,1432.0999755859375,1446.800048828125,1416.0,1435.449951171875,1362.353759765625,6068968,INFY.NS
2023-10-03,1436.050048828125,1437.0,1420.300048828125,1434.0,1360.9776611328125,4181867,INFY.NS
2023-10-04,1425.0,1449.949951171875,1418.199951171875,1444.3499755859375,1370.8006591796875,4510406,INFY.NS
2023-10-05,1452.0,1475.6500244140625,1450.199951171875,1463.449951171875,1388.9278564453125,7384621,INFY.NS
2023-10-06,1469.5,1484.5,1463.300048828125,1478.699951171875,1403.4013671875,3598672,INFY.NS
2023-10-09,1464.9000244140625,1491.0,1462.199951171875,1475.449951171875,1400.3167724609375,3567552,INFY.NS
2023-10-10,1483.9000244140625,1497.0,1469.0999755859375,1495.1500244140625,1419.0137939453125,5688951,INFY.NS
2023-10-11,1497.0,1518.25,1481.449951171875,1494.4000244140625,1418.3018798828125,7220129,INFY.NS
2023-10-12,1491.9000244140625,1504.4000244140625,1452.0,1465.5,1390.8736572265625,11081662,INFY.NS
2023-10-13,1405.0,1438.0,1400.0,1431.1500244140625,1358.272705078125,17973439,INFY.NS
2023-10-16,1432.0999755859375,1443.5999755859375,1430.0,1434.1500244140625,1361.1199951171875,4850745,INFY.NS
2023-10-17,1440.25,1453.3499755859375,1438.050048828125,1442.449951171875,1368.9971923828125,3923764,INFY.NS
2023-10-18,1442.0,1454.0,1438.3499755859375,1440.550048828125,1367.194091796875,4264837,INFY.NS
2023-10-19,1426.0999755859375,1439.6500244140625,1426.0999755859375,1433.6500244140625,1360.6453857421875,6795691,INFY.NS
2023-10-20,1430.0,1438.5,1425.25,1427.25,1354.5714111328125,3928622,INFY.NS
2023-10-23,1425.5999755859375,1432.3499755859375,1405.25,1408.6500244140625,1336.9185791015625,2636516,INFY.NS
2023-10-25,1399.0,1402.550048828125,1361.300048828125,1370.050048828125,1317.114501953125,6940777,INFY.NS
2023-10-26,1355.050048828125,1374.0,1353.0999755859375,1359.449951171875,1306.9239501953125,6357656,INFY.NS
2023-10-27,1363.6500244140625,1385.0,1363.6500244140625,1380.3499755859375,1327.016357421875,4634358,INFY.NS
2023-10-30,1380.3499755859375,1380.3499755859375,1363.0999755859375,1377.050048828125,1323.8438720703125,2667696,INFY.NS
2023-10-31,1379.949951171875,1381.1500244140625,1363.0,1368.4000244140625,1315.528076171875,3451595,INFY.NS
2023-11-01,1373.050048828125,1377.449951171875,1351.6500244140625,1354.1500244140625,1301.8287353515625,3090672,INFY.NS
2023-11-02,1370.0,1376.300048828125,1361.6500244140625,1370.1500244140625,1317.2105712890625,3758060,INFY.NS
2023-11-03,1380.050048828125,1392.0,1377.75,1389.050048828125,1335.38037109375,3349045,INFY.NS
2023-11-06,1393.9000244140625,1407.25,1390.800048828125,1403.300048828125,1349.079833984375,2736381,INFY.NS
2023-11-07,1400.0,1405.9000244140625,1394.8499755859375,1404.300048828125,1350.0411376953125,2272209,INFY.NS
2023-11-08,1405.0,1405.0,1386.449951171875,1391.0,1337.2550048828125,3550635,INFY.NS
2023-11-09,1395.9000244140625,1397.5,1370.050048828125,1374.800048828125,1321.680908203125,5498051,INFY.NS
2023-11-10,1369.949951171875,1373.1500244140625,1361.0,1368.8499755859375,1315.9608154296875,2943649,INFY.NS
2023-11-13,1379.8499755859375,1382.449951171875,1370.8499755859375,1373.550048828125,1320.479248046875,3462092,INFY.NS
2023-11-15,1399.0,1414.0,1393.0,1410.5,1356.00146484375,8551860,INFY.NS
2023-11-16,1416.0999755859375,1453.4000244140625,1410.5999755859375,1444.9000244140625,1389.0723876953125,6673907,INFY.NS
2023-11-17,1441.050048828125,1451.0,1435.050048828125,1437.550048828125,1382.0064697265625,4901251,INFY.NS
2023-11-20,1442.0,1452.0,1433.6500244140625,1436.5999755859375,1381.093017578125,3584210,INFY.NS
2023-11-21,1442.0,1450.0,1436.75,1439.0,1383.4002685546875,3793135,INFY.NS
2023-11-22,1436.199951171875,1458.949951171875,1436.199951171875,1457.800048828125,1401.473876953125,3108786,INFY.NS
2023-11-23,1467.9000244140625,1467.9000244140625,1447.699951171875,1449.25,1393.2542724609375,3186928,INFY.NS
2023-11-24,1445.550048828125,1452.6500244140625,1433.8499755859375,1437.4000244140625,1381.8621826171875,2973195,INFY.NS
2023-11-28,1444.0,1445.0,1427.050048828125,1442.699951171875,1386.957275390625,3755373,INFY.NS
2023-11-29,1451.0999755859375,1460.699951171875,1449.800048828125,1459.5999755859375,1403.204345703125,3875778,INFY.NS
2023-11-30,1453.25,1460.6500244140625,1449.550048828125,1455.1500244140625,1398.9263916015625,10120867,INFY.NS
2023-12-01,1459.9000244140625,1459.9000244140625,1446.1500244140625,1452.300048828125,1396.1864013671875,3489187,INFY.NS
2023-12-04,1460.449951171875,1471.9000244140625,1449.300048828125,1464.3499755859375,1407.770751953125,5511948,INFY.NS
2023-12-05,1465.800048828125,1466.9000244140625,1442.0,1453.949951171875,1397.7725830078125,5123039,INFY.NS
2023-12-06,1456.75,1477.0,1451.050048828125,1474.300048828125,1417.3365478515625,5269178,INFY.NS
2023-12-07,1472.8499755859375,1472.8499755859375,1461.800048828125,1465.9000244140625,1409.260986328125,4424453,INFY.NS
2023-12-08,1470.4000244140625,1494.699951171875,1466.25,1491.1500244140625,1433.535400390625,6323433,INFY.NS
2023-12-11,1490.0,1498.0,1482.0,1488.5,1430.98779296875,3862018,INFY.NS
2023-12-12,1477.5,1490.0,1467.6500244140625,1476.050048828125,1419.018798828125,6103494,INFY.NS
2023-12-13,1476.0,1476.050048828125,1433.1500244140625,1449.0,1393.013916015625,8549258,INFY.NS
2023-12-14,1463.4000244140625,1511.0,1461.3499755859375,1501.449951171875,1443.4373779296875,12489858,INFY.NS
2023-12-15,1523.050048828125,1588.550048828125,1521.0,1578.4000244140625,1517.414306640625,18395389,INFY.NS
2023-12-18,1567.949951171875,1593.0,1560.300048828125,1564.3499755859375,1503.9071044921875,6467243,INFY.NS
2023-12-19,1570.0999755859375,1573.949951171875,1543.25,1558.300048828125,1498.0909423828125,4221721,INFY.NS
2023-12-20,1565.050048828125,1583.5,1530.0,1536.4000244140625,1477.0369873046875,6592367,INFY.NS
2023-12-21,1521.25,1546.6500244140625,1521.25,1536.0,1476.6524658203125,5319038,INFY.NS
2023-12-22,1534.949951171875,1566.0,1523.0,1562.9000244140625,1502.5130615234375,6741060,INFY.NS
2023-12-26,1535.0,1548.0,1523.0,1543.949951171875,1484.2952880859375,6878067,INFY.NS
2023-12-27,1544.0,1570.0,1544.0,1567.0999755859375,1506.55078125,4225849,INFY.NS
2023-12-28,1568.949951171875,1568.949951171875,1555.0,1562.6500244140625,1502.272705078125,5702253,INFY.NS
2023-12-29,1541.050048828125,1559.449951171875,1540.0,1542.9000244140625,1483.2860107421875,4388990,INFY.NS
2024-01-01,1539.0,1557.0,1535.25,1551.3499755859375,1491.409423828125,2808451,INFY.NS
2024-01-02,1546.0,1549.1500244140625,1523.0,1534.4000244140625,1475.1143798828125,5396313,INFY.NS
2024-01-03,1519.949951171875,1519.949951171875,1488.0,1490.0,1432.429931640625,7550363,INFY.NS
2024-01-04,1504.949951171875,1519.75,1492.9000244140625,1512.699951171875,1454.252685546875,7056038,INFY.NS
2024-01-05,1506.75,1539.699951171875,1506.25,1532.550048828125,1473.3358154296875,8895403,INFY.NS
2024-01-08,1528.949951171875,1536.0,1513.25,1522.800048828125,1463.9625244140625,4440136,INFY.NS
2024-01-09,1541.9000244140625,1553.0,1525.8499755859375,1529.300048828125,1470.21142578125,4412074,INFY.NS
2024-01-10,1524.949951171875,1535.449951171875,1505.0,1519.9000244140625,1461.174560546875,4096845,INFY.NS
2024-01-11,1524.9000244140625,1525.0,1486.5999755859375,1494.199951171875,1436.467529296875,11296088,INFY.NS
2024-01-12,1562.0,1618.0,1555.4000244140625,1612.75,1550.4371337890625,26754401,INFY.NS
2024-01-15,1644.949951171875,1664.949951171875,1636.0,1652.0999755859375,1588.2666015625,13228305,INFY.NS
2024-01-16,1644.800048828125,1648.5,1625.0,1631.550048828125,1568.5107421875,6500917,INFY.NS
2024-01-17,1620.25,1647.5,1620.25,1640.199951171875,1576.826416015625,9209876,INFY.NS
2024-01-18,1642.6500244140625,1649.0,1628.25,1642.5999755859375,1579.1336669921875,6375464,INFY.NS
2024-01-19,1651.5999755859375,1665.5,1644.1500244140625,1659.199951171875,1595.0921630859375,4522736,INFY.NS
2024-01-23,1650.0999755859375,1674.699951171875,1637.699951171875,1642.1500244140625,1578.7010498046875,9401255,INFY.NS
2024-01-24,1659.9000244140625,1680.0,1645.0,1675.4000244140625,1610.6663818359375,8999681,INFY.NS
2024-01-25,1672.949951171875,1680.550048828125,1658.0,1669.0999755859375,1604.6097412109375,8865304,INFY.NS
2024-01-29,1665.1500244140625,1679.3499755859375,1647.5999755859375,1656.5999755859375,1592.5927734375,4253785,INFY.NS
2024-01-30,1662.449951171875,1690.0,1648.25,1651.449951171875,1587.6417236328125,4995943,INFY.NS
2024-01-31,1648.25,1667.25,1638.0999755859375,1660.9000244140625,1596.7265625,6763779,INFY.NS
2024-02-01,1659.550048828125,1677.0,1650.3499755859375,1657.050048828125,1593.025390625,5760011,INFY.NS
2024-02-02,1666.050048828125,1718.5,1665.0,1693.3499755859375,1627.9228515625,7858483,INFY.NS
2024-02-05,1694.75,1700.75,1681.8499755859375,1687.199951171875,1622.010498046875,3634135,INFY.NS
2024-02-06,1686.75,1733.0,1673.949951171875,1729.449951171875,1662.6279296875,7694265,INFY.NS
2024-02-07,1729.0,1729.0,1686.8499755859375,1693.75,1628.307373046875,4613877,INFY.NS
2024-02-08,1698.0,1706.3499755859375,1682.800048828125,1692.0999755859375,1626.7210693359375,5919715,INFY.NS
2024-02-09,1684.699951171875,1692.9000244140625,1659.800048828125,1669.3499755859375,1604.85009765625,4600004,INFY.NS
2024-02-12,1670.3499755859375,1692.949951171875,1670.3499755859375,1680.0999755859375,1615.184814453125,3555808,INFY.NS
2024-02-13,1683.0,1689.0999755859375,1663.5,1684.550048828125,1619.4627685546875,2696481,INFY.NS
2024-02-14,1660.199951171875,1669.449951171875,1635.5,1666.199951171875,1601.8218994140625,3768579,INFY.NS
2024-02-15,1677.0,1687.75,1661.5999755859375,1676.3499755859375,1611.57958984375,4834391,INFY.NS
2024-02-16,1689.0,1709.0,1687.949951171875,1701.6500244140625,1635.9022216796875,4880654,INFY.NS
2024-02-19,1705.0,1711.5,1687.699951171875,1699.75,1634.075439453125,3690993,INFY.NS
2024-02-20,1685.0,1694.25,1668.75,1685.25,1620.1358642578125,3706389,INFY.NS
2024-02-21,1674.0,1674.0,1645.300048828125,1655.550048828125,1591.58349609375,4300508,INFY.NS
2024-02-22,1665.0,1684.5999755859375,1644.4000244140625,1681.3499755859375,1616.386474609375,5841277,INFY.NS
2024-02-23,1697.0,1698.449951171875,1671.9000244140625,1676.8499755859375,1612.060302734375,5373072,INFY.NS
2024-02-26,1674.949951171875,1674.949951171875,1645.0,1660.1500244140625,1596.0057373046875,2782438,INFY.NS
2024-02-27,1661.0,1671.0999755859375,1652.800048828125,1663.5999755859375,1599.322265625,5159088,INFY.NS
2024-02-28,1670.0,1687.800048828125,1662.050048828125,1671.25,1606.6767578125,3188916,INFY.NS
2024-02-29,1665.0,1682.25,1653.300048828125,1673.9000244140625,1609.2242431640625,7814722,INFY.NS
2024-03-01,1669.0,1671.949951171875,1651.0,1654.699951171875,1590.76611328125,6387291,INFY.NS
2024-03-04,1657.8499755859375,1664.449951171875,1633.6500244140625,1637.199951171875,1573.9422607421875,4445156,INFY.NS
2024-03-05,1634.0,1637.3499755859375,1602.0,1606.5,1544.428466796875,4596579,INFY.NS
2024-03-06,1602.800048828125,1620.1500244140625,1576.0,1617.550048828125,1555.051513671875,6420684,INFY.NS
2024-03-07,1616.5999755859375,1628.449951171875,1604.199951171875,1616.449951171875,1553.994140625,6348359,INFY.NS
2024-03-11,1608.1500244140625,1613.800048828125,1588.0,1600.5999755859375,1538.7564697265625,6752895,INFY.NS
2024-03-12,1600.0,1625.0,1597.6500244140625,1612.949951171875,1550.6292724609375,4614222,INFY.NS
2024-03-13,1612.9000244140625,1624.5,1598.550048828125,1611.4000244140625,1549.13916015625,5688997,INFY.NS
2024-03-14,1614.4000244140625,1657.75,1608.0,1653.300048828125,1589.4202880859375,8803799,INFY.NS
2024-03-15,1641.0999755859375,1645.800048828125,1618.3499755859375,1634.0,1570.865966796875,11809997,INFY.NS
2024-03-18,1630.0,1632.6500244140625,1598.8499755859375,1602.6500244140625,1540.727294921875,4958904,INFY.NS
2024-03-19,1592.3499755859375,1599.0,1558.0,1561.449951171875,1501.119140625,6870411,INFY.NS
2024-03-20,1563.0,1574.949951171875,1552.3499755859375,1554.949951171875,1494.8702392578125,4759059,INFY.NS
2024-03-21,1564.0,1576.949951171875,1543.4000244140625,1554.699951171875,1494.6298828125,11062497,INFY.NS
2024-03-22,1521.0,1528.9000244140625,1498.199951171875,1508.8499755859375,1450.5513916015625,14673890,INFY.NS
2024-03-26,1492.0,1507.449951171875,1487.9000244140625,1492.6500244140625,1434.9774169921875,8351081,INFY.NS
2024-03-27,1496.0,1499.0,1481.550048828125,1483.8499755859375,1426.5174560546875,6857402,INFY.NS
2024-03-28,1487.1500244140625,1511.800048828125,1487.1500244140625,1498.050048828125,1440.1688232421875,12499530,INFY.NS
2024-04-01,1525.0,1529.949951171875,1492.800048828125,1495.449951171875,1437.669189453125,6580002,INFY.NS
2024-04-02,1484.8499755859375,1493.1500244140625,1480.8499755859375,1482.8499755859375,1425.5560302734375,7279400,INFY.NS
2024-04-03,1479.0,1495.0999755859375,1475.0,1480.6500244140625,1423.4410400390625,8736248,INFY.NS
2024-04-04,1490.550048828125,1495.6500244140625,1468.0,1486.699951171875,1429.2572021484375,11186915,INFY.NS
2024-04-05,1480.050048828125,1486.699951171875,1476.050048828125,1479.0999755859375,1421.9510498046875,5072482,INFY.NS
2024-04-08,1483.0,1490.949951171875,1474.0999755859375,1476.699951171875,1419.6435546875,6610887,INFY.NS
2024-04-09,1490.0,1513.800048828125,1487.300048828125,1494.8499755859375,1437.0924072265625,9423230,INFY.NS
2024-04-10,1500.3499755859375,1509.8499755859375,1484.550048828125,1506.800048828125,1448.580810546875,6744595,INFY.NS
2024-04-12,1504.0,1506.800048828125,1479.5,1484.75,1427.3826904296875,12275616,INFY.NS
2024-04-15,1480.0,1491.949951171875,1461.050048828125,1468.1500244140625,1411.424072265625,8531224,INFY.NS
2024-04-16,1451.0,1455.1500244140625,1413.050048828125,1414.449951171875,1359.798828125,16173541,INFY.NS
2024-04-18,1421.0999755859375,1444.699951171875,1407.5,1419.25,1364.41357421875,22107945,INFY.NS
2024-04-19,1385.0,1426.8499755859375,1378.75,1411.25,1356.7225341796875,20603621,INFY.NS
2024-04-22,1419.9000244140625,1436.8499755859375,1413.050048828125,1432.75,1377.391845703125,5859087,INFY.NS
2024-04-23,1443.0,1446.8499755859375,1433.0,1442.4000244140625,1386.6690673828125,4856174,INFY.NS
2024-04-24,1444.300048828125,1444.300048828125,1427.050048828125,1430.75,1375.4691162109375,4268213,INFY.NS
2024-04-25,1420.0,1444.9000244140625,1420.0,1438.449951171875,1382.87158203125,9089398,INFY.NS
2024-04-26,1439.699951171875,1445.4000244140625,1427.0,1430.25,1374.988525390625,8062444,INFY.NS
2024-04-29,1429.949951171875,1439.800048828125,1428.25,1434.75,1379.3145751953125,5055957,INFY.NS
2024-04-30,1434.699951171875,1436.550048828125,1417.550048828125,1420.550048828125,1365.663330078125,6936588,INFY.NS
2024-05-02,1413.0,1424.0,1411.8499755859375,1414.449951171875,1359.798828125,10076354,INFY.NS
2024-05-03,1422.0999755859375,1424.800048828125,1403.199951171875,1416.300048828125,1361.5775146484375,8842345,INFY.NS
2024-05-06,1420.0,1445.699951171875,1417.0999755859375,1425.9000244140625,1370.806396484375,6445422,INFY.NS
2024-05-07,1424.949951171875,1443.3499755859375,1415.5999755859375,1440.949951171875,1385.27490234375,6080661,INFY.NS
2024-05-08,1435.25,1439.75,1425.5999755859375,1427.300048828125,1372.1524658203125,6234983,INFY.NS
2024-05-09,1427.550048828125,1449.949951171875,1424.8499755859375,1439.550048828125,1383.9290771484375,6088406,INFY.NS
2024-05-10,1435.050048828125,1435.949951171875,1413.0,1424.9000244140625,1369.8450927734375,8777481,INFY.NS
2024-05-13,1425.0,1425.0,1411.199951171875,1423.449951171875,1368.451171875,3735954,INFY.NS
2024-05-14,1426.4000244140625,1433.75,1418.050048828125,1424.699951171875,1369.65283203125,3463230,INFY.NS
2024-05-15,1426.0,1431.800048828125,1418.550048828125,1419.949951171875,1365.0863037109375,4327544,INFY.NS
2024-05-16,1433.949951171875,1455.75,1427.0,1453.3499755859375,1397.19580078125,9249145,INFY.NS
2024-05-17,1457.0,1457.0,1439.25,1444.300048828125,1388.49560546875,7542860,INFY.NS
2024-05-21,1430.0,1444.699951171875,1428.4000244140625,1434.1500244140625,1378.7376708984375,6752663,INFY.NS
2024-05-22,1428.75,1459.949951171875,1428.0,1454.800048828125,1398.5899658203125,7173285,INFY.NS
2024-05-23,1454.699951171875,1478.1500244140625,1450.0,1472.4000244140625,1415.5098876953125,8641428,INFY.NS
2024-05-24,1468.25,1475.5,1460.0,1465.0999755859375,1408.4918212890625,5277938,INFY.NS
2024-05-27,1471.8499755859375,1479.5999755859375,1460.25,1471.3499755859375,1414.50048828125,5821844,INFY.NS
2024-05-28,1475.5,1476.0,1460.300048828125,1467.050048828125,1410.3665771484375,6186922,INFY.NS
2024-05-29,1465.4000244140625,1465.5,1450.0,1450.949951171875,1394.8885498046875,7401634,INFY.NS
2024-05-30,1442.800048828125,1449.8499755859375,1421.550048828125,1427.449951171875,1372.2965087890625,9663150,INFY.NS
2024-05-31,1409.800048828125,1436.75,1400.0,1406.9000244140625,1371.760498046875,37113815,INFY.NS
2024-06-03,1440.0,1440.0,1404.0,1405.9000244140625,1370.785400390625,10589244,INFY.NS
2024-06-04,1409.0,1415.0,1358.3499755859375,1393.6500244140625,1358.84130859375,13736134,INFY.NS
2024-06-05,1400.1500244140625,1438.0,1400.1500244140625,1430.0999755859375,1394.380859375,9233424,INFY.NS
2024-06-06,1444.949951171875,1474.300048828125,1437.5,1472.25,1435.4781494140625,12660930,INFY.NS
2024-06-07,1481.0,1539.699951171875,1477.25,1533.5999755859375,1495.2958984375,24075302,INFY.NS
2024-06-10,1525.300048828125,1529.800048828125,1497.300048828125,1499.75,1462.291259765625,6810606,INFY.NS
2024-06-11,1500.050048828125,1506.449951171875,1493.949951171875,1495.75,1458.39111328125,4853054,INFY.NS
2024-06-12,1507.0,1508.75,1482.75,1485.199951171875,1448.1046142578125,9564320,INFY.NS
2024-06-13,1495.0,1505.0,1489.3499755859375,1493.949951171875,1456.6361083984375,7307565,INFY.NS
2024-06-14,1503.699951171875,1503.699951171875,1486.050048828125,1488.9000244140625,1451.7122802734375,4237727,INFY.NS
2024-06-18,1497.0,1507.0,1495.4000244140625,1498.199951171875,1460.7799072265625,5420939,INFY.NS
2024-06-19,1505.0,1515.6500244140625,1496.699951171875,1511.3499755859375,1473.6015625,5493456,INFY.NS
2024-06-20,1516.300048828125,1517.5,1499.0999755859375,1515.4000244140625,1477.5504150390625,7927010,INFY.NS
2024-06-21,1545.0,1557.75,1523.699951171875,1532.699951171875,1494.4183349609375,17301941,INFY.NS
2024-06-24,1524.550048828125,1529.0999755859375,1515.4000244140625,1527.1500244140625,1489.0069580078125,5564989,INFY.NS
2024-06-25,1526.0,1543.9000244140625,1520.3499755859375,1541.949951171875,1503.437255859375,4551525,INFY.NS
2024-06-26,1541.0,1548.8499755859375,1535.0,1540.699951171875,1502.218505859375,4851004,INFY.NS
2024-06-27,1538.449951171875,1578.4000244140625,1532.050048828125,1573.3499755859375,1534.052978515625,14757754,INFY.NS
2024-06-28,1572.550048828125,1588.5,1564.25,1566.75,1527.6177978515625,8197544,INFY.NS
2024-07-01,1559.5,1599.9000244140625,1559.5,1590.800048828125,1551.067138671875,6801771,INFY.NS
2024-07-02,1596.199951171875,1633.800048828125,1586.5,1621.050048828125,1580.561767578125,10493173,INFY.NS
2024-07-03,1625.0,1636.0,1606.0,1627.4000244140625,1586.7530517578125,7269965,INFY.NS
2024-07-04,1628.199951171875,1660.0,1628.0,1650.6500244140625,1609.42236328125,8008311,INFY.NS
2024-07-05,1651.449951171875,1665.8499755859375,1633.3499755859375,1647.449951171875,1606.30224609375,7065022,INFY.NS
2024-07-08,1643.0999755859375,1666.0,1640.0,1661.6500244140625,1620.1475830078125,5880533,INFY.NS
2024-07-09,1659.9000244140625,1666.75,1651.0,1657.1500244140625,1615.760009765625,5191182,INFY.NS
2024-07-10,1657.0,1674.0,1637.550048828125,1648.25,1607.082275390625,9852770,INFY.NS
2024-07-11,1656.0,1665.0,1642.050048828125,1652.699951171875,1611.421142578125,8857679,INFY.NS
2024-07-12,1680.0,1719.75,1666.6500244140625,1711.75,1668.996337890625,17078316,INFY.NS
2024-07-15,1726.199951171875,1728.0,1702.6500244140625,1707.050048828125,1664.4136962890625,6942230,INFY.NS
2024-07-16,1718.5999755859375,1737.9000244140625,1700.0,1726.050048828125,1682.9390869140625,6886281,INFY.NS
2024-07-18,1719.0,1765.4000244140625,1719.0,1758.050048828125,1714.139892578125,11248896,INFY.NS
2024-07-19,1844.0,1844.0,1786.449951171875,1792.949951171875,1748.1680908203125,29819116,INFY.NS
2024-07-22,1800.1500244140625,1823.0,1792.949951171875,1810.8499755859375,1765.6209716796875,8462126,INFY.NS
2024-07-23,1810.0,1839.949951171875,1783.25,1836.9000244140625,1791.0205078125,7113056,INFY.NS
2024-07-24,1837.5,1842.3499755859375,1819.5999755859375,1833.949951171875,1788.14404296875,6002845,INFY.NS
2024-07-25,1820.0,1830.9000244140625,1812.0,1824.8499755859375,1779.2713623046875,5815599,INFY.NS
2024-07-26,1825.3499755859375,1883.0,1825.3499755859375,1878.9000244140625,1831.971435546875,11369047,INFY.NS
2024-07-29,1893.5999755859375,1903.0,1864.0,1871.0999755859375,1824.3662109375,4635931,INFY.NS
2024-07-30,1871.0999755859375,1879.949951171875,1860.0,1877.1500244140625,1830.26513671875,2721265,INFY.NS
2024-07-31,1877.0,1885.1500244140625,1865.050048828125,1868.25,1821.58740234375,5004209,INFY.NS
2024-08-01,1856.0999755859375,1867.9000244140625,1845.0999755859375,1852.5999755859375,1806.3282470703125,7475014,INFY.NS
2024-08-02,1843.0,1859.5,1816.1500244140625,1821.199951171875,1775.7125244140625,7400938,INFY.NS
2024-08-05,1784.949951171875,1797.5,1718.550048828125,1751.9000244140625,1708.1434326171875,10736703,INFY.NS
2024-08-06,1760.199951171875,1796.949951171875,1744.8499755859375,1751.0999755859375,1707.3634033203125,7690163,INFY.NS
2024-08-07,1796.0,1797.9000244140625,1762.0999755859375,1791.6500244140625,1746.900634765625,5094329,INFY.NS
2024-08-08,1779.949951171875,1779.949951171875,1727.0999755859375,1743.1500244140625,1699.612060546875,6227910,INFY.NS
2024-08-09,1771.25,1780.75,1756.0,1770.75,1726.5225830078125,4258524,INFY.NS
2024-08-12,1773.050048828125,1803.5,1768.0999755859375,1797.4000244140625,1752.507080078125,4315329,INFY.NS
2024-08-13,1810.0,1810.0,1789.050048828125,1797.449951171875,1752.5556640625,4176918,INFY.NS
2024-08-14,1802.0,1825.0,1797.449951171875,1823.25,1777.71142578125,7450718,INFY.NS
2024-08-16,1850.0,1861.8499755859375,1829.5,1858.949951171875,1812.5196533203125,7335657,INFY.NS
2024-08-19,1860.0,1867.550048828125,1849.199951171875,1864.800048828125,1818.2236328125,2585989,INFY.NS
2024-08-20,1880.0,1885.699951171875,1868.199951171875,1872.199951171875,1825.438720703125,3870333,INFY.NS
2024-08-21,1875.0999755859375,1879.0,1867.0999755859375,1872.699951171875,1825.9261474609375,1966902,INFY.NS
2024-08-22,1884.0,1893.6500244140625,1869.699951171875,1880.25,1833.2877197265625,4300287,INFY.NS
2024-08-23,1878.199951171875,1882.5999755859375,1857.0,1862.0999755859375,1815.591064453125,5015935,INFY.NS
2024-08-26,1870.0,1888.75,1864.0,1876.1500244140625,1829.2901611328125,3728589,INFY.NS
2024-08-27,1876.1500244140625,1902.75,1873.9000244140625,1900.0999755859375,1852.641845703125,3830679,INFY.NS
2024-08-28,1906.9000244140625,1951.0,1897.4000244140625,1939.0999755859375,1890.667724609375,6514531,INFY.NS
2024-08-29,1933.0,1950.5,1920.9000244140625,1933.3499755859375,1885.0614013671875,7228284,INFY.NS
2024-08-30,1938.0,1950.0,1928.0,1943.699951171875,1895.15283203125,13466759,INFY.NS
2024-09-02,1943.3499755859375,1975.75,1942.800048828125,1964.5,1915.4334716796875,5573739,INFY.NS
2024-09-03,1967.0,1967.0,1936.449951171875,1941.25,1892.76416015625,4694322,INFY.NS
2024-09-04,1921.0999755859375,1927.199951171875,1900.050048828125,1922.449951171875,1874.43359375,4778310,INFY.NS
2024-09-05,1926.25,1940.0,1909.5999755859375,1933.1500244140625,1884.866455078125,4081810,INFY.NS
2024-09-06,1922.0,1936.5,1896.8499755859375,1901.8499755859375,1854.34814453125,5848106,INFY.NS
2024-09-09,1890.0,1920.8499755859375,1889.0,1894.6500244140625,1847.328125,4772612,INFY.NS
2024-09-10,1904.9000244140625,1935.0,1896.0,1912.300048828125,1864.5372314453125,6909600,INFY.NS
2024-09-11,1914.699951171875,1926.0,1905.0,1910.1500244140625,1862.44091796875,5312946,INFY.NS
2024-09-12,1925.0,1956.4000244140625,1910.800048828125,1950.449951171875,1901.734375,8555092,INFY.NS
2024-09-13,1950.449951171875,1958.5999755859375,1935.6500244140625,1944.0999755859375,1895.5428466796875,3843127,INFY.NS
2024-09-16,1945.75,1952.0,1933.050048828125,1950.25,1901.539306640625,1570181,INFY.NS
2024-09-17,1947.75,1958.449951171875,1942.1500244140625,1952.550048828125,1903.781982421875,2793127,INFY.NS
2024-09-18,1938.75,1938.75,1881.300048828125,1892.1500244140625,1844.8905029296875,6385468,INFY.NS
2024-09-19,1910.5999755859375,1924.9000244140625,1878.800048828125,1894.199951171875,1846.88916015625,7976570,INFY.NS
2024-09-20,1905.0,1915.0,1867.4000244140625,1905.75,1858.1507568359375,15242974,INFY.NS
2024-09-23,1909.0,1918.9000244140625,1878.449951171875,1896.449951171875,1849.0830078125,3636672,INFY.NS
2024-09-24,1888.0,1910.9000244140625,1871.4000244140625,1898.5999755859375,1851.1793212890625,7277616,INFY.NS
2024-09-25,1886.3499755859375,1901.5999755859375,1876.800048828125,1895.300048828125,1847.9619140625,4268341,INFY.NS
2024-09-26,1897.800048828125,1917.949951171875,1893.0,1900.25,1852.7880859375,8952803,INFY.NS
2024-09-27,1932.0999755859375,1974.5999755859375,1903.300048828125,1906.75,1859.1258544921875,14908931,INFY.NS
2024-09-30,1880.0,1901.25,1870.5,1875.5999755859375,1828.75390625,6986955,INFY.NS
2024-10-01,1875.0,1908.949951171875,1875.0,1904.3499755859375,1856.7857666015625,4029072,INFY.NS
2024-10-03,1889.5,1911.8499755859375,1881.0,1893.4000244140625,1846.1092529296875,7503887,INFY.NS
2024-10-04,1889.550048828125,1954.0999755859375,1886.0,1918.1500244140625,1870.2410888671875,10001483,INFY.NS
2024-10-07,1923.199951171875,1942.0,1916.050048828125,1934.300048828125,1885.98779296875,6112575,INFY.NS
2024-10-08,1937.9000244140625,1957.949951171875,1906.3499755859375,1948.550048828125,1899.8818359375,5637391,INFY.NS
2024-10-09,1952.550048828125,1977.0,1945.0999755859375,1952.75,1903.976806640625,4857163,INFY.NS
2024-10-10,1957.9000244140625,1964.0,1914.0999755859375,1919.0,1871.06982421875,4782119,INFY.NS
2024-10-11,1918.0,1947.0,1910.0999755859375,1935.0999755859375,1886.7677001953125,4709431,INFY.NS
2024-10-14,1932.1500244140625,1969.5,1931.0999755859375,1958.9000244140625,1909.9732666015625,3751378,INFY.NS
2024-10-15,1960.0,1991.449951171875,1951.75,1959.300048828125,1910.36328125,5353705,INFY.NS
2024-10-16,1955.0,1959.550048828125,1916.3499755859375,1920.0999755859375,1872.142333984375,3111512,INFY.NS
2024-10-17,1935.199951171875,1978.0,1930.1500244140625,1968.0999755859375,1918.9434814453125,8162822,INFY.NS
2024-10-18,1893.800048828125,1936.8499755859375,1869.25,1879.5999755859375,1832.6539306640625,10526196,INFY.NS
2024-10-21,1891.0999755859375,1898.800048828125,1838.0,1852.75,1806.474609375,4654601,INFY.NS
2024-10-22,1858.199951171875,1877.800048828125,1846.949951171875,1851.5999755859375,1805.353271484375,4125240,INFY.NS
2024-10-23,1845.25,1886.0,1844.0,1873.4000244140625,1826.6087646484375,4311910,INFY.NS
2024-10-24,1861.4000244140625,1884.0,1860.0,1863.3499755859375,1816.8096923828125,2906475,INFY.NS
2024-10-25,1863.449951171875,1876.3499755859375,1846.4000244140625,1862.050048828125,1815.542236328125,4689120,INFY.NS
2024-10-28,1859.699951171875,1881.9000244140625,1857.0,1865.3499755859375,1818.759765625,7018940,INFY.NS
2024-10-29,1846.0,1851.5999755859375,1829.0,1839.300048828125,1813.7799072265625,4621252,INFY.NS
2024-10-30,1832.0,1839.0,1796.3499755859375,1802.0999755859375,1777.0960693359375,5919715,INFY.NS
2024-10-31,1787.9000244140625,1787.9000244140625,1746.5,1757.25,1732.868408203125,7395236,INFY.NS
2024-11-01,1764.5,1766.0,1752.050048828125,1760.8499755859375,1736.4183349609375,371966,INFY.NS
2024-11-04,1724.5,1767.0,1718.0,1763.6500244140625,1739.1795654296875,7336722,INFY.NS
2024-11-05,1760.0,1768.449951171875,1745.0,1754.199951171875,1729.860595703125,3160880,INFY.NS
2024-11-06,1764.0,1827.199951171875,1762.6500244140625,1823.699951171875,1798.3963623046875,10421494,INFY.NS
2024-11-07,1812.949951171875,1825.699951171875,1787.0,1803.050048828125,1778.032958984375,4550965,INFY.NS
2024-11-08,1818.0,1840.5999755859375,1813.1500244140625,1829.949951171875,1804.5595703125,4210960,INFY.NS
2024-11-11,1829.0,1868.0,1822.550048828125,1860.0999755859375,1834.291259765625,3804234,INFY.NS
2024-11-12,1871.0999755859375,1881.0,1861.0,1868.800048828125,1842.87060546875,5012450,INFY.NS
2024-11-13,1861.0999755859375,1873.199951171875,1856.300048828125,1868.4000244140625,1842.4761962890625,4257495,INFY.NS
2024-11-14,1865.5999755859375,1876.0,1856.0,1864.550048828125,1838.6795654296875,4311431,INFY.NS
2024-11-18,1849.199951171875,1849.199951171875,1795.0,1811.449951171875,1786.3162841796875,4839244,INFY.NS
2024-11-19,1825.5,1859.699951171875,1820.550048828125,1824.75,1799.4317626953125,4669769,INFY.NS
2024-11-21,1842.0,1867.0,1820.5999755859375,1834.050048828125,1808.602783203125,5436504,INFY.NS
2024-11-22,1854.0999755859375,1914.050048828125,1834.0,1902.25,1875.8564453125,6301486,INFY.NS
2024-11-25,1916.0,1919.300048828125,1882.0,1889.699951171875,1863.4805908203125,12764638,INFY.NS
2024-11-26,1904.949951171875,1938.5999755859375,1897.300048828125,1924.1500244140625,1897.45263671875,6850495,INFY.NS
2024-11-27,1930.0999755859375,1941.4000244140625,1911.75,1924.5,1897.7977294921875,4447143,INFY.NS
2024-11-28,1914.9000244140625,1914.9000244140625,1851.6500244140625,1856.6500244140625,1830.88916015625,8468790,INFY.NS
2024-11-29,1851.0999755859375,1877.0,1845.0,1857.8499755859375,1832.072509765625,5244346,INFY.NS
2024-12-02,1859.0,1882.800048828125,1835.199951171875,1879.800048828125,1853.718017578125,2868263,INFY.NS
2024-12-03,1887.0,1899.75,1871.1500244140625,1892.0999755859375,1865.8472900390625,4715792,INFY.NS
2024-12-04,1884.0,1913.949951171875,1875.0,1889.25,1863.036865234375,4705573,INFY.NS
2024-12-05,1900.0,1949.9000244140625,1888.949951171875,1934.8499755859375,1908.004150390625,9050038,INFY.NS
2024-12-06,1932.800048828125,1937.949951171875,1912.4000244140625,1922.4000244140625,1895.7269287109375,3573331,INFY.NS
2024-12-09,1924.199951171875,1930.199951171875,1897.199951171875,1923.6500244140625,1896.9595947265625,4274645,INFY.NS
2024-12-10,1939.0,1965.5999755859375,1932.0,1948.550048828125,1921.51416015625,6174921,INFY.NS
2024-12-11,1955.0,1978.0,1952.0,1974.1500244140625,1946.7589111328125,5025612,INFY.NS
2024-12-12,1975.199951171875,1998.800048828125,1970.550048828125,1987.0,1959.4305419921875,6462130,INFY.NS
2024-12-13,1969.75,2006.449951171875,1953.800048828125,1999.699951171875,1971.954345703125,5362693,INFY.NS
2024-12-16,1995.449951171875,1999.5999755859375,1977.5999755859375,1980.050048828125,1952.5770263671875,3119221,INFY.NS
2024-12-17,1968.0,1982.0,1958.0,1976.5999755859375,1949.1749267578125,5811050,INFY.NS
2024-12-18,1966.800048828125,1984.949951171875,1961.5999755859375,1979.1500244140625,1951.6895751953125,3064095,INFY.NS
2024-12-19,1934.0,1959.75,1920.0,1946.199951171875,1919.1966552734375,5323592,INFY.NS
2024-12-20,1975.1500244140625,1979.949951171875,1911.25,1922.1500244140625,1895.4803466796875,11056720,INFY.NS
2024-12-23,1930.050048828125,1940.0,1909.0,1924.300048828125,1897.6005859375,2781793,INFY.NS
2024-12-24,1927.050048828125,1942.0,1840.0,1909.050048828125,1882.5621337890625,2360544,INFY.NS
2024-12-26,1909.050048828125,1919.75,1902.300048828125,1907.4000244140625,1880.93505859375,3623321,INFY.NS
2024-12-27,1909.4000244140625,1924.1500244140625,1903.9000244140625,1916.75,1890.1552734375,3937500,INFY.NS
2024-12-30,1915.699951171875,1916.0,1886.5,1906.0,1879.554443359375,7789055,INFY.NS
2024-12-31,1892.300048828125,1897.0,1845.050048828125,1880.0,1853.9151611328125,3613063,INFY.NS
2025-01-01,1874.0,1892.949951171875,1874.0,1882.5,1856.3804931640625,1838368,INFY.NS
2025-01-02,1887.0,1962.6500244140625,1885.300048828125,1957.8499755859375,1930.68505859375,7083645,INFY.NS
2025-01-03,1952.949951171875,1952.949951171875,1922.0,1938.75,1911.85009765625,6218003,INFY.NS
2025-01-06,1952.0,1973.0,1928.0,1937.8499755859375,1910.9625244140625,7164403,INFY.NS
2025-01-07,1945.0,1958.550048828125,1923.6500244140625,1930.8499755859375,1904.0596923828125,4294832,INFY.NS
2025-01-08,1930.0,1938.5999755859375,1888.75,1933.1500244140625,1906.3277587890625,5482050,INFY.NS
2025-01-09,1934.050048828125,1951.8499755859375,1910.550048828125,1917.300048828125,1890.69775390625,6833503,INFY.NS
2025-01-10,1937.0,1977.800048828125,1932.25,1966.949951171875,1939.65869140625,8036913,INFY.NS
2025-01-13,1956.0,1982.800048828125,1949.0,1962.199951171875,1934.974609375,5804152,INFY.NS
2025-01-14,1968.8499755859375,1971.800048828125,1931.0999755859375,1940.050048828125,1913.132080078125,5792162,INFY.NS
2025-01-15,1947.0,1958.050048828125,1937.0999755859375,1949.6500244140625,1922.598876953125,2985439,INFY.NS
2025-01-16,1965.949951171875,1966.949951171875,1916.8499755859375,1928.449951171875,1901.69287109375,7533579,INFY.NS
2025-01-17,1851.0,1858.0,1812.0,1815.449951171875,1790.2607421875,16409953,INFY.NS
2025-01-20,1822.949951171875,1827.949951171875,1793.1500244140625,1813.300048828125,1788.1407470703125,4333011,INFY.NS
2025-01-21,1819.050048828125,1831.6500244140625,1793.050048828125,1800.699951171875,1775.7154541015625,7169109,INFY.NS
2025-01-22,1807.4000244140625,1865.800048828125,1805.1500244140625,1856.449951171875,1830.69189453125,8373913,INFY.NS
2025-01-23,1858.0,1879.550048828125,1852.699951171875,1865.449951171875,1839.5670166015625,5907471,INFY.NS
2025-01-24,1865.5,1894.9000244140625,1864.25,1875.449951171875,1849.4283447265625,4887027,INFY.NS
2025-01-27,1848.75,1863.0,1812.0,1822.0,1796.719970703125,7652371,INFY.NS
2025-01-28,1830.0,1863.5,1824.9000244140625,1829.75,1804.3624267578125,6999495,INFY.NS
2025-01-29,1845.0,1888.6500244140625,1840.5,1881.25,1855.1478271484375,5145155,INFY.NS
2025-01-30,1873.1500244140625,1887.199951171875,1844.0,1859.949951171875,1834.143310546875,7336056,INFY.NS
2025-01-31,1871.0,1897.449951171875,1871.0,1879.800048828125,1853.718017578125,5820470,INFY.NS
2025-02-01,1880.300048828125,1890.5999755859375,1846.0,1851.3499755859375,1825.6627197265625,1701402,INFY.NS
2025-02-03,1836.0,1876.550048828125,1832.4000244140625,1863.300048828125,1837.447021484375,4823228,INFY.NS
2025-02-04,1889.0,1911.199951171875,1875.0,1898.800048828125,1872.4544677734375,7334787,INFY.NS
2025-02-05,1906.0,1919.699951171875,1894.300048828125,1897.050048828125,1870.7286376953125,4996744,INFY.NS
2025-02-06,1917.0,1924.0,1900.0,1915.6500244140625,1889.070556640625,4765255,INFY.NS
2025-02-07,1919.300048828125,1923.699951171875,1889.449951171875,1903.6500244140625,1877.237060546875,4126260,INFY.NS
2025-02-10,1905.0,1905.0,1878.5999755859375,1880.300048828125,1854.2110595703125,3828734,INFY.NS
2025-02-11,1883.0999755859375,1903.0,1870.0,1875.6500244140625,1849.6256103515625,4411601,INFY.NS
2025-02-12,1885.0,1894.5999755859375,1847.0,1863.1500244140625,1837.299072265625,5633947,INFY.NS
2025-02-13,1868.5,1873.5,1835.6500244140625,1843.25,1817.6751708984375,5237744,INFY.NS
2025-02-14,1854.0,1859.300048828125,1828.3499755859375,1856.4000244140625,1830.6427001953125,5292961,INFY.NS
2025-02-17,1838.550048828125,1852.75,1822.1500244140625,1842.300048828125,1816.73828125,4428956,INFY.NS
2025-02-18,1842.300048828125,1861.6500244140625,1837.5999755859375,1851.949951171875,1826.25439453125,4365260,INFY.NS
2025-02-19,1847.4000244140625,1849.199951171875,1805.9000244140625,1810.800048828125,1785.6754150390625,4611411,INFY.NS
2025-02-20,1805.550048828125,1831.0,1805.550048828125,1825.1500244140625,1799.8262939453125,2218020,INFY.NS
2025-02-21,1821.800048828125,1829.8499755859375,1806.199951171875,1815.0,1789.8170166015625,3379879,INFY.NS
2025-02-24,1800.050048828125,1808.0,1750.25,1764.0999755859375,1739.623291015625,7594720,INFY.NS
2025-02-25,1745.1500244140625,1778.449951171875,1745.1500244140625,1767.699951171875,1743.17333984375,5092963,INFY.NS
2025-02-27,1755.199951171875,1775.8499755859375,1751.0999755859375,1764.300048828125,1739.820556640625,5757079,INFY.NS
2025-02-28,1755.050048828125,1755.0999755859375,1682.449951171875,1687.699951171875,1664.2833251953125,12182167,INFY.NS
2025-03-03,1692.300048828125,1728.5999755859375,1692.300048828125,1708.5999755859375,1684.893310546875,7504969,INFY.NS
2025-03-04,1695.0,1699.0,1670.0,1688.300048828125,1664.8751220703125,6759673,INFY.NS
2025-03-05,1692.449951171875,1732.949951171875,1692.449951171875,1711.5,1687.753173828125,8180782,INFY.NS
2025-03-06,1715.0,1722.300048828125,1691.0999755859375,1715.8499755859375,1692.042724609375,10610547,INFY.NS
2025-03-07,1703.0999755859375,1705.0,1675.5,1686.0,1662.60693359375,8019331,INFY.NS
2025-03-10,1686.0,1719.0,1676.199951171875,1701.449951171875,1677.842529296875,7558981,INFY.NS
2025-03-11,1680.0,1680.0,1637.050048828125,1661.5999755859375,1638.54541015625,12671234,INFY.NS
2025-03-12,1636.9000244140625,1636.9000244140625,1563.800048828125,1590.8499755859375,1568.777099609375,14870008,INFY.NS
2025-03-13,1599.25,1606.050048828125,1570.300048828125,1579.8499755859375,1557.9296875,7822888,INFY.NS
2025-03-17,1545.1500244140625,1594.0,1545.1500244140625,1590.050048828125,1567.98828125,7526032,INFY.NS
2025-03-18,1590.050048828125,1590.050048828125,1590.050048828125,1590.050048828125,1567.98828125,0,INFY.NS
2025-03-19,1603.0,1603.0,1572.800048828125,1586.550048828125,1564.536865234375,7387068,INFY.NS
2025-03-20,1592.0,1631.9000244140625,1592.0,1615.550048828125,1593.134521484375,7186750,INFY.NS
2025-03-21,1577.949951171875,1603.9000244140625,1563.6500244140625,1592.550048828125,1570.45361328125,10074677,INFY.NS
2025-03-24,1597.949951171875,1607.0999755859375,1572.699951171875,1592.75,1570.6507568359375,8857726,INFY.NS
2025-03-25,1605.0,1636.1500244140625,1605.0,1628.449951171875,1605.8553466796875,9890140,INFY.NS
2025-03-26,1626.0,1637.75,1595.0,1599.449951171875,1577.2578125,6651302,INFY.NS
2025-03-27,1595.550048828125,1619.949951171875,1586.0,1603.550048828125,1581.301025390625,9426573,INFY.NS
2025-03-28,1590.0,1598.449951171875,1560.0,1570.6500244140625,1548.857421875,6799047,INFY.NS
2025-04-01,1539.25,1547.4000244140625,1517.8499755859375,1526.5,1505.3199462890625,12680733,INFY.NS
2025-04-02,1535.199951171875,1555.6500244140625,1535.199951171875,1550.1500244140625,1528.641845703125,6193478,INFY.NS
2025-04-03,1534.6500244140625,1534.6500244140625,1485.050048828125,1496.5,1475.7362060546875,10459504,INFY.NS
2025-04-04,1460.5,1472.0,1448.0,1451.6500244140625,1431.508544921875,9590254,INFY.NS
2025-04-07,1352.0,1405.9000244140625,1307.0,1396.75,1377.3702392578125,21715252,INFY.NS
2025-04-08,1431.0,1456.5,1415.0,1428.800048828125,1408.9755859375,12805001,INFY.NS
2025-04-09,1405.050048828125,1409.449951171875,1381.9000244140625,1403.699951171875,1384.2237548828125,8546854,INFY.NS
2025-04-11,1411.25,1438.800048828125,1397.050048828125,1409.449951171875,1389.89404296875,12567440,INFY.NS
2025-04-15,1445.5999755859375,1447.699951171875,1409.0,1426.0,1406.21435546875,10178530,INFY.NS
2025-04-16,1425.0,1427.5,1396.800048828125,1413.0999755859375,1393.493408203125,12022740,INFY.NS
2025-04-17,1398.0,1429.800048828125,1378.300048828125,1419.5,1399.8045654296875,14264227,INFY.NS
2025-04-21,1410.0,1471.800048828125,1410.0,1451.0,1430.8675537109375,15648970,INFY.NS
2025-04-22,1440.0,1440.0,1419.300048828125,1422.800048828125,1403.058837890625,9399738,INFY.NS
2025-04-23,1446.0,1487.800048828125,1439.5999755859375,1474.9000244140625,1454.4359130859375,11136642,INFY.NS
2025-04-24,1469.9000244140625,1482.9000244140625,1461.5,1471.4000244140625,1450.9844970703125,7114292,INFY.NS
2025-04-25,1475.5,1501.699951171875,1463.5,1480.199951171875,1459.662353515625,8329979,INFY.NS
2025-04-28,1480.199951171875,1489.5999755859375,1465.300048828125,1482.0999755859375,1461.5360107421875,5886253,INFY.NS
2025-04-29,1482.0,1509.800048828125,1474.0999755859375,1497.5,1476.722412109375,8056743,INFY.NS
2025-04-30,1496.800048828125,1508.800048828125,1482.5999755859375,1500.0999755859375,1479.2862548828125,7704183,INFY.NS
2025-05-02,1499.699951171875,1523.199951171875,1496.199951171875,1506.9000244140625,1485.991943359375,7402310,INFY.NS
2025-05-05,1515.0,1523.0,1502.800048828125,1508.5999755859375,1487.6683349609375,4282493,INFY.NS
2025-05-06,1506.0,1515.5999755859375,1499.0999755859375,1511.5,1490.528076171875,4270530,INFY.NS
2025-05-07,1500.0,1518.800048828125,1496.5999755859375,1508.300048828125,1487.37255859375,5691799,INFY.NS
2025-05-08,1508.0,1516.5,1501.199951171875,1511.4000244140625,1490.4295654296875,8424409,INFY.NS
2025-05-09,1500.699951171875,1511.4000244140625,1494.0999755859375,1507.5999755859375,1486.6822509765625,4478653,INFY.NS
2025-05-12,1537.0,1632.0,1532.0,1626.9000244140625,1604.3270263671875,11372857,INFY.NS
2025-05-13,1609.0,1612.199951171875,1564.5999755859375,1568.5999755859375,1546.8358154296875,12846210,INFY.NS
2025-05-14,1574.0,1595.0,1569.5,1592.4000244140625,1570.3056640625,4870057,INFY.NS
2025-05-15,1589.800048828125,1618.5999755859375,1571.0,1613.0,1590.6197509765625,11151167,INFY.NS
2025-05-16,1612.5999755859375,1612.5999755859375,1581.5,1589.9000244140625,1567.84033203125,4576751,INFY.NS
2025-05-19,1576.5,1585.0,1555.699951171875,1559.800048828125,1538.157958984375,8855798,INFY.NS
2025-05-20,1570.0,1583.5,1558.0,1560.5999755859375,1538.94677734375,7143998,INFY.NS
2025-05-21,1567.9000244140625,1571.0,1552.0999755859375,1568.5,1546.7371826171875,4157309,INFY.NS
2025-05-22,1555.5,1560.800048828125,1540.0,1547.5,1526.028564453125,6158990,INFY.NS
2025-05-23,1550.0,1587.199951171875,1550.0,1564.800048828125,1543.088623046875,5038421,INFY.NS
2025-05-26,1566.5999755859375,1583.800048828125,1562.699951171875,1580.5,1558.5706787109375,3170102,INFY.NS
2025-05-27,1579.9000244140625,1582.9000244140625,1556.4000244140625,1570.0999755859375,1548.3150634765625,7775714,INFY.NS
2025-05-28,1581.0,1587.699951171875,1570.0,1571.800048828125,1549.991455078125,3623370,INFY.NS
2025-05-29,1589.0,1608.9000244140625,1576.5999755859375,1585.5999755859375,1563.5999755859375,8609500,INFY.NS
2025-05-30,1571.0,1572.0,1555.0999755859375,1562.699951171875,1562.699951171875,13148092,INFY.NS
2025-06-02,1560.0,1560.0,1539.0,1553.800048828125,1553.800048828125,4374509,INFY.NS
2025-06-03,1559.0,1567.300048828125,1535.5999755859375,1543.0,1543.0,6853403,INFY.NS
2025-06-04,1543.0,1557.300048828125,1541.4000244140625,1551.199951171875,1551.199951171875,4548307,INFY.NS
2025-06-05,1547.9000244140625,1567.699951171875,1541.5999755859375,1554.300048828125,1554.300048828125,6948539,INFY.NS
2025-06-06,1554.699951171875,1568.9000244140625,1543.0999755859375,1563.800048828125,1563.800048828125,3960020,INFY.NS
2025-06-09,1578.0,1588.0,1571.0,1572.9000244140625,1572.9000244140625,2903202,INFY.NS
2025-06-10,1584.0,1607.5,1577.5,1596.0,1596.0,8591925,INFY.NS
2025-06-11,1590.0999755859375,1634.5999755859375,1590.0999755859375,1631.0999755859375,1631.0999755859375,10597410,INFY.NS
2025-06-12,1617.0,1628.0,1598.0999755859375,1608.5999755859375,1608.5999755859375,10483574,INFY.NS
2025-06-13,1576.0,1609.0,1570.199951171875,1602.0,1602.0,6968315,INFY.NS
2025-06-16,1600.0,1634.800048828125,1597.0999755859375,1623.800048828125,1623.800048828125,5591842,INFY.NS
2025-06-17,1620.699951171875,1647.4000244140625,1615.5999755859375,1639.9000244140625,1639.9000244140625,7622083,INFY.NS
2025-06-18,1621.0,1644.699951171875,1621.0,1632.9000244140625,1632.9000244140625,5629707,INFY.NS
2025-06-19,1623.9000244140625,1630.0,1611.5,1618.4000244140625,1618.4000244140625,5147760,INFY.NS
2025-06-20,1619.0,1630.699951171875,1608.9000244140625,1622.9000244140625,1622.9000244140625,9202821,INFY.NS
2025-06-23,1601.0,1601.0,1575.4000244140625,1584.0,1584.0,7943676,INFY.NS
2025-06-24,1601.0,1609.0,1576.5999755859375,1581.5999755859375,1581.5999755859375,8083992,INFY.NS
2025-06-25,1590.0,1619.9000244140625,1585.0999755859375,1614.9000244140625,1614.9000244140625,7813533,INFY.NS
2025-06-26,1608.800048828125,1624.0,1606.5999755859375,1616.0,1616.0,6519233,INFY.NS
2025-06-27,1619.0,1629.5999755859375,1602.4000244140625,1608.0,1608.0,8912268,INFY.NS
2025-06-30,1615.0,1615.0,1594.0999755859375,1601.800048828125,1601.800048828125,6294505,INFY.NS
2025-07-01,1609.0,1617.699951171875,1600.5,1606.800048828125,1606.800048828125,4178937,INFY.NS
2025-07-02,1618.0,1649.0,1603.4000244140625,1610.5,1610.5,8653641,INFY.NS
2025-07-03,1618.5,1632.4000244140625,1615.0,1618.699951171875,1618.699951171875,5259695,INFY.NS
2025-07-04,1625.0,1643.4000244140625,1612.300048828125,1640.699951171875,1640.699951171875,4411273,INFY.NS
2025-07-07,1640.0,1644.0,1623.0,1627.0,1627.0,3294523,INFY.NS
2025-07-08,1628.0,1646.199951171875,1621.5,1638.699951171875,1638.699951171875,4590681,INFY.NS
2025-07-09,1637.800048828125,1638.0,1623.5999755859375,1633.699951171875,1633.699951171875,4580828,INFY.NS
2025-07-10,1638.9000244140625,1638.9000244140625,1607.0999755859375,1615.800048828125,1615.800048828125,5330179,INFY.NS
2025-07-11,1579.0999755859375,1607.0999755859375,1563.0,1594.9000244140625,1594.9000244140625,11391755,INFY.NS
2025-07-14,1591.800048828125,1591.800048828125,1559.800048828125,1570.300048828125,1570.300048828125,9173426,INFY.NS
2025-07-15,1565.0999755859375,1603.5999755859375,1564.0,1585.5999755859375,1585.5999755859375,7614807,INFY.NS
2025-07-16,1579.0,1612.0,1578.5,1607.9000244140625,1607.9000244140625,6223491,INFY.NS
2025-07-17,1598.0,1610.0,1580.0999755859375,1583.5,1583.5,7374814,INFY.NS
2025-07-18,1592.0999755859375,1599.300048828125,1580.0,1586.0999755859375,1586.0999755859375,5161833,INFY.NS
2025-07-21,1580.0,1589.0,1566.800048828125,1584.300048828125,1584.300048828125,3682661,INFY.NS
2025-07-22,1565.0,1585.800048828125,1565.0,1570.9000244140625,1570.9000244140625,8473741,INFY.NS
2025-07-23,1576.300048828125,1591.9000244140625,1550.0,1574.5,1574.5,8035026,INFY.NS
2025-07-24,1580.0,1582.0,1548.199951171875,1552.5,1552.5,14169664,INFY.NS
2025-07-25,1543.4000244140625,1549.5,1511.300048828125,1515.699951171875,1515.699951171875,10851259,INFY.NS
2025-07-28,1513.9000244140625,1519.300048828125,1482.5,1516.0,1516.0,6439855,INFY.NS
2025-07-29,1512.9000244140625,1517.199951171875,1496.0999755859375,1513.699951171875,1513.699951171875,7070448,INFY.NS
2025-07-30,1519.9000244140625,1521.699951171875,1506.0,1519.0,1519.0,5719051,INFY.NS
2025-07-31,1509.699951171875,1527.0999755859375,1497.0,1509.0,1509.0,6851407,INFY.NS
2025-08-01,1493.9000244140625,1498.699951171875,1465.5,1469.5999755859375,1469.5999755859375,8702978,INFY.NS
2025-08-04,1461.5,1482.800048828125,1451.0,1480.5,1480.5,8610216,INFY.NS
2025-08-05,1478.699951171875,1478.699951171875,1455.0,1460.300048828125,1460.300048828125,10213323,INFY.NS
2025-08-06,1452.0,1456.0999755859375,1430.300048828125,1436.699951171875,1436.699951171875,10566934,INFY.NS
2025-08-07,1430.0,1442.0,1414.199951171875,1436.9000244140625,1436.9000244140625,9892020,INFY.NS
2025-08-08,1425.0,1433.199951171875,1417.0999755859375,1423.0999755859375,1423.0999755859375,10048009,INFY.NS
2025-08-11,1419.9000244140625,1433.4000244140625,1414.0,1428.199951171875,1428.199951171875,6625368,INFY.NS
2025-08-12,1428.199951171875,1441.0,1421.0,1424.0999755859375,1424.0999755859375,9899184,INFY.NS
2025-08-13,1425.0,1434.0,1422.4000244140625,1426.5999755859375,1426.5999755859375,10318063,INFY.NS
2025-08-14,1426.199951171875,1470.0,1426.199951171875,1447.699951171875,1447.699951171875,12902347,INFY.NS
2025-08-18,1464.699951171875,1464.699951171875,1429.5999755859375,1435.800048828125,1435.800048828125,7254561,INFY.NS
2025-08-19,1432.699951171875,1449.4000244140625,1432.699951171875,1440.0,1440.0,3986094,INFY.NS
2025-08-20,1440.699951171875,1499.0,1440.699951171875,1496.199951171875,1496.199951171875,10413061,INFY.NS
2025-08-21,1508.0,1508.0,1484.300048828125,1496.4000244140625,1496.4000244140625,6565539,INFY.NS
2025-08-22,1498.0999755859375,1504.300048828125,1486.0999755859375,1487.5,1487.5,5543397,INFY.NS
2025-08-25,1506.699951171875,1539.0,1506.699951171875,1532.0999755859375,1532.0999755859375,10694531,INFY.NS
2025-08-26,1523.0,1538.4000244140625,1518.5999755859375,1529.5999755859375,1529.5999755859375,15994798,INFY.NS
2025-08-27,1529.5999755859375,1529.5999755859375,1529.5999755859375,1529.5999755859375,1529.5999755859375,0,INFY.NS
2025-08-28,1529.5999755859375,1529.5999755859375,1498.0,1500.0999755859375,1500.0999755859375,5443364,INFY.NS
2025-08-29,1501.9000244140625,1501.9000244140625,1467.699951171875,1469.5999755859375,1469.5999755859375,8169075,INFY.NS
2025-09-01,1476.699951171875,1503.4000244140625,1476.199951171875,1499.4000244140625,1499.4000244140625,4546057,INFY.NS
2025-09-02,1499.4000244140625,1512.800048828125,1486.300048828125,1498.699951171875,1498.699951171875,5218763,INFY.NS
2025-09-03,1500.0,1501.9000244140625,1473.0,1479.0999755859375,1479.0999755859375,4623483,INFY.NS
2025-09-04,1484.0,1484.0,1460.0999755859375,1463.0,1463.0,5787724,INFY.NS
2025-09-05,1470.0,1472.699951171875,1433.0,1444.5999755859375,1444.5999755859375,5466487,INFY.NS
2025-09-08,1451.0,1458.0,1428.300048828125,1432.9000244140625,1432.9000244140625,3811567,INFY.NS
2025-09-09,1481.0,1507.199951171875,1472.5,1504.300048828125,1504.300048828125,13072640,INFY.NS
