date,open,high,low,close,adj_close,volume,ticker
2020-09-11,184.89999389648438,186.5,182.75,183.9499969482422,151.54833984375,19255948,ITC.NS
2020-09-14,185.8000030517578,185.85000610351562,183.0,183.35000610351562,151.0540313720703,30992032,ITC.NS
2020-09-15,184.0,184.1999969482422,180.8000030517578,181.8000030517578,149.77706909179688,30771790,ITC.NS
2020-09-16,181.85000610351562,183.5,180.0500030517578,180.64999389648438,148.82960510253906,50641398,ITC.NS
2020-09-17,180.8000030517578,181.5,177.8000030517578,178.60000610351562,147.1407012939453,33933262,ITC.NS
2020-09-18,179.5500030517578,179.85000610351562,177.0,179.10000610351562,147.5526580810547,29782789,ITC.NS
2020-09-21,180.0,180.60000610351562,175.0500030517578,175.75,144.79273986816406,23891325,ITC.NS
2020-09-22,175.75,176.75,173.75,174.1999969482422,143.51573181152344,18529108,ITC.NS
2020-09-23,174.9499969482422,177.5500030517578,171.6999969482422,172.5,142.11520385742188,61785000,ITC.NS
2020-09-24,171.6999969482422,171.75,166.14999389648438,166.5500030517578,137.21324157714844,31486355,ITC.NS
2020-09-25,168.89999389648438,171.1999969482422,167.0,170.75,140.6734161376953,26625318,ITC.NS
2020-09-28,171.0,174.8000030517578,170.5,173.3000030517578,142.77426147460938,23194638,ITC.NS
2020-09-29,174.75,174.75,169.0,169.39999389648438,139.5612335205078,25615786,ITC.NS
2020-09-30,170.0,172.10000610351562,168.6999969482422,171.6999969482422,141.45608520507812,18481590,ITC.NS
2020-10-01,174.5,174.60000610351562,170.10000610351562,170.85000610351562,140.75584411621094,19756417,ITC.NS
2020-10-05,171.10000610351562,172.8000030517578,168.75,169.25,139.4376678466797,24298942,ITC.NS
2020-10-06,169.5,171.60000610351562,168.10000610351562,169.89999389648438,139.97314453125,21885190,ITC.NS
2020-10-07,170.0,170.89999389648438,169.0,169.5,139.64361572265625,16286540,ITC.NS
2020-10-08,170.10000610351562,170.39999389648438,166.89999389648438,167.14999389648438,137.70753479003906,25502126,ITC.NS
2020-10-09,167.5,168.89999389648438,166.35000610351562,167.85000610351562,138.28427124023438,22373277,ITC.NS
2020-10-12,170.5,175.1999969482422,170.0,172.1999969482422,141.86802673339844,66250422,ITC.NS
2020-10-13,172.85000610351562,174.85000610351562,169.5,170.14999389648438,140.17913818359375,35684395,ITC.NS
2020-10-14,170.5500030517578,171.0,167.0500030517578,167.8000030517578,138.24307250976562,38216229,ITC.NS
2020-10-15,167.6999969482422,167.8000030517578,164.5500030517578,165.0500030517578,135.97744750976562,27116799,ITC.NS
2020-10-16,165.5,166.8000030517578,163.8000030517578,165.6999969482422,136.51296997070312,20227056,ITC.NS
2020-10-19,166.8000030517578,168.89999389648438,166.14999389648438,168.25,138.61378479003906,19016521,ITC.NS
2020-10-20,168.0,168.3000030517578,166.6999969482422,167.4499969482422,137.95469665527344,16148741,ITC.NS
2020-10-21,168.14999389648438,168.89999389648438,166.60000610351562,167.64999389648438,138.11949157714844,16478833,ITC.NS
2020-10-22,167.5500030517578,169.10000610351562,167.0,168.5500030517578,138.8609619140625,22044107,ITC.NS
2020-10-23,168.9499969482422,171.0,167.75,170.75,140.6734161376953,20145584,ITC.NS
2020-10-26,171.5,171.60000610351562,168.25,168.5500030517578,138.8609619140625,16080575,ITC.NS
2020-10-27,168.5,169.3000030517578,166.75,167.1999969482422,137.74871826171875,45885092,ITC.NS
2020-10-28,168.5,168.5,165.0,165.5,136.3481903076172,16820774,ITC.NS
2020-10-29,165.0,165.9499969482422,163.4499969482422,163.85000610351562,134.98883056640625,21007139,ITC.NS
2020-10-30,164.0,166.8000030517578,163.35000610351562,165.25,136.14224243164062,16347325,ITC.NS
2020-11-02,166.8000030517578,167.1999969482422,164.4499969482422,166.75,137.37802124023438,14370649,ITC.NS
2020-11-03,167.1999969482422,170.75,167.10000610351562,170.10000610351562,140.13795471191406,22602903,ITC.NS
2020-11-04,170.0500030517578,171.8000030517578,168.1999969482422,169.8000030517578,139.89077758789062,18808819,ITC.NS
2020-11-05,171.25,175.0,170.1999969482422,174.75,143.96885681152344,26997641,ITC.NS
2020-11-06,176.5,177.1999969482422,173.39999389648438,173.9499969482422,143.30978393554688,34252005,ITC.NS
2020-11-09,173.9499969482422,177.3000030517578,171.85000610351562,172.8000030517578,142.36236572265625,35286484,ITC.NS
2020-11-10,175.0,179.5500030517578,171.85000610351562,178.35000610351562,146.93478393554688,57459436,ITC.NS
2020-11-11,179.60000610351562,185.89999389648438,178.60000610351562,185.3000030517578,152.66055297851562,63318644,ITC.NS
2020-11-12,185.1999969482422,188.75,183.85000610351562,188.0,154.88494873046875,46367792,ITC.NS
2020-11-13,187.1999969482422,188.8000030517578,185.5500030517578,187.10000610351562,154.1435089111328,28198725,ITC.NS
2020-11-14,189.0500030517578,190.0,188.0500030517578,188.60000610351562,155.3792724609375,7767144,ITC.NS
2020-11-17,189.0,189.39999389648438,186.39999389648438,187.35000610351562,154.34945678710938,20950589,ITC.NS
2020-11-18,186.8000030517578,188.4499969482422,182.75,184.0500030517578,151.63072204589844,26595992,ITC.NS
2020-11-19,182.8000030517578,191.8000030517578,182.6999969482422,187.89999389648438,154.80258178710938,48984610,ITC.NS
2020-11-20,188.8000030517578,192.0,186.0500030517578,191.6999969482422,157.93321228027344,45307312,ITC.NS
2020-11-23,192.0,192.5,188.64999389648438,190.85000610351562,157.23294067382812,23180456,ITC.NS
2020-11-24,190.60000610351562,196.4499969482422,190.60000610351562,195.5500030517578,161.10508728027344,45411815,ITC.NS
2020-11-25,196.0,197.9499969482422,192.5,193.85000610351562,159.7045440673828,41659179,ITC.NS
2020-11-26,195.10000610351562,195.85000610351562,192.5500030517578,194.8000030517578,160.48716735839844,24222956,ITC.NS
2020-11-27,194.4499969482422,195.75,193.1999969482422,193.64999389648438,159.5397491455078,31385396,ITC.NS
2020-12-01,195.0,196.35000610351562,192.39999389648438,194.39999389648438,160.15762329101562,15893346,ITC.NS
2020-12-02,195.0,198.75,193.5500030517578,195.9499969482422,161.43458557128906,28425948,ITC.NS
2020-12-03,197.1999969482422,197.1999969482422,194.5500030517578,196.1999969482422,161.64056396484375,28009042,ITC.NS
2020-12-04,196.85000610351562,199.35000610351562,196.5,198.1999969482422,163.28829956054688,22152332,ITC.NS
2020-12-07,198.1999969482422,203.75,197.60000610351562,203.14999389648438,167.3663787841797,35693450,ITC.NS
2020-12-08,203.89999389648438,204.6999969482422,199.5500030517578,202.4499969482422,166.78968811035156,30853963,ITC.NS
2020-12-09,205.0,207.8000030517578,204.64999389648438,205.39999389648438,169.22006225585938,39684395,ITC.NS
2020-12-10,206.64999389648438,213.64999389648438,203.14999389648438,212.6999969482422,175.23419189453125,65227495,ITC.NS
2020-12-11,214.4499969482422,217.9499969482422,213.35000610351562,216.3000030517578,178.2000732421875,60322445,ITC.NS
2020-12-14,217.9499969482422,218.60000610351562,215.0,215.89999389648438,177.8705291748047,26990063,ITC.NS
2020-12-15,215.25,216.39999389648438,211.60000610351562,213.5500030517578,175.9344940185547,23255609,ITC.NS
2020-12-16,213.75,215.5500030517578,213.5,214.0,176.30523681640625,19551630,ITC.NS
2020-12-17,214.1999969482422,215.10000610351562,211.25,213.0500030517578,175.52255249023438,22386185,ITC.NS
2020-12-18,213.10000610351562,215.9499969482422,209.75,214.5,176.7171630859375,23775053,ITC.NS
2020-12-21,214.5,214.6999969482422,199.14999389648438,202.9499969482422,167.20159912109375,41834797,ITC.NS
2020-12-22,203.10000610351562,206.25,196.89999389648438,203.39999389648438,167.5723419189453,40986353,ITC.NS
2020-12-23,203.0,208.25,202.0,207.75,171.1561279296875,23695667,ITC.NS
2020-12-24,210.0,210.64999389648438,205.60000610351562,208.60000610351562,171.85638427734375,22768284,ITC.NS
2020-12-28,209.0,210.1999969482422,207.85000610351562,209.5,172.59786987304688,15741000,ITC.NS
2020-12-29,210.5,213.5,210.10000610351562,211.5500030517578,174.2867889404297,26546469,ITC.NS
2020-12-30,212.6999969482422,213.5,209.5500030517578,211.14999389648438,173.9571990966797,18925262,ITC.NS
2020-12-31,210.5500030517578,211.3000030517578,208.5500030517578,209.0,172.18592834472656,18245270,ITC.NS
2021-01-01,209.89999389648438,214.1999969482422,209.3000030517578,213.85000610351562,176.181640625,19527333,ITC.NS
2021-01-04,214.0,216.0,212.10000610351562,213.39999389648438,175.81088256835938,26891799,ITC.NS
2021-01-05,212.4499969482422,213.25,210.60000610351562,211.4499969482422,174.20437622070312,18024083,ITC.NS
2021-01-06,211.4499969482422,211.5,204.5,205.39999389648438,169.22006225585938,49067837,ITC.NS
2021-01-07,206.10000610351562,207.60000610351562,202.10000610351562,202.8000030517578,167.07801818847656,34952401,ITC.NS
2021-01-08,204.35000610351562,206.0,200.25,201.5,166.0070037841797,56427360,ITC.NS
2021-01-11,204.0,206.10000610351562,201.25,202.5,166.83087158203125,42970983,ITC.NS
2021-01-12,203.0,206.89999389648438,201.60000610351562,206.4499969482422,170.08509826660156,35617404,ITC.NS
2021-01-13,207.4499969482422,213.0,205.25,211.25,174.0395965576172,63925996,ITC.NS
2021-01-14,212.0,216.5,211.60000610351562,214.14999389648438,176.42880249023438,48304263,ITC.NS
2021-01-15,214.89999389648438,218.5,211.1999969482422,217.85000610351562,179.47705078125,58321158,ITC.NS
2021-01-18,218.39999389648438,222.0,214.60000610351562,219.75,181.04238891601562,67607822,ITC.NS
2021-01-19,221.0,221.6999969482422,217.5,218.85000610351562,180.30093383789062,31785089,ITC.NS
2021-01-20,218.5,219.0,215.6999969482422,217.64999389648438,179.3123016357422,44672447,ITC.NS
2021-01-21,219.0,219.5,212.1999969482422,213.6999969482422,176.0580596923828,28999164,ITC.NS
2021-01-22,214.0,214.75,209.14999389648438,210.6999969482422,173.5864715576172,24712182,ITC.NS
2021-01-25,212.0,212.5,206.85000610351562,207.8000030517578,171.1973114013672,24967899,ITC.NS
2021-01-27,208.0,212.64999389648438,207.10000610351562,210.64999389648438,173.5452880859375,48471357,ITC.NS
2021-01-28,209.25,211.0,205.75,206.60000610351562,170.2086944580078,22131983,ITC.NS
2021-01-29,208.5500030517578,208.8000030517578,202.35000610351562,203.25,167.4487762451172,23764654,ITC.NS
2021-02-01,204.0,217.9499969482422,201.8000030517578,215.9499969482422,177.91172790527344,57744414,ITC.NS
2021-02-02,220.0,223.5,217.0,218.1999969482422,179.76541137695312,48457781,ITC.NS
2021-02-03,221.5,222.0,215.6999969482422,216.75,178.57081604003906,53643263,ITC.NS
2021-02-04,216.10000610351562,231.39999389648438,216.0,229.9499969482422,189.4457244873047,105818897,ITC.NS
2021-02-05,232.14999389648438,238.85000610351562,227.25,234.35000610351562,193.07070922851562,125490301,ITC.NS
2021-02-08,237.5,238.0500030517578,231.5,233.10000610351562,192.04087829589844,41495834,ITC.NS
2021-02-09,234.60000610351562,239.1999969482422,228.1999969482422,229.0,188.66305541992188,70655961,ITC.NS
2021-02-10,229.0,231.10000610351562,223.10000610351562,227.5500030517578,187.46849060058594,47283127,ITC.NS
2021-02-11,229.0,229.3000030517578,224.5,226.4499969482422,186.562255859375,43631374,ITC.NS
2021-02-12,225.75,225.75,215.8000030517578,217.4499969482422,179.1475372314453,110568108,ITC.NS
2021-02-15,218.4499969482422,221.0,217.5,218.60000610351562,180.09495544433594,31776555,ITC.NS
2021-02-16,219.0500030517578,221.8000030517578,217.25,218.25,179.8065948486328,29148891,ITC.NS
2021-02-17,217.60000610351562,218.39999389648438,216.5500030517578,217.75,179.39466857910156,19850516,ITC.NS
2021-02-18,218.1999969482422,220.60000610351562,217.89999389648438,218.85000610351562,180.30093383789062,24070563,ITC.NS
2021-02-19,218.85000610351562,218.89999389648438,214.0,215.9499969482422,177.91172790527344,28125203,ITC.NS
2021-02-22,212.0,212.0,206.0,207.0500030517578,174.62252807617188,51546288,ITC.NS
2021-02-23,208.0,210.5500030517578,207.0,208.5,175.845458984375,26675953,ITC.NS
2021-02-24,209.10000610351562,209.8000030517578,206.5,208.85000610351562,176.140625,13160617,ITC.NS
2021-02-25,209.5,211.1999969482422,208.8000030517578,209.14999389648438,176.39364624023438,25954142,ITC.NS
2021-02-26,207.25,208.0,203.0,203.85000610351562,171.92369079589844,43429293,ITC.NS
2021-03-01,205.4499969482422,207.75,204.0500030517578,206.89999389648438,174.49603271484375,16225536,ITC.NS
2021-03-02,207.0,210.8000030517578,206.5,209.89999389648438,177.0261688232422,25604169,ITC.NS
2021-03-03,212.0,212.0,208.8000030517578,209.9499969482422,177.068359375,20846117,ITC.NS
2021-03-04,208.8000030517578,211.3000030517578,207.60000610351562,209.6999969482422,176.8574981689453,24899212,ITC.NS
2021-03-05,208.0,210.0,207.1999969482422,208.5500030517578,175.8876190185547,17323590,ITC.NS
2021-03-08,209.6999969482422,210.8000030517578,207.6999969482422,208.0,175.4237518310547,22988740,ITC.NS
2021-03-09,208.6999969482422,209.75,204.75,207.8000030517578,175.2550811767578,22593086,ITC.NS
2021-03-10,209.10000610351562,209.1999969482422,205.8000030517578,206.5,174.15867614746094,19603214,ITC.NS
2021-03-12,208.0,208.0,203.5,205.1999969482422,173.06227111816406,30787960,ITC.NS
2021-03-15,205.85000610351562,206.0,201.60000610351562,205.4499969482422,173.2731170654297,41115805,ITC.NS
2021-03-16,206.39999389648438,208.89999389648438,204.9499969482422,207.85000610351562,175.29722595214844,48763187,ITC.NS
2021-03-17,212.1999969482422,213.89999389648438,208.5500030517578,210.60000610351562,177.61656188964844,78578698,ITC.NS
2021-03-18,213.0,219.10000610351562,211.89999389648438,217.64999389648438,183.56239318847656,91993104,ITC.NS
2021-03-19,219.0,226.14999389648438,215.5500030517578,222.9499969482422,188.03233337402344,134184994,ITC.NS
2021-03-22,223.3000030517578,226.39999389648438,221.5,226.0,190.6046600341797,46050245,ITC.NS
2021-03-23,225.0,228.10000610351562,221.3000030517578,222.1999969482422,187.39979553222656,41564683,ITC.NS
2021-03-24,221.0,222.8000030517578,215.25,215.9499969482422,182.12864685058594,27609243,ITC.NS
2021-03-25,215.14999389648438,215.9499969482422,209.0500030517578,211.60000610351562,178.45993041992188,40681282,ITC.NS
2021-03-26,214.25,214.4499969482422,210.35000610351562,210.89999389648438,177.8695526123047,26079435,ITC.NS
2021-03-30,213.25,215.0,210.39999389648438,214.5500030517578,180.94790649414062,27792033,ITC.NS
2021-03-31,214.0500030517578,219.3000030517578,212.6999969482422,218.5,184.27928161621094,36485322,ITC.NS
2021-04-01,220.0,220.60000610351562,217.3000030517578,220.0500030517578,185.58651733398438,29062762,ITC.NS
2021-04-05,217.60000610351562,220.0,210.5,212.5500030517578,179.2611541748047,31378045,ITC.NS
2021-04-06,213.8000030517578,214.9499969482422,210.14999389648438,212.64999389648438,179.34548950195312,25674227,ITC.NS
2021-04-07,212.6999969482422,215.1999969482422,212.4499969482422,213.8000030517578,180.31536865234375,15204883,ITC.NS
2021-04-08,214.85000610351562,216.10000610351562,212.85000610351562,213.25,179.8515167236328,14116874,ITC.NS
2021-04-09,213.75,215.9499969482422,212.5500030517578,213.10000610351562,179.72500610351562,16364247,ITC.NS
2021-04-12,210.0,211.0,205.0,205.3000030517578,173.1466064453125,34511670,ITC.NS
2021-04-13,207.0,209.6999969482422,206.0,208.6999969482422,176.01409912109375,20247639,ITC.NS
2021-04-15,209.0,210.4499969482422,206.0,206.6999969482422,174.32733154296875,17530742,ITC.NS
2021-04-16,208.0,209.25,206.5,207.9499969482422,175.381591796875,13311926,ITC.NS
2021-04-19,205.0,206.10000610351562,203.75,205.60000610351562,173.39964294433594,15792299,ITC.NS
2021-04-20,206.1999969482422,207.0,202.5,203.5500030517578,171.6707000732422,21364882,ITC.NS
2021-04-22,202.0,206.3000030517578,200.5500030517578,205.89999389648438,173.65264892578125,23139735,ITC.NS
2021-04-23,204.25,207.0,204.25,205.35000610351562,173.18878173828125,19625381,ITC.NS
2021-04-26,205.8000030517578,206.75,204.6999969482422,205.3000030517578,173.1466064453125,19886214,ITC.NS
2021-04-27,205.3000030517578,206.9499969482422,205.0500030517578,205.39999389648438,173.23095703125,11444814,ITC.NS
2021-04-28,206.0,206.5,205.3000030517578,205.5,173.31529235839844,12708021,ITC.NS
2021-04-29,207.10000610351562,207.5500030517578,204.0500030517578,204.3000030517578,172.30322265625,13096755,ITC.NS
2021-04-30,203.89999389648438,205.6999969482422,202.0,202.60000610351562,170.86949157714844,16495657,ITC.NS
2021-05-03,201.1999969482422,201.85000610351562,200.0,200.9499969482422,169.4779052734375,20611626,ITC.NS
2021-05-04,201.1999969482422,202.35000610351562,199.10000610351562,199.60000610351562,168.33932495117188,18259282,ITC.NS
2021-05-05,201.4499969482422,202.0,199.5,201.39999389648438,169.85740661621094,13862655,ITC.NS
2021-05-06,202.3000030517578,205.9499969482422,202.10000610351562,202.75,170.9959716796875,14320889,ITC.NS
2021-05-07,202.9499969482422,206.4499969482422,202.9499969482422,205.35000610351562,173.18878173828125,19463495,ITC.NS
2021-05-10,207.14999389648438,207.4499969482422,205.0,205.5500030517578,173.3574676513672,16295368,ITC.NS
2021-05-11,203.89999389648438,206.5,203.75,204.0,172.0502471923828,13747541,ITC.NS
2021-05-12,203.89999389648438,205.25,202.85000610351562,203.25,171.4176483154297,16537612,ITC.NS
2021-05-14,205.0,213.1999969482422,204.0,212.25,179.0081329345703,61647120,ITC.NS
2021-05-17,216.8000030517578,217.0,211.64999389648438,212.60000610351562,179.30332946777344,38001828,ITC.NS
2021-05-18,214.10000610351562,214.60000610351562,209.64999389648438,210.0500030517578,177.15267944335938,30479551,ITC.NS
2021-05-19,210.0500030517578,211.39999389648438,207.5500030517578,207.75,175.21290588378906,24405319,ITC.NS
2021-05-20,208.4499969482422,209.3000030517578,206.8000030517578,207.0,174.58035278320312,20884367,ITC.NS
2021-05-21,207.60000610351562,209.85000610351562,207.39999389648438,209.0500030517578,176.30929565429688,22638020,ITC.NS
2021-05-24,209.5,212.0500030517578,207.75,211.5,178.37557983398438,28865798,ITC.NS
2021-05-25,213.0,213.39999389648438,210.25,210.89999389648438,177.8695526123047,25334878,ITC.NS
2021-05-26,211.8000030517578,212.4499969482422,210.3000030517578,210.60000610351562,177.61656188964844,17576137,ITC.NS
2021-05-27,211.0,214.14999389648438,210.3000030517578,211.14999389648438,178.08038330078125,47554219,ITC.NS
2021-05-28,212.5,213.5,211.5500030517578,212.89999389648438,179.5563507080078,25597550,ITC.NS
2021-05-31,215.0,217.89999389648438,214.39999389648438,216.60000610351562,182.67686462402344,73039531,ITC.NS
2021-06-01,218.0,219.39999389648438,214.25,215.25,181.5382843017578,38755111,ITC.NS
2021-06-02,210.5,212.4499969482422,208.60000610351562,209.0,176.26715087890625,96654991,ITC.NS
2021-06-03,210.75,210.75,208.6999969482422,209.0500030517578,176.30929565429688,46657520,ITC.NS
2021-06-04,209.5,209.6999969482422,208.0,208.75,176.05630493164062,30126021,ITC.NS
2021-06-07,210.39999389648438,212.39999389648438,210.1999969482422,211.4499969482422,178.3334197998047,31433280,ITC.NS
2021-06-08,212.1999969482422,214.25,211.1999969482422,213.64999389648438,180.18885803222656,21261361,ITC.NS
2021-06-09,214.0,214.75,211.5,212.5,179.218994140625,24887924,ITC.NS
2021-06-10,208.6999969482422,211.39999389648438,207.5,209.3000030517578,181.429443359375,30719587,ITC.NS
2021-06-11,210.3000030517578,210.4499969482422,207.75,207.89999389648438,180.21583557128906,21424291,ITC.NS
2021-06-14,207.9499969482422,208.4499969482422,205.1999969482422,207.3000030517578,179.69577026367188,17677889,ITC.NS
2021-06-15,207.5500030517578,208.39999389648438,207.0,207.0500030517578,179.47901916503906,14854294,ITC.NS
2021-06-16,207.0500030517578,209.35000610351562,207.0500030517578,207.85000610351562,180.1724853515625,20104244,ITC.NS
2021-06-17,206.9499969482422,208.0,205.0,205.64999389648438,178.26544189453125,21476893,ITC.NS
2021-06-18,206.0,206.4499969482422,202.5,204.5500030517578,177.3119354248047,23567549,ITC.NS
2021-06-21,203.10000610351562,206.0,202.39999389648438,204.4499969482422,177.22525024414062,19074685,ITC.NS
2021-06-22,206.10000610351562,206.25,204.35000610351562,205.10000610351562,177.7886962890625,18042675,ITC.NS
2021-06-23,205.64999389648438,205.85000610351562,203.60000610351562,203.9499969482422,176.7918243408203,12575210,ITC.NS
2021-06-24,204.4499969482422,204.64999389648438,202.5500030517578,203.25,176.18502807617188,22435272,ITC.NS
2021-06-25,204.0,205.60000610351562,203.75,205.0500030517578,177.745361328125,13877208,ITC.NS
2021-06-28,205.89999389648438,205.89999389648438,203.35000610351562,203.60000610351562,176.48843383789062,14627153,ITC.NS
2021-06-29,203.60000610351562,205.3000030517578,203.14999389648438,203.3000030517578,176.2283935546875,13326068,ITC.NS
2021-06-30,204.3000030517578,204.39999389648438,202.5500030517578,202.6999969482422,175.70826721191406,15942408,ITC.NS
2021-07-01,202.89999389648438,203.8000030517578,202.14999389648438,203.0,175.96835327148438,10191296,ITC.NS
2021-07-02,203.3000030517578,203.6999969482422,202.25,202.39999389648438,175.44822692871094,12698779,ITC.NS
2021-07-05,203.0,204.10000610351562,202.6999969482422,203.64999389648438,176.5317840576172,10248249,ITC.NS
2021-07-06,203.25,203.8000030517578,202.25,202.5,175.53494262695312,11088659,ITC.NS
2021-07-07,202.5,205.1999969482422,202.3000030517578,203.75,176.61846923828125,17879443,ITC.NS
2021-07-08,203.5,204.5,201.8000030517578,202.0,175.10150146484375,20925008,ITC.NS
2021-07-09,202.0,202.35000610351562,200.89999389648438,201.35000610351562,174.53805541992188,11834045,ITC.NS
2021-07-12,202.0,202.5500030517578,200.9499969482422,201.10000610351562,174.32135009765625,13085323,ITC.NS
2021-07-13,202.0,202.1999969482422,201.35000610351562,201.85000610351562,174.97146606445312,10830411,ITC.NS
2021-07-14,201.85000610351562,205.14999389648438,201.6999969482422,204.10000610351562,176.92185974121094,20480406,ITC.NS
2021-07-15,204.39999389648438,208.5,202.89999389648438,206.25,178.7855682373047,28852257,ITC.NS
2021-07-16,207.6999969482422,209.64999389648438,207.1999969482422,207.89999389648438,180.21583557128906,29019824,ITC.NS
2021-07-19,206.8000030517578,209.5,206.35000610351562,207.75,180.08583068847656,16464973,ITC.NS
2021-07-20,208.1999969482422,209.3000030517578,206.39999389648438,206.8000030517578,179.2623291015625,23656813,ITC.NS
2021-07-22,207.0,208.25,205.85000610351562,207.0,179.43568420410156,18311537,ITC.NS
2021-07-23,207.0,213.60000610351562,206.5,212.39999389648438,184.1166229248047,44526781,ITC.NS
2021-07-26,214.0,215.35000610351562,210.8000030517578,211.14999389648438,183.03305053710938,47263771,ITC.NS
2021-07-27,212.0,213.0,207.9499969482422,208.64999389648438,180.865966796875,24436949,ITC.NS
2021-07-28,208.3000030517578,210.0,207.4499969482422,209.10000610351562,181.2560577392578,14736840,ITC.NS
2021-07-29,209.10000610351562,210.1999969482422,205.64999389648438,206.0500030517578,178.61221313476562,15603733,ITC.NS
2021-07-30,206.10000610351562,207.10000610351562,204.60000610351562,204.9499969482422,177.6586456298828,14940336,ITC.NS
2021-08-02,206.4499969482422,207.5,205.4499969482422,207.3000030517578,179.69577026367188,9674128,ITC.NS
2021-08-03,207.5,210.89999389648438,206.4499969482422,209.89999389648438,181.9495086669922,18468527,ITC.NS
2021-08-04,210.89999389648438,211.10000610351562,208.10000610351562,208.60000610351562,180.8226318359375,10998260,ITC.NS
2021-08-05,208.60000610351562,216.75,206.89999389648438,215.25,186.58712768554688,47178466,ITC.NS
2021-08-06,215.39999389648438,216.0,212.60000610351562,214.25,185.7202911376953,23581637,ITC.NS
2021-08-09,215.0,217.14999389648438,212.6999969482422,213.8000030517578,185.33018493652344,20358146,ITC.NS
2021-08-10,214.0,214.4499969482422,208.5500030517578,209.85000610351562,181.9061737060547,18155926,ITC.NS
2021-08-11,209.85000610351562,210.60000610351562,207.4499969482422,208.64999389648438,180.865966796875,15418634,ITC.NS
2021-08-12,210.25,214.1999969482422,208.35000610351562,208.89999389648438,181.0826873779297,27692208,ITC.NS
2021-08-13,209.85000610351562,212.3000030517578,209.1999969482422,211.4499969482422,183.29312133789062,18850939,ITC.NS
2021-08-16,211.39999389648438,213.25,210.5,210.89999389648438,182.8163604736328,11190075,ITC.NS
2021-08-17,210.8000030517578,211.5,208.8000030517578,209.1999969482422,181.3426971435547,7858486,ITC.NS
2021-08-18,209.60000610351562,211.5,208.35000610351562,208.9499969482422,181.1260223388672,10735658,ITC.NS
2021-08-20,207.0,210.6999969482422,206.6999969482422,208.89999389648438,181.0826873779297,19421004,ITC.NS
2021-08-23,209.5,210.1999969482422,206.0,206.3000030517578,178.8289031982422,9936365,ITC.NS
2021-08-24,207.0,207.0,204.6999969482422,205.75,178.35214233398438,12490094,ITC.NS
2021-08-25,206.39999389648438,207.89999389648438,206.0,206.39999389648438,178.91558837890625,10586894,ITC.NS
2021-08-26,206.39999389648438,206.85000610351562,204.35000610351562,204.60000610351562,177.3552703857422,14836173,ITC.NS
2021-08-27,205.0,206.85000610351562,204.89999389648438,205.89999389648438,178.482177734375,10476384,ITC.NS
2021-08-30,206.0,208.1999969482422,206.0,208.0,180.30252075195312,12084844,ITC.NS
2021-08-31,208.0500030517578,211.60000610351562,207.25,211.3000030517578,183.16310119628906,25808430,ITC.NS
2021-09-01,211.0,212.3000030517578,209.3000030517578,209.5,181.60279846191406,16241960,ITC.NS
2021-09-02,209.0,211.5,209.0,209.75,181.8195037841797,14321164,ITC.NS
2021-09-03,209.75,211.25,209.75,210.60000610351562,182.5563201904297,10228853,ITC.NS
2021-09-06,211.0,211.1999969482422,209.0500030517578,209.3000030517578,181.429443359375,10632156,ITC.NS
2021-09-07,210.89999389648438,214.35000610351562,210.14999389648438,211.75,183.5531768798828,37489544,ITC.NS
2021-09-08,212.25,213.0,209.6999969482422,211.25,183.11976623535156,17233315,ITC.NS
2021-09-09,211.0500030517578,213.89999389648438,210.5500030517578,212.64999389648438,184.3333282470703,19051252,ITC.NS
2021-09-13,213.35000610351562,215.14999389648438,211.8000030517578,214.14999389648438,185.63356018066406,16043896,ITC.NS
2021-09-14,214.89999389648438,217.25,214.1999969482422,216.10000610351562,187.32394409179688,19621849,ITC.NS
2021-09-15,217.10000610351562,217.1999969482422,215.3000030517578,216.0,187.2372283935547,20248758,ITC.NS
2021-09-16,216.9499969482422,233.64999389648438,216.3000030517578,230.75,200.0231170654297,149238901,ITC.NS
2021-09-17,233.0,237.3000030517578,229.10000610351562,231.14999389648438,200.36985778808594,79501805,ITC.NS
2021-09-20,231.0,239.35000610351562,230.25,233.75,202.62362670898438,70390969,ITC.NS
2021-09-21,234.9499969482422,242.4499969482422,231.6999969482422,241.5,209.34164428710938,56671832,ITC.NS
2021-09-22,243.5,245.8000030517578,240.6999969482422,243.5,211.07530212402344,52621868,ITC.NS
2021-09-23,245.0,245.60000610351562,241.6999969482422,242.5,210.20849609375,21791090,ITC.NS
2021-09-24,244.0,244.0,237.6999969482422,238.4499969482422,206.69778442382812,24823291,ITC.NS
2021-09-27,239.8000030517578,241.85000610351562,235.5,238.6999969482422,206.9144744873047,22890540,ITC.NS
2021-09-28,239.85000610351562,241.60000610351562,236.3000030517578,237.75,206.09100341796875,15713947,ITC.NS
2021-09-29,236.0,241.39999389648438,235.6999969482422,238.10000610351562,206.3944091796875,15450046,ITC.NS
2021-09-30,239.89999389648438,240.39999389648438,235.25,236.14999389648438,204.7040557861328,16357902,ITC.NS
2021-10-01,235.1999969482422,237.0,232.89999389648438,235.35000610351562,204.0105743408203,15956143,ITC.NS
2021-10-04,236.0,238.35000610351562,235.39999389648438,236.60000610351562,205.09413146972656,10686552,ITC.NS
2021-10-05,236.39999389648438,237.4499969482422,234.5,234.6999969482422,203.44712829589844,9223597,ITC.NS
2021-10-06,234.8000030517578,236.39999389648438,230.60000610351562,231.25,200.45652770996094,17505160,ITC.NS
2021-10-07,233.0,234.9499969482422,232.3000030517578,232.9499969482422,201.93016052246094,10371535,ITC.NS
2021-10-08,234.75,234.8000030517578,231.1999969482422,231.6999969482422,200.84661865234375,9739240,ITC.NS
2021-10-11,232.0,239.5,231.6999969482422,238.0500030517578,206.3510284423828,21184428,ITC.NS
2021-10-12,238.60000610351562,243.0,238.0,241.3000030517578,209.16827392578125,29222028,ITC.NS
2021-10-13,242.5500030517578,250.89999389648438,240.14999389648438,249.1999969482422,216.01629638671875,50159625,ITC.NS
2021-10-14,253.25,261.8500061035156,250.35000610351562,256.54998779296875,222.38754272460938,85406902,ITC.NS
2021-10-18,261.0,265.29998779296875,257.3500061035156,262.54998779296875,227.58860778808594,60292901,ITC.NS
2021-10-19,261.3999938964844,262.54998779296875,245.0500030517578,245.9499969482422,213.19906616210938,59061766,ITC.NS
2021-10-20,245.9499969482422,248.5,242.35000610351562,246.60000610351562,213.7625274658203,47822165,ITC.NS
2021-10-21,248.0,248.35000610351562,243.10000610351562,244.6999969482422,212.1155242919922,22518727,ITC.NS
2021-10-22,244.6999969482422,245.8000030517578,233.6999969482422,236.60000610351562,205.09413146972656,35537151,ITC.NS
2021-10-25,234.10000610351562,236.64999389648438,230.5,233.39999389648438,202.32025146484375,22333919,ITC.NS
2021-10-26,234.10000610351562,239.0,232.60000610351562,236.6999969482422,205.18081665039062,18934170,ITC.NS
2021-10-27,240.25,241.3000030517578,236.1999969482422,238.4499969482422,206.69778442382812,25911499,ITC.NS
2021-10-28,235.10000610351562,235.9499969482422,224.14999389648438,225.10000610351562,195.12547302246094,46282465,ITC.NS
2021-10-29,225.0,228.25,222.3000030517578,223.1999969482422,193.4784698486328,26642108,ITC.NS
2021-11-01,224.14999389648438,227.5500030517578,222.5,226.85000610351562,196.64247131347656,23197539,ITC.NS
2021-11-02,228.0,229.25,224.5,225.60000610351562,195.55889892578125,14343859,ITC.NS
2021-11-03,226.0,226.85000610351562,221.6999969482422,222.4499969482422,192.82833862304688,17843327,ITC.NS
2021-11-04,224.85000610351562,227.3000030517578,224.0,226.5500030517578,196.3823699951172,7024796,ITC.NS
2021-11-08,229.6999969482422,230.6999969482422,225.6999969482422,229.8000030517578,199.1996307373047,20270558,ITC.NS
2021-11-09,229.85000610351562,230.89999389648438,227.85000610351562,228.75,198.28944396972656,11520817,ITC.NS
2021-11-10,227.4499969482422,232.85000610351562,227.1999969482422,230.85000610351562,200.1098175048828,13431108,ITC.NS
2021-11-11,230.39999389648438,231.5,228.5500030517578,230.0,199.37298583984375,8134962,ITC.NS
2021-11-12,231.1999969482422,233.9499969482422,229.14999389648438,232.89999389648438,201.88681030273438,11855531,ITC.NS
2021-11-15,233.9499969482422,239.0,233.10000610351562,238.10000610351562,206.3944091796875,38755267,ITC.NS
2021-11-16,239.0500030517578,239.64999389648438,235.0,235.4499969482422,204.09725952148438,14675969,ITC.NS
2021-11-17,236.0,245.25,235.64999389648438,239.5,207.6079559326172,46697822,ITC.NS
2021-11-18,240.0,243.0,236.3000030517578,237.5,205.87425231933594,20226071,ITC.NS
2021-11-22,237.89999389648438,240.75,229.5500030517578,230.89999389648438,200.15313720703125,22574227,ITC.NS
2021-11-23,229.14999389648438,232.6999969482422,229.14999389648438,231.60000610351562,200.7599334716797,13433385,ITC.NS
2021-11-24,232.4499969482422,232.6999969482422,226.9499969482422,227.6999969482422,197.37925720214844,14139854,ITC.NS
2021-11-25,227.0,232.1999969482422,225.75,231.3000030517578,200.4998779296875,23904846,ITC.NS
2021-11-26,228.89999389648438,230.0500030517578,223.10000610351562,224.0,194.1719512939453,27027022,ITC.NS
2021-11-29,222.0,223.64999389648438,220.1999969482422,221.5,192.00486755371094,22132952,ITC.NS
2021-11-30,222.0,225.1999969482422,220.0,221.14999389648438,191.70144653320312,23503453,ITC.NS
2021-12-01,222.0,223.3000030517578,220.60000610351562,221.89999389648438,192.35159301757812,12995800,ITC.NS
2021-12-02,221.89999389648438,226.14999389648438,221.3000030517578,225.4499969482422,195.42886352539062,15904846,ITC.NS
2021-12-03,225.0,226.1999969482422,221.35000610351562,221.64999389648438,192.13487243652344,13794647,ITC.NS
2021-12-06,221.64999389648438,222.1999969482422,217.5,217.89999389648438,188.88424682617188,13138355,ITC.NS
2021-12-07,218.89999389648438,221.9499969482422,218.10000610351562,220.64999389648438,191.26805114746094,8903842,ITC.NS
2021-12-08,221.0,225.64999389648438,221.0,224.9499969482422,194.99542236328125,9861847,ITC.NS
2021-12-09,223.0,236.4499969482422,223.0,235.39999389648438,204.0539093017578,38241864,ITC.NS
2021-12-10,236.1999969482422,238.9499969482422,233.75,236.10000610351562,204.6607208251953,35162889,ITC.NS
2021-12-13,238.0,238.75,234.14999389648438,234.60000610351562,203.36045837402344,22054342,ITC.NS
2021-12-14,235.0,237.10000610351562,227.5500030517578,228.60000610351562,198.159423828125,37508445,ITC.NS
2021-12-15,230.0,232.1999969482422,223.39999389648438,224.0500030517578,194.2152862548828,34653042,ITC.NS
2021-12-16,226.0,226.14999389648438,220.8000030517578,222.89999389648438,193.2184295654297,24199205,ITC.NS
2021-12-17,222.8000030517578,222.85000610351562,216.75,217.9499969482422,188.92758178710938,29683982,ITC.NS
2021-12-20,216.25,216.25,209.8000030517578,212.39999389648438,184.1166229248047,37340790,ITC.NS
2021-12-21,214.0,215.4499969482422,211.0500030517578,212.5,184.20330810546875,19395604,ITC.NS
2021-12-22,214.0,214.1999969482422,211.10000610351562,212.0,183.76988220214844,17239484,ITC.NS
2021-12-23,213.89999389648438,218.4499969482422,213.1999969482422,217.3000030517578,188.3641357421875,22209720,ITC.NS
2021-12-24,218.0,220.4499969482422,216.4499969482422,218.0,188.97091674804688,16581585,ITC.NS
2021-12-27,218.39999389648438,218.4499969482422,215.64999389648438,217.5500030517578,188.58084106445312,8153106,ITC.NS
2021-12-28,218.0,220.60000610351562,218.0,220.0500030517578,190.74794006347656,11568803,ITC.NS
2021-12-29,220.0,220.3000030517578,216.3000030517578,216.75,187.88739013671875,11480954,ITC.NS
2021-12-30,216.60000610351562,217.89999389648438,215.5,216.0,187.2372283935547,9741198,ITC.NS
2021-12-31,216.89999389648438,218.8000030517578,216.14999389648438,218.0500030517578,189.0142364501953,7583815,ITC.NS
2022-01-03,218.0500030517578,219.85000610351562,217.0500030517578,219.10000610351562,189.92442321777344,7765495,ITC.NS
2022-01-04,219.5,221.6999969482422,219.0500030517578,220.25,190.9213104248047,9050253,ITC.NS
2022-01-05,219.64999389648438,221.5,218.64999389648438,220.5500030517578,191.1813507080078,11230588,ITC.NS
2022-01-06,219.0,220.39999389648438,218.1999969482422,218.6999969482422,189.5776824951172,8950589,ITC.NS
2022-01-07,219.8000030517578,220.64999389648438,217.5,218.39999389648438,189.31764221191406,8855041,ITC.NS
2022-01-10,219.89999389648438,224.6999969482422,218.89999389648438,223.3000030517578,193.56517028808594,15841299,ITC.NS
2022-01-11,223.35000610351562,224.25,221.1999969482422,221.9499969482422,192.39492797851562,8020695,ITC.NS
2022-01-12,222.5,223.64999389648438,221.60000610351562,222.75,193.08840942382812,13158894,ITC.NS
2022-01-13,223.89999389648438,225.8000030517578,222.75,223.9499969482422,194.1286163330078,11501088,ITC.NS
2022-01-14,223.9499969482422,224.8000030517578,222.3000030517578,222.60000610351562,192.9583740234375,10569725,ITC.NS
2022-01-17,222.60000610351562,225.60000610351562,221.35000610351562,224.60000610351562,194.69204711914062,12318313,ITC.NS
2022-01-18,224.60000610351562,227.3000030517578,220.3000030517578,220.75,191.35472106933594,14394097,ITC.NS
2022-01-19,220.75,222.39999389648438,218.6999969482422,220.35000610351562,191.0080108642578,11473796,ITC.NS
2022-01-20,220.5500030517578,222.14999389648438,218.0,218.75,189.6210479736328,17329896,ITC.NS
2022-01-21,218.5,220.5,216.0,217.0500030517578,188.14744567871094,16586264,ITC.NS
2022-01-24,217.0500030517578,217.75,210.89999389648438,211.8000030517578,183.5965118408203,17354942,ITC.NS
2022-01-25,212.0,214.6999969482422,209.5500030517578,214.3000030517578,185.76361083984375,18322935,ITC.NS
2022-01-27,211.25,215.5,211.10000610351562,214.60000610351562,186.023681640625,23149684,ITC.NS
2022-01-28,215.10000610351562,219.25,215.10000610351562,217.60000610351562,188.6241912841797,15276991,ITC.NS
2022-01-31,218.5,220.75,217.10000610351562,220.1999969482422,190.87796020507812,15039006,ITC.NS
2022-02-01,221.0,228.8000030517578,219.14999389648438,227.75,197.42259216308594,43207074,ITC.NS
2022-02-02,230.0,233.3000030517578,229.0,232.14999389648438,201.23667907714844,41130638,ITC.NS
2022-02-03,232.14999389648438,235.1999969482422,231.8000030517578,234.4499969482422,203.23040771484375,27845963,ITC.NS
2022-02-04,237.25,238.5,231.5500030517578,234.3000030517578,203.10040283203125,56705951,ITC.NS
2022-02-07,234.0,234.75,228.5,230.1999969482422,199.54632568359375,24171083,ITC.NS
2022-02-08,230.3000030517578,232.3000030517578,229.0500030517578,231.25,200.45652770996094,16201280,ITC.NS
2022-02-09,232.3000030517578,233.0,228.75,230.14999389648438,199.50302124023438,11893807,ITC.NS
2022-02-10,228.6999969482422,233.39999389648438,227.75,232.25,201.32337951660156,19563580,ITC.NS
2022-02-11,232.0,233.3000030517578,229.8000030517578,232.4499969482422,201.49673461914062,18096561,ITC.NS
2022-02-14,226.0,226.0,218.5,219.4499969482422,194.62351989746094,22745228,ITC.NS
2022-02-15,221.0,223.5,218.5500030517578,223.0,197.7718963623047,12875311,ITC.NS
2022-02-16,223.8000030517578,224.6999969482422,221.85000610351562,222.75,197.5501708984375,11231596,ITC.NS
2022-02-17,223.0500030517578,224.35000610351562,220.85000610351562,222.64999389648438,197.46148681640625,14024149,ITC.NS
2022-02-18,222.64999389648438,223.4499969482422,221.5,221.89999389648438,196.7963409423828,8670947,ITC.NS
2022-02-21,220.3000030517578,221.3000030517578,217.14999389648438,218.0,193.33753967285156,16129017,ITC.NS
2022-02-22,215.0,216.89999389648438,213.0,214.85000610351562,190.54391479492188,25749340,ITC.NS
2022-02-23,216.8000030517578,217.5,215.0500030517578,215.9499969482422,191.51947021484375,11014283,ITC.NS
2022-02-24,210.0,213.3000030517578,207.0,208.5,184.91229248046875,41341523,ITC.NS
2022-02-25,211.5,216.5,210.5500030517578,213.9499969482422,189.7457275390625,23633656,ITC.NS
2022-02-28,213.1999969482422,216.4499969482422,210.8000030517578,215.85000610351562,191.4307861328125,20034633,ITC.NS
2022-03-02,214.39999389648438,216.60000610351562,212.4499969482422,215.3000030517578,190.9429931640625,19295994,ITC.NS
2022-03-03,216.0500030517578,220.1999969482422,216.0,219.39999389648438,194.57916259765625,28532668,ITC.NS
2022-03-04,217.6999969482422,227.39999389648438,217.0,225.5,199.9890594482422,66835736,ITC.NS
2022-03-07,222.0,227.0,220.10000610351562,224.9499969482422,199.5012664794922,45258669,ITC.NS
2022-03-08,223.89999389648438,228.4499969482422,223.75,226.89999389648438,201.23068237304688,36036336,ITC.NS
2022-03-09,227.6999969482422,231.39999389648438,226.10000610351562,229.25,203.3148193359375,42294906,ITC.NS
2022-03-10,231.0,232.5,227.85000610351562,232.0,205.75372314453125,36132245,ITC.NS
2022-03-11,231.89999389648438,237.10000610351562,230.14999389648438,236.35000610351562,209.6116180419922,41699184,ITC.NS
2022-03-14,236.25,239.4499969482422,235.3000030517578,239.0,211.9617919921875,35113638,ITC.NS
2022-03-15,239.0,241.39999389648438,235.89999389648438,237.85000610351562,210.94190979003906,32998305,ITC.NS
2022-03-16,240.0,243.0,239.10000610351562,242.60000610351562,215.154541015625,21629521,ITC.NS
2022-03-17,245.25,245.39999389648438,242.6999969482422,244.89999389648438,217.1943359375,34223740,ITC.NS
2022-03-21,245.89999389648438,247.75,243.8000030517578,244.5,216.83958435058594,27975134,ITC.NS
2022-03-22,244.5500030517578,250.75,243.5500030517578,249.75,221.4956512451172,36945426,ITC.NS
2022-03-23,251.4499969482422,253.6999969482422,248.5,252.0,223.49111938476562,40491633,ITC.NS
2022-03-24,251.9499969482422,256.5,251.4499969482422,254.85000610351562,226.01869201660156,38239419,ITC.NS
2022-03-25,255.3000030517578,255.75,249.25,253.35000610351562,224.68838500976562,29284643,ITC.NS
2022-03-28,254.0,258.0,252.5500030517578,257.04998779296875,227.96978759765625,24916402,ITC.NS
2022-03-29,257.04998779296875,257.5,253.75,254.60000610351562,225.79696655273438,18122714,ITC.NS
2022-03-30,255.10000610351562,256.3999938964844,248.64999389648438,249.1999969482422,221.00787353515625,17603827,ITC.NS
2022-03-31,249.60000610351562,254.35000610351562,249.5,250.64999389648438,222.29383850097656,25656796,ITC.NS
2022-04-01,250.0,255.35000610351562,248.8000030517578,253.3000030517578,224.64402770996094,14305709,ITC.NS
2022-04-04,253.10000610351562,257.8999938964844,251.10000610351562,255.4499969482422,226.55081176757812,15907398,ITC.NS
2022-04-05,256.04998779296875,261.8500061035156,255.10000610351562,259.45001220703125,230.09829711914062,27183142,ITC.NS
2022-04-06,257.5,263.3500061035156,257.29998779296875,259.6000061035156,230.23133850097656,19597941,ITC.NS
2022-04-07,258.0,262.20001220703125,255.8000030517578,256.6499938964844,227.61505126953125,16061089,ITC.NS
2022-04-08,258.0,268.8500061035156,256.0,267.79998779296875,237.50363159179688,37826800,ITC.NS
2022-04-11,268.75,273.1499938964844,266.0,267.5,237.237548828125,46147653,ITC.NS
2022-04-12,266.8999938964844,268.6499938964844,263.1000061035156,264.79998779296875,234.843017578125,23553762,ITC.NS
2022-04-13,265.29998779296875,270.6000061035156,263.6499938964844,269.54998779296875,239.05564880371094,21414383,ITC.NS
2022-04-18,268.0,272.5,267.25,270.1000061035156,239.54347229003906,24399444,ITC.NS
2022-04-19,272.0,272.5,258.79998779296875,261.54998779296875,231.960693359375,23380138,ITC.NS
2022-04-20,262.8999938964844,265.45001220703125,257.54998779296875,259.54998779296875,230.1869659423828,24510612,ITC.NS
2022-04-21,259.70001220703125,264.45001220703125,259.6000061035156,260.3999938964844,230.94081115722656,23412279,ITC.NS
2022-04-22,260.0,263.0,258.54998779296875,261.1000061035156,231.56163024902344,15671273,ITC.NS
2022-04-25,258.79998779296875,259.0,252.5,255.25,226.3734588623047,24208645,ITC.NS
2022-04-26,256.6000061035156,260.70001220703125,256.25,258.95001220703125,229.65487670898438,20536714,ITC.NS
2022-04-27,256.20001220703125,258.5,255.75,257.5,228.368896484375,16580824,ITC.NS
2022-04-28,259.5,263.70001220703125,258.1499938964844,261.1000061035156,231.56163024902344,27924384,ITC.NS
2022-04-29,263.0,263.0,258.5,259.54998779296875,230.1869659423828,20419904,ITC.NS
2022-05-02,258.0,264.5,257.04998779296875,263.1499938964844,233.37969970703125,18965820,ITC.NS
2022-05-04,264.0,266.04998779296875,258.6000061035156,259.75,230.36434936523438,25951999,ITC.NS
2022-05-05,262.0,265.20001220703125,260.3999938964844,262.04998779296875,232.40411376953125,17932895,ITC.NS
2022-05-06,259.0,267.3500061035156,258.8999938964844,266.6499938964844,236.48373413085938,34490123,ITC.NS
2022-05-09,266.1499938964844,266.1499938964844,260.54998779296875,262.95001220703125,233.20233154296875,21403710,ITC.NS
2022-05-10,262.0,266.79998779296875,259.1000061035156,259.75,230.36434936523438,18033260,ITC.NS
2022-05-11,259.0,262.20001220703125,251.75,255.64999389648438,226.72817993164062,17344099,ITC.NS
2022-05-12,255.0,256.3999938964844,249.14999389648438,252.89999389648438,224.28927612304688,20044726,ITC.NS
2022-05-13,254.9499969482422,260.8500061035156,254.5,258.6000061035156,229.34445190429688,11921627,ITC.NS
2022-05-16,259.95001220703125,259.95001220703125,253.0,254.10000610351562,225.35353088378906,8186859,ITC.NS
2022-05-17,255.0,265.5,254.8000030517578,264.70001220703125,234.75436401367188,17797974,ITC.NS
2022-05-18,266.0,267.79998779296875,263.1499938964844,266.79998779296875,236.61676025390625,20200332,ITC.NS
2022-05-19,262.6000061035156,279.25,262.6000061035156,275.6499938964844,244.465576171875,78287713,ITC.NS
2022-05-20,277.0,282.3500061035156,277.0,280.0,248.323486328125,32370771,ITC.NS
2022-05-23,280.0,280.45001220703125,273.04998779296875,274.5,243.4456787109375,21700165,ITC.NS
2022-05-24,275.0,275.0,270.0,270.8500061035156,240.2086181640625,15547968,ITC.NS
2022-05-25,272.95001220703125,273.8999938964844,270.5,272.70001220703125,241.84933471679688,15288648,ITC.NS
2022-05-26,268.25,268.25,263.8500061035156,266.70001220703125,242.0762176513672,18420159,ITC.NS
2022-05-27,269.0,270.70001220703125,265.04998779296875,269.20001220703125,244.3454132080078,13468067,ITC.NS
2022-05-30,270.5,271.0,267.6000061035156,269.04998779296875,244.20925903320312,11819102,ITC.NS
2022-05-31,269.04998779296875,274.5,266.3999938964844,270.6499938964844,245.66152954101562,23208345,ITC.NS
2022-06-01,270.6499938964844,274.1000061035156,270.20001220703125,271.8500061035156,246.750732421875,14699792,ITC.NS
2022-06-02,270.70001220703125,274.45001220703125,267.8500061035156,273.5,248.24842834472656,14240994,ITC.NS
2022-06-03,275.0,275.70001220703125,271.6000061035156,272.70001220703125,247.5222930908203,12487862,ITC.NS
2022-06-06,272.3999938964844,275.79998779296875,269.70001220703125,274.79998779296875,249.42837524414062,10925182,ITC.NS
2022-06-07,273.20001220703125,275.0,272.25,273.8999938964844,248.61143493652344,10828539,ITC.NS
2022-06-08,273.95001220703125,274.3999938964844,266.20001220703125,267.8999938964844,243.16542053222656,14361969,ITC.NS
2022-06-09,267.79998779296875,271.70001220703125,265.75,270.8500061035156,245.8430633544922,9860194,ITC.NS
2022-06-10,269.04998779296875,271.0,268.75,270.1499938964844,245.2076873779297,8371061,ITC.NS
2022-06-13,266.3999938964844,269.1000061035156,263.0,264.6499938964844,240.21546936035156,11092690,ITC.NS
2022-06-14,263.20001220703125,267.45001220703125,263.04998779296875,265.45001220703125,240.9416046142578,7422193,ITC.NS
2022-06-15,266.0,267.29998779296875,263.04998779296875,263.3999938964844,239.0808868408203,5059474,ITC.NS
2022-06-16,267.0,267.8999938964844,259.5,260.70001220703125,236.6302032470703,14293357,ITC.NS
2022-06-17,259.0,264.1499938964844,258.54998779296875,263.29998779296875,238.99012756347656,16654660,ITC.NS
2022-06-20,263.29998779296875,266.1499938964844,261.3500061035156,264.1000061035156,239.71629333496094,17081136,ITC.NS
2022-06-21,265.0,270.8500061035156,264.1000061035156,269.8999938964844,244.98074340820312,13883034,ITC.NS
2022-06-22,267.0,270.29998779296875,264.8999938964844,265.29998779296875,240.80548095703125,11320918,ITC.NS
2022-06-23,265.5,267.25,262.3999938964844,265.5,240.98703002929688,9067252,ITC.NS
2022-06-24,266.1000061035156,268.3500061035156,265.20001220703125,265.8500061035156,241.30470275878906,7013132,ITC.NS
2022-06-27,267.0,270.6499938964844,266.5,269.95001220703125,245.02615356445312,8172964,ITC.NS
2022-06-28,268.8999938964844,272.25,268.54998779296875,271.8500061035156,246.750732421875,11240154,ITC.NS
2022-06-29,269.25,275.0,269.1499938964844,274.04998779296875,248.74758911132812,16018449,ITC.NS
2022-06-30,273.95001220703125,274.70001220703125,272.0,273.5,248.24842834472656,19262054,ITC.NS
2022-07-01,273.5,285.0,271.20001220703125,284.3500061035156,258.09661865234375,35165665,ITC.NS
2022-07-04,285.6499938964844,293.29998779296875,284.79998779296875,291.8999938964844,264.9496154785156,39881736,ITC.NS
2022-07-05,293.0,293.0,285.75,286.8999938964844,260.41119384765625,18568655,ITC.NS
2022-07-06,286.1000061035156,290.0,285.29998779296875,289.29998779296875,262.589599609375,18292925,ITC.NS
2022-07-07,291.0,293.1499938964844,288.5,291.95001220703125,264.99493408203125,13794991,ITC.NS
2022-07-08,292.8999938964844,294.45001220703125,290.3999938964844,293.04998779296875,265.9933776855469,11110418,ITC.NS
2022-07-11,293.0,296.95001220703125,292.04998779296875,295.0,267.7633972167969,12352667,ITC.NS
2022-07-12,293.0,295.3500061035156,290.8999938964844,292.70001220703125,265.6757507324219,14074628,ITC.NS
2022-07-13,293.0,294.79998779296875,292.70001220703125,294.04998779296875,266.90106201171875,9277570,ITC.NS
2022-07-14,294.29998779296875,296.3500061035156,289.1499938964844,290.8500061035156,263.99652099609375,13414357,ITC.NS
2022-07-15,292.0,294.0,289.5,293.54998779296875,266.4472351074219,11025420,ITC.NS
2022-07-18,295.0,296.29998779296875,293.75,295.29998779296875,268.0356140136719,11315876,ITC.NS
2022-07-19,295.0,295.6000061035156,292.70001220703125,294.6000061035156,267.4002990722656,9188419,ITC.NS
2022-07-20,294.8999938964844,299.5,293.6000061035156,298.20001220703125,270.6679382324219,15789281,ITC.NS
2022-07-21,299.0,302.20001220703125,298.0,299.54998779296875,271.8932189941406,16042840,ITC.NS
2022-07-22,300.0,302.5,298.1000061035156,300.54998779296875,272.8009338378906,9967545,ITC.NS
2022-07-25,299.0,302.95001220703125,298.79998779296875,301.1000061035156,273.3001403808594,10640727,ITC.NS
2022-07-26,301.0,303.75,300.45001220703125,302.45001220703125,274.5255126953125,9739177,ITC.NS
2022-07-27,302.8500061035156,305.0,300.6000061035156,304.1499938964844,276.0685729980469,9346146,ITC.NS
2022-07-28,304.8999938964844,305.20001220703125,302.3999938964844,303.45001220703125,275.43316650390625,10839070,ITC.NS
2022-07-29,305.0,305.8999938964844,301.3500061035156,303.04998779296875,275.070068359375,16932743,ITC.NS
2022-08-01,304.0,308.79998779296875,303.1000061035156,307.5,279.1092224121094,15889556,ITC.NS
2022-08-02,310.0,316.6499938964844,308.20001220703125,309.95001220703125,281.3330993652344,38982557,ITC.NS
2022-08-03,310.8999938964844,310.8999938964844,303.6499938964844,308.1499938964844,279.69921875,17695228,ITC.NS
2022-08-04,308.0,310.3500061035156,307.1499938964844,309.5,280.92462158203125,15901918,ITC.NS
2022-08-05,309.5,311.79998779296875,309.1000061035156,310.8500061035156,282.1499328613281,10088723,ITC.NS
2022-08-08,310.95001220703125,313.95001220703125,310.04998779296875,313.1499938964844,284.23760986328125,8307140,ITC.NS
2022-08-10,313.1499938964844,314.1000061035156,310.75,311.20001220703125,282.4676513671875,8923568,ITC.NS
2022-08-11,313.0,313.45001220703125,305.29998779296875,306.25,277.97467041015625,10885990,ITC.NS
2022-08-12,306.25,309.3999938964844,304.5,308.54998779296875,280.06231689453125,6422504,ITC.NS
2022-08-16,308.54998779296875,311.5,308.54998779296875,310.54998779296875,281.87762451171875,8609864,ITC.NS
2022-08-17,311.70001220703125,313.25,311.0,312.54998779296875,283.6929626464844,7975854,ITC.NS
2022-08-18,313.0,316.0,312.6000061035156,315.6499938964844,286.50677490234375,9883851,ITC.NS
2022-08-19,316.1499938964844,316.1499938964844,311.20001220703125,312.0,283.19378662109375,10422413,ITC.NS
2022-08-22,311.20001220703125,317.0,311.0,314.3999938964844,285.3721618652344,11355837,ITC.NS
2022-08-23,312.95001220703125,316.0,312.1000061035156,315.8999938964844,286.73370361328125,9338887,ITC.NS
2022-08-24,315.75,319.45001220703125,313.04998779296875,314.1000061035156,285.0998840332031,11346892,ITC.NS
2022-08-25,315.45001220703125,316.3999938964844,311.6000061035156,312.3500061035156,283.5115051269531,7759104,ITC.NS
2022-08-26,314.75,315.3999938964844,312.0,312.8999938964844,284.01068115234375,6956588,ITC.NS
2022-08-29,310.0,314.95001220703125,308.8500061035156,313.54998779296875,284.6006164550781,11361400,ITC.NS
2022-08-30,314.25,321.3999938964844,314.25,320.5,290.90899658203125,17829428,ITC.NS
2022-09-01,319.5,321.8999938964844,316.0,317.6000061035156,288.2767333984375,13254985,ITC.NS
2022-09-02,318.70001220703125,324.25,318.04998779296875,323.1499938964844,293.3143310546875,25758860,ITC.NS
2022-09-05,325.0,329.6000061035156,323.75,328.8500061035156,298.4880676269531,17471906,ITC.NS
2022-09-06,330.0,330.0,326.3999938964844,327.1499938964844,296.94500732421875,11970750,ITC.NS
2022-09-07,326.0,328.29998779296875,325.25,326.1000061035156,295.991943359375,8085824,ITC.NS
2022-09-08,329.0,330.6000061035156,327.5,329.8999938964844,299.44110107421875,10911130,ITC.NS
2022-09-09,330.6000061035156,333.29998779296875,330.0,330.5,299.9857177734375,9408098,ITC.NS
2022-09-12,332.0,332.3999938964844,330.0,330.8999938964844,300.3487854003906,8712689,ITC.NS
2022-09-13,331.70001220703125,335.0,330.6000061035156,334.3999938964844,303.525634765625,10520207,ITC.NS
2022-09-14,331.0,339.0,330.95001220703125,335.3500061035156,304.3879089355469,12267025,ITC.NS
2022-09-15,336.3999938964844,337.04998779296875,332.8999938964844,334.1000061035156,303.2533874511719,8418672,ITC.NS
2022-09-16,332.3500061035156,334.6000061035156,329.70001220703125,331.29998779296875,300.71185302734375,12492851,ITC.NS
2022-09-19,329.1000061035156,336.8999938964844,329.1000061035156,335.6000061035156,304.6148376464844,14365461,ITC.NS
2022-09-20,338.75,339.6000061035156,335.0,336.0,304.9779052734375,9526068,ITC.NS
2022-09-21,336.0,345.20001220703125,335.5,340.95001220703125,309.4708557128906,20992080,ITC.NS
2022-09-22,341.0,348.75,340.8999938964844,345.04998779296875,313.1922912597656,24179987,ITC.NS
2022-09-23,347.5,349.54998779296875,343.29998779296875,346.3999938964844,314.417724609375,22838807,ITC.NS
2022-09-26,344.8500061035156,345.95001220703125,331.75,332.6000061035156,301.891845703125,16205789,ITC.NS
2022-09-27,335.0,339.54998779296875,334.0,334.8500061035156,303.93408203125,9991052,ITC.NS
2022-09-28,331.95001220703125,333.29998779296875,324.29998779296875,324.95001220703125,294.9481506347656,15552911,ITC.NS
2022-09-29,329.0,334.8999938964844,327.75,333.04998779296875,302.30029296875,18281337,ITC.NS
2022-09-30,333.04998779296875,335.75,330.1499938964844,332.20001220703125,301.52880859375,12427919,ITC.NS
2022-10-03,332.8999938964844,333.0,323.25,324.3999938964844,294.44891357421875,9111289,ITC.NS
2022-10-04,328.70001220703125,334.0,328.0,332.8500061035156,302.1187744140625,8803255,ITC.NS
2022-10-06,335.0,339.29998779296875,332.54998779296875,336.6499938964844,305.56793212890625,22235092,ITC.NS
2022-10-07,336.79998779296875,336.8500061035156,331.29998779296875,334.1000061035156,303.2533874511719,10506078,ITC.NS
2022-10-10,330.0,331.45001220703125,326.04998779296875,327.8500061035156,297.58038330078125,9388996,ITC.NS
2022-10-11,329.0,330.45001220703125,325.1000061035156,326.29998779296875,296.1734924316406,10609956,ITC.NS
2022-10-12,327.95001220703125,331.45001220703125,324.75,330.1000061035156,299.6226501464844,10337544,ITC.NS
2022-10-13,329.95001220703125,331.29998779296875,328.0,328.6499938964844,298.3064880371094,7266724,ITC.NS
2022-10-14,332.29998779296875,333.8999938964844,330.8500061035156,332.1000061035156,301.43798828125,6424915,ITC.NS
2022-10-17,331.1000061035156,334.75,329.6000061035156,332.25,301.5741882324219,6929063,ITC.NS
2022-10-18,333.95001220703125,341.0,333.54998779296875,340.29998779296875,308.880859375,20887417,ITC.NS
2022-10-19,343.1000061035156,347.45001220703125,339.79998779296875,346.3500061035156,314.3723449707031,16296080,ITC.NS
2022-10-20,347.0,350.95001220703125,344.79998779296875,349.70001220703125,317.41302490234375,18474706,ITC.NS
2022-10-21,353.20001220703125,353.20001220703125,344.5,345.6000061035156,313.69158935546875,27372160,ITC.NS
2022-10-24,348.95001220703125,349.70001220703125,347.0,347.70001220703125,315.5976867675781,3170564,ITC.NS
2022-10-25,349.45001220703125,349.5,343.6499938964844,346.29998779296875,314.326904296875,17242211,ITC.NS
2022-10-27,346.6499938964844,348.3500061035156,343.8500061035156,345.79998779296875,313.87310791015625,18558597,ITC.NS
2022-10-28,347.54998779296875,348.6000061035156,345.1000061035156,345.79998779296875,313.87310791015625,13069167,ITC.NS
2022-10-31,348.0,350.5,344.75,348.70001220703125,316.5054016113281,13825970,ITC.NS
2022-11-01,349.25,350.5,347.20001220703125,349.5,317.2315368652344,19665200,ITC.NS
2022-11-02,348.5,356.25,348.5,354.6499938964844,321.906005859375,16781507,ITC.NS
2022-11-03,354.0,358.5,353.0,353.70001220703125,321.0437316894531,10736155,ITC.NS
2022-11-04,354.0,356.0,352.5,353.6000061035156,320.9530029296875,8386849,ITC.NS
2022-11-07,355.0,356.3500061035156,350.0,353.5,320.8621520996094,10050303,ITC.NS
2022-11-09,353.5,361.45001220703125,353.20001220703125,360.70001220703125,327.39739990234375,20611075,ITC.NS
2022-11-10,359.0,359.8999938964844,354.1000061035156,356.0,323.1313781738281,19327625,ITC.NS
2022-11-11,360.0,360.95001220703125,354.6499938964844,356.3500061035156,323.4490661621094,10950902,ITC.NS
2022-11-14,356.3500061035156,356.95001220703125,346.6000061035156,347.20001220703125,315.14385986328125,17639889,ITC.NS
2022-11-15,348.95001220703125,348.95001220703125,339.1499938964844,345.25,313.3738708496094,15451411,ITC.NS
2022-11-16,345.70001220703125,346.8500061035156,341.6499938964844,344.1000061035156,312.330078125,7604924,ITC.NS
2022-11-17,344.1000061035156,347.45001220703125,342.6000061035156,343.70001220703125,311.9670104980469,9994270,ITC.NS
2022-11-18,343.70001220703125,344.75,339.79998779296875,341.04998779296875,309.5616760253906,7838297,ITC.NS
2022-11-21,339.1000061035156,340.0,334.3999938964844,337.20001220703125,306.0671081542969,9198816,ITC.NS
2022-11-22,337.0,341.0,335.70001220703125,340.25,308.83551025390625,6495845,ITC.NS
2022-11-23,342.0,342.0,337.5,339.79998779296875,308.42706298828125,7768291,ITC.NS
2022-11-24,339.79998779296875,342.5,337.54998779296875,340.75,309.2893371582031,8140857,ITC.NS
2022-11-25,341.0,341.8999938964844,337.79998779296875,340.29998779296875,308.880859375,6933254,ITC.NS
2022-11-28,340.0,341.75,338.75,340.04998779296875,308.6540222167969,9902739,ITC.NS
2022-11-29,340.0,345.0,340.0,342.29998779296875,310.6962585449219,10189855,ITC.NS
2022-11-30,341.25,344.1499938964844,339.0,340.0,308.6086120605469,22556502,ITC.NS
2022-12-01,341.70001220703125,341.70001220703125,336.79998779296875,339.54998779296875,308.2001647949219,16630417,ITC.NS
2022-12-02,339.3500061035156,340.79998779296875,336.75,337.1499938964844,306.0217590332031,8388835,ITC.NS
2022-12-05,337.6499938964844,338.8500061035156,334.1499938964844,336.75,305.6586608886719,9716390,ITC.NS
2022-12-06,334.1000061035156,338.20001220703125,334.1000061035156,337.29998779296875,306.15789794921875,6327430,ITC.NS
2022-12-07,338.5,341.5,336.6499938964844,340.1000061035156,308.6993713378906,9813208,ITC.NS
2022-12-08,340.20001220703125,342.1499938964844,337.5,338.3999938964844,307.15631103515625,6200447,ITC.NS
2022-12-09,339.75,342.5,338.0,341.3999938964844,309.87933349609375,8132228,ITC.NS
2022-12-12,341.0,344.0,340.1000061035156,343.20001220703125,311.51318359375,11214662,ITC.NS
2022-12-13,344.5,346.0,342.3999938964844,345.6000061035156,313.69158935546875,10693426,ITC.NS
2022-12-14,346.0,347.3500061035156,343.75,345.3999938964844,313.5100402832031,7379878,ITC.NS
2022-12-15,344.75,346.1000061035156,338.0,338.8500061035156,307.5647888183594,8154931,ITC.NS
2022-12-16,337.5,338.8999938964844,331.29998779296875,335.1000061035156,304.16107177734375,12429280,ITC.NS
2022-12-19,336.79998779296875,342.3500061035156,335.3500061035156,340.5,309.06243896484375,7812801,ITC.NS
2022-12-20,340.04998779296875,340.95001220703125,336.75,340.1499938964844,308.7447204589844,5482218,ITC.NS
2022-12-21,341.0,341.25,334.5,335.1499938964844,304.2063903808594,7045201,ITC.NS
2022-12-22,335.6499938964844,337.3999938964844,329.8999938964844,332.45001220703125,301.75567626953125,6584445,ITC.NS
2022-12-23,330.8999938964844,331.8999938964844,325.3500061035156,326.70001220703125,296.53656005859375,10073884,ITC.NS
2022-12-26,326.5,335.1000061035156,325.5,334.6000061035156,303.7071838378906,9566210,ITC.NS
2022-12-27,335.6000061035156,336.3999938964844,330.1499938964844,333.1499938964844,302.39105224609375,6727343,ITC.NS
2022-12-28,332.8500061035156,335.0,331.5,334.3999938964844,303.525634765625,7737562,ITC.NS
2022-12-29,334.3500061035156,335.75,331.54998779296875,335.3500061035156,304.3879089355469,8105359,ITC.NS
2022-12-30,335.3999938964844,336.75,330.5,331.54998779296875,300.9388122558594,6960264,ITC.NS
2023-01-02,330.8999938964844,334.0,329.6499938964844,332.8500061035156,302.1187744140625,5951893,ITC.NS
2023-01-03,331.5,333.3500061035156,330.25,331.1000061035156,300.53033447265625,5997051,ITC.NS
2023-01-04,331.8500061035156,332.5,326.0,327.0,296.808837890625,6689769,ITC.NS
2023-01-05,328.6499938964844,333.8999938964844,328.20001220703125,333.45001220703125,302.66339111328125,8171437,ITC.NS
2023-01-06,334.70001220703125,337.54998779296875,333.1000061035156,335.04998779296875,304.1156311035156,8284135,ITC.NS
2023-01-09,336.95001220703125,341.29998779296875,336.1499938964844,338.04998779296875,306.8385925292969,10618786,ITC.NS
2023-01-10,337.8999938964844,338.3999938964844,332.54998779296875,333.3999938964844,302.6179504394531,6949605,ITC.NS
2023-01-11,335.1000061035156,335.1000061035156,331.29998779296875,331.79998779296875,301.1656494140625,4584293,ITC.NS
2023-01-12,333.3999938964844,333.6000061035156,328.1000061035156,329.8500061035156,299.395751953125,6638422,ITC.NS
2023-01-13,329.8500061035156,332.25,326.3999938964844,328.75,298.3973083496094,14412671,ITC.NS
2023-01-16,330.3500061035156,332.20001220703125,327.54998779296875,330.20001220703125,299.71337890625,8253942,ITC.NS
2023-01-17,330.20001220703125,333.5,329.1000061035156,332.25,301.5741882324219,13712537,ITC.NS
2023-01-18,334.0,336.54998779296875,332.3999938964844,334.6499938964844,303.7525329589844,12555527,ITC.NS
2023-01-19,334.0,335.6499938964844,331.6499938964844,332.1499938964844,301.48333740234375,8346130,ITC.NS
2023-01-20,332.0,335.20001220703125,329.25,334.6000061035156,303.7071838378906,13103664,ITC.NS
2023-01-23,336.0,338.1499938964844,333.04998779296875,337.75,306.5663146972656,7124807,ITC.NS
2023-01-24,337.79998779296875,340.75,337.6000061035156,338.95001220703125,307.65557861328125,12302874,ITC.NS
2023-01-25,338.8999938964844,341.0,335.25,339.25,307.9278564453125,12497542,ITC.NS
2023-01-27,341.79998779296875,348.8500061035156,341.5,346.0,314.05462646484375,21040139,ITC.NS
2023-01-30,346.8999938964844,351.75,341.8500061035156,344.79998779296875,312.9654235839844,14091519,ITC.NS
2023-01-31,346.0,355.0,341.04998779296875,352.3500061035156,319.81842041015625,17134291,ITC.NS
2023-02-01,353.0,365.70001220703125,329.1000061035156,361.3999938964844,328.03277587890625,64518967,ITC.NS
2023-02-02,361.6000061035156,384.70001220703125,360.3999938964844,378.6000061035156,343.644775390625,55745171,ITC.NS
2023-02-03,381.8999938964844,382.25,372.0,380.6499938964844,345.5054626464844,22295321,ITC.NS
2023-02-06,382.5,388.20001220703125,379.6000061035156,383.3999938964844,348.0015869140625,25790153,ITC.NS
2023-02-07,383.8999938964844,383.8999938964844,368.45001220703125,373.25,338.7886962890625,20643707,ITC.NS
2023-02-08,374.75,377.29998779296875,371.54998779296875,375.54998779296875,340.8763122558594,10420462,ITC.NS
2023-02-09,374.0,380.0,372.1499938964844,374.25,339.6963806152344,11861196,ITC.NS
2023-02-10,372.20001220703125,376.95001220703125,370.29998779296875,371.3500061035156,337.06414794921875,10278597,ITC.NS
2023-02-13,373.0,375.1499938964844,370.0,374.20001220703125,339.6510009765625,9901148,ITC.NS
2023-02-14,375.0,387.6499938964844,373.75,386.45001220703125,350.77001953125,29125052,ITC.NS
2023-02-15,381.75,382.8500061035156,378.54998779296875,382.20001220703125,352.3834533691406,12209350,ITC.NS
2023-02-16,382.0,385.25,381.0,382.54998779296875,352.7061767578125,9775280,ITC.NS
2023-02-17,381.04998779296875,384.54998779296875,379.25,383.3999938964844,353.4898376464844,7672135,ITC.NS
2023-02-20,384.70001220703125,387.5,381.29998779296875,384.04998779296875,354.0890808105469,7804976,ITC.NS
2023-02-21,385.0,385.8999938964844,381.70001220703125,382.25,352.4295654296875,8259574,ITC.NS
2023-02-22,382.0,384.8999938964844,380.0,383.8500061035156,353.9047546386719,8961077,ITC.NS
2023-02-23,384.45001220703125,394.0,383.1000061035156,387.6000061035156,357.3622131347656,18830592,ITC.NS
2023-02-24,389.0,389.0,381.0,385.1000061035156,355.0572509765625,12910220,ITC.NS
2023-02-27,385.1000061035156,386.79998779296875,378.1000061035156,382.20001220703125,352.3834533691406,8142319,ITC.NS
2023-02-28,382.5,384.25,375.0,376.70001220703125,347.31256103515625,16367477,ITC.NS
2023-03-01,374.25,380.3999938964844,373.6000061035156,378.70001220703125,349.1565246582031,7766667,ITC.NS
2023-03-02,379.5,379.75,374.70001220703125,375.54998779296875,346.25225830078125,5019603,ITC.NS
2023-03-03,377.0,385.3999938964844,376.1000061035156,384.95001220703125,354.9189453125,8180709,ITC.NS
2023-03-06,385.8999938964844,392.5,385.25,388.1499938964844,357.8692626953125,10714339,ITC.NS
2023-03-08,388.0,393.1499938964844,385.1000061035156,392.3999938964844,361.7877197265625,8917699,ITC.NS
2023-03-09,392.1000061035156,393.6000061035156,385.6499938964844,387.5,357.2699890136719,9634283,ITC.NS
2023-03-10,386.95001220703125,390.20001220703125,383.5,388.0,357.7309875488281,8362265,ITC.NS
2023-03-13,389.20001220703125,390.8999938964844,382.5,383.6499938964844,353.7203369140625,8791872,ITC.NS
2023-03-14,385.70001220703125,386.45001220703125,377.20001220703125,379.70001220703125,350.0785217285156,10229766,ITC.NS
2023-03-15,381.0,384.29998779296875,378.0,379.3999938964844,349.8018798828125,8423692,ITC.NS
2023-03-16,380.6000061035156,382.3500061035156,376.8500061035156,381.45001220703125,351.6919860839844,15710094,ITC.NS
2023-03-17,385.0,385.0,369.6499938964844,375.54998779296875,346.25225830078125,48904254,ITC.NS
2023-03-20,373.29998779296875,379.3500061035156,372.0,378.79998779296875,349.24871826171875,10122167,ITC.NS
2023-03-21,378.79998779296875,378.79998779296875,374.04998779296875,376.95001220703125,347.5430603027344,11610832,ITC.NS
2023-03-22,376.95001220703125,378.8500061035156,374.20001220703125,377.75,348.2806396484375,4774867,ITC.NS
2023-03-23,377.0,382.75,374.3999938964844,380.6499938964844,350.95440673828125,9752326,ITC.NS
2023-03-24,381.5,383.0,378.0,378.70001220703125,349.1565246582031,9934501,ITC.NS
2023-03-27,377.95001220703125,384.3999938964844,376.3500061035156,380.20001220703125,350.53948974609375,10816352,ITC.NS
2023-03-28,380.20001220703125,382.3500061035156,378.1499938964844,379.75,350.12457275390625,9170535,ITC.NS
2023-03-29,380.20001220703125,384.0,377.1499938964844,382.75,352.8905334472656,10160322,ITC.NS
2023-03-31,382.0,384.5,380.0,383.5,353.58203125,9511189,ITC.NS
2023-04-03,384.0,384.0,378.5,378.8999938964844,349.3409118652344,7059200,ITC.NS
2023-04-05,378.8999938964844,387.04998779296875,378.8999938964844,386.3999938964844,356.25579833984375,11608424,ITC.NS
2023-04-06,386.6499938964844,390.29998779296875,384.20001220703125,387.3500061035156,357.1316833496094,12897667,ITC.NS
2023-04-10,387.3500061035156,390.0,384.75,388.54998779296875,358.23809814453125,6783022,ITC.NS
2023-04-11,388.54998779296875,398.1000061035156,388.0,396.0,365.1069030761719,18237451,ITC.NS
2023-04-12,397.75,397.79998779296875,392.1000061035156,393.54998779296875,362.8479919433594,9747526,ITC.NS
2023-04-13,395.5,396.6000061035156,393.70001220703125,395.6000061035156,364.7381286621094,6059044,ITC.NS
2023-04-17,392.8999938964844,402.0,392.8999938964844,400.1499938964844,368.9331359863281,11041243,ITC.NS
2023-04-18,400.0,402.0,397.0,398.5,367.4118347167969,9494641,ITC.NS
2023-04-19,396.04998779296875,401.3500061035156,396.0,398.75,367.642333984375,9744202,ITC.NS
2023-04-20,400.0,402.6499938964844,397.70001220703125,400.29998779296875,369.0714416503906,6667781,ITC.NS
2023-04-21,400.29998779296875,409.0,399.04998779296875,408.25,376.4012145996094,14252204,ITC.NS
2023-04-24,410.0,410.0,404.20001220703125,408.70001220703125,376.8161315917969,5981760,ITC.NS
2023-04-25,408.70001220703125,413.54998779296875,407.3999938964844,411.54998779296875,379.4437561035156,8840188,ITC.NS
2023-04-26,412.0,413.0,409.04998779296875,412.25,380.08917236328125,7620723,ITC.NS
2023-04-27,412.20001220703125,417.3999938964844,411.0,416.0,383.546630859375,12614263,ITC.NS
2023-04-28,418.0,428.25,413.70001220703125,425.54998779296875,392.3515625,12718721,ITC.NS
2023-05-02,426.0,427.0,421.20001220703125,424.45001220703125,391.33746337890625,10253527,ITC.NS
2023-05-03,424.0,428.5,422.04998779296875,427.1499938964844,393.82672119140625,7325483,ITC.NS
2023-05-04,425.29998779296875,427.0,424.0,424.6000061035156,391.4757080078125,7984933,ITC.NS
2023-05-05,425.95001220703125,431.8999938964844,424.3500061035156,428.75,395.30194091796875,12412416,ITC.NS
2023-05-08,431.0,433.45001220703125,429.3500061035156,431.45001220703125,397.79132080078125,7243636,ITC.NS
2023-05-09,432.79998779296875,433.1499938964844,421.5,423.79998779296875,390.7381286621094,9992962,ITC.NS
2023-05-10,423.95001220703125,426.3500061035156,422.20001220703125,425.3500061035156,392.1672058105469,9754485,ITC.NS
2023-05-11,427.25,427.3999938964844,418.8999938964844,420.3999938964844,387.6033935546875,15982423,ITC.NS
2023-05-12,420.3999938964844,422.70001220703125,416.04998779296875,420.45001220703125,387.64947509765625,11135894,ITC.NS
2023-05-15,420.0,428.70001220703125,419.04998779296875,427.79998779296875,394.4260559082031,9151102,ITC.NS
2023-05-16,430.0,430.0,423.5,423.95001220703125,390.87640380859375,7994197,ITC.NS
2023-05-17,424.1499938964844,428.95001220703125,422.6000061035156,427.6000061035156,394.24169921875,9479691,ITC.NS
2023-05-18,430.0,432.45001220703125,418.1000061035156,419.70001220703125,386.9579772949219,23995166,ITC.NS
2023-05-19,420.95001220703125,423.1000061035156,411.3500061035156,419.8500061035156,387.0962829589844,25767521,ITC.NS
2023-05-22,421.95001220703125,425.75,419.1000061035156,424.75,391.6139831542969,15421680,ITC.NS
2023-05-23,426.0,431.20001220703125,424.20001220703125,429.1499938964844,395.6707458496094,8732608,ITC.NS
2023-05-24,428.29998779296875,434.75,427.0,433.5,399.6814270019531,11479706,ITC.NS
2023-05-25,436.95001220703125,442.45001220703125,434.79998779296875,441.1499938964844,406.7345886230469,18204464,ITC.NS
2023-05-26,443.3999938964844,444.75,439.5,443.6000061035156,408.9934387207031,12995706,ITC.NS
2023-05-29,445.0,451.79998779296875,444.1000061035156,449.1000061035156,414.064453125,19826254,ITC.NS
2023-05-30,441.0,451.45001220703125,441.0,449.8999938964844,421.1316223144531,18900002,ITC.NS
2023-05-31,449.29998779296875,452.0,442.45001220703125,445.5,417.01300048828125,14272292,ITC.NS
2023-06-01,447.0,447.0,439.0,439.70001220703125,411.5838623046875,8803137,ITC.NS
2023-06-02,440.0,444.8999938964844,439.79998779296875,443.3999938964844,415.0472717285156,9203842,ITC.NS
2023-06-05,445.0,446.8500061035156,440.1000061035156,440.6499938964844,412.4731140136719,7152179,ITC.NS
2023-06-06,440.79998779296875,443.6000061035156,440.3999938964844,442.79998779296875,414.4856262207031,6454486,ITC.NS
2023-06-07,444.0,445.6499938964844,442.75,443.95001220703125,415.5621032714844,7543432,ITC.NS
2023-06-08,445.70001220703125,445.75,441.8999938964844,442.8999938964844,414.5792541503906,7024424,ITC.NS
2023-06-09,435.1499938964844,444.70001220703125,435.1499938964844,438.45001220703125,410.413818359375,7057843,ITC.NS
2023-06-12,440.0,440.95001220703125,433.8500061035156,436.95001220703125,409.00970458984375,8719176,ITC.NS
2023-06-13,441.0,446.3999938964844,438.29998779296875,445.3999938964844,416.9194030761719,16111860,ITC.NS
2023-06-14,446.25,447.75,443.75,444.5,416.0769348144531,8704178,ITC.NS
2023-06-15,445.0,448.75,444.75,448.1000061035156,419.4467468261719,7498727,ITC.NS
2023-06-16,449.0,455.6000061035156,447.8999938964844,453.1000061035156,424.12701416015625,11729681,ITC.NS
2023-06-19,454.75,455.8999938964844,452.25,453.6000061035156,424.59503173828125,4189180,ITC.NS
2023-06-20,454.79998779296875,454.79998779296875,450.1499938964844,452.8500061035156,423.89300537109375,4472119,ITC.NS
2023-06-21,452.0,454.20001220703125,445.04998779296875,447.04998779296875,418.4638977050781,6059504,ITC.NS
2023-06-22,448.0,449.6499938964844,445.8500061035156,447.6499938964844,419.0254821777344,6637099,ITC.NS
2023-06-23,447.5,447.6499938964844,442.70001220703125,444.75,416.31097412109375,6090901,ITC.NS
2023-06-26,446.8999938964844,451.3999938964844,444.0,445.70001220703125,417.2001953125,5477339,ITC.NS
2023-06-27,446.1000061035156,447.20001220703125,443.1499938964844,445.1000061035156,416.63861083984375,4865596,ITC.NS
2023-06-28,445.0,450.6000061035156,444.5,449.3500061035156,420.61676025390625,12082753,ITC.NS
2023-06-30,450.0,451.95001220703125,446.6000061035156,451.6000061035156,422.7229309082031,9106074,ITC.NS
2023-07-03,451.6000061035156,465.95001220703125,450.04998779296875,463.25,433.62799072265625,10699143,ITC.NS
2023-07-04,465.0,468.0,459.79998779296875,466.3500061035156,436.5297546386719,7725081,ITC.NS
2023-07-05,466.3500061035156,480.6499938964844,464.29998779296875,475.1000061035156,444.7202453613281,16252992,ITC.NS
2023-07-06,477.3500061035156,477.3999938964844,470.5,473.8999938964844,443.5969543457031,9471054,ITC.NS
2023-07-07,473.0,475.5,467.6000061035156,468.3999938964844,438.4486389160156,7323451,ITC.NS
2023-07-10,470.0,470.8999938964844,463.70001220703125,465.8500061035156,436.0617370605469,6521300,ITC.NS
2023-07-11,466.0,474.54998779296875,466.0,473.1499938964844,442.8949279785156,8457557,ITC.NS
2023-07-12,477.75,477.75,470.45001220703125,472.29998779296875,442.0992736816406,12340934,ITC.NS
2023-07-13,473.8999938964844,476.75,471.0,472.0,441.8184509277344,7909757,ITC.NS
2023-07-14,473.0,475.0,471.3500061035156,472.8999938964844,442.6609191894531,5081391,ITC.NS
2023-07-17,474.5,475.79998779296875,470.6000061035156,472.3500061035156,442.1460876464844,6090738,ITC.NS
2023-07-18,472.54998779296875,474.20001220703125,471.0,472.5,442.2864990234375,5352283,ITC.NS
2023-07-19,472.75,480.45001220703125,468.1000061035156,478.8500061035156,448.23046875,13867323,ITC.NS
2023-07-20,479.8999938964844,493.70001220703125,476.29998779296875,492.1499938964844,460.67999267578125,20250206,ITC.NS
2023-07-21,491.79998779296875,497.70001220703125,487.0,490.45001220703125,459.0887145996094,13971982,ITC.NS
2023-07-24,493.45001220703125,499.70001220703125,468.1499938964844,471.3500061035156,441.2100524902344,38976815,ITC.NS
2023-07-25,467.8999938964844,468.5,455.3999938964844,462.29998779296875,432.7387390136719,43534718,ITC.NS
2023-07-26,464.8999938964844,473.0,462.04998779296875,472.25,442.0524597167969,18143422,ITC.NS
2023-07-27,474.3999938964844,475.1499938964844,461.1000061035156,465.04998779296875,435.3128662109375,13989457,ITC.NS
2023-07-28,467.70001220703125,469.45001220703125,463.3999938964844,468.45001220703125,438.4954833984375,9978231,ITC.NS
2023-07-31,469.0,469.70001220703125,463.5,465.70001220703125,435.92132568359375,8194797,ITC.NS
2023-08-01,466.0,468.8500061035156,463.79998779296875,464.79998779296875,435.078857421875,6438221,ITC.NS
2023-08-02,464.6000061035156,464.79998779296875,458.0,460.1000061035156,430.6794128417969,10318220,ITC.NS
2023-08-03,460.1000061035156,463.75,454.29998779296875,456.04998779296875,426.88836669921875,10617897,ITC.NS
2023-08-04,456.29998779296875,461.3999938964844,454.25,454.95001220703125,425.8587341308594,6834401,ITC.NS
2023-08-07,454.1000061035156,456.54998779296875,450.95001220703125,454.8999938964844,425.8118896484375,9161131,ITC.NS
2023-08-08,457.0,457.0,451.04998779296875,452.3500061035156,423.4249572753906,6392488,ITC.NS
2023-08-09,452.3500061035156,459.8999938964844,446.8999938964844,458.6499938964844,429.3221435546875,9758343,ITC.NS
2023-08-10,458.8999938964844,459.29998779296875,449.0,451.75,422.86334228515625,13194170,ITC.NS
2023-08-11,453.8999938964844,453.8999938964844,444.75,448.75,420.05517578125,11582326,ITC.NS
2023-08-14,448.75,451.25,445.04998779296875,449.20001220703125,420.4764099121094,7562808,ITC.NS
2023-08-16,451.0,457.3999938964844,448.20001220703125,450.25,421.4592590332031,14920272,ITC.NS
2023-08-17,450.0,450.0,440.0,441.0,412.80072021484375,16269569,ITC.NS
2023-08-18,441.0,443.3500061035156,438.5,441.6499938964844,413.4091491699219,19324262,ITC.NS
2023-08-21,442.0,448.5,441.3500061035156,447.79998779296875,419.1659240722656,9572041,ITC.NS
2023-08-22,449.0,455.1499938964844,447.0,454.25,425.2034912109375,9854945,ITC.NS
2023-08-23,455.6000061035156,455.6499938964844,448.6000061035156,450.45001220703125,421.6464538574219,8445029,ITC.NS
2023-08-24,450.6000061035156,453.5,449.29998779296875,450.8999938964844,422.06768798828125,6088274,ITC.NS
2023-08-25,450.8999938964844,451.0,442.04998779296875,443.3500061035156,415.00048828125,9270988,ITC.NS
2023-08-28,445.0,446.8500061035156,441.0,441.3999938964844,413.1751708984375,6910750,ITC.NS
2023-08-29,442.95001220703125,444.0,439.20001220703125,440.1000061035156,411.9582824707031,9480003,ITC.NS
2023-08-30,441.0,444.0,440.5,442.79998779296875,414.4856262207031,7364924,ITC.NS
2023-08-31,443.0,444.8999938964844,436.1000061035156,439.70001220703125,411.5838623046875,19900312,ITC.NS
2023-09-01,440.0,445.0,438.29998779296875,441.04998779296875,412.8475036621094,11438624,ITC.NS
2023-09-04,443.3500061035156,443.3500061035156,436.6499938964844,437.5,409.5245361328125,13604608,ITC.NS
2023-09-05,438.8999938964844,444.5,438.5,443.1000061035156,414.7664794921875,8378915,ITC.NS
2023-09-06,443.95001220703125,448.5,442.0,447.45001220703125,418.8382873535156,12863039,ITC.NS
2023-09-07,448.79998779296875,449.0,444.6000061035156,445.8999938964844,417.3874206542969,8090369,ITC.NS
2023-09-08,447.8999938964844,447.8999938964844,441.8500061035156,442.6499938964844,414.34521484375,9939517,ITC.NS
2023-09-11,446.0,448.1000061035156,442.6499938964844,447.20001220703125,418.6042785644531,9320577,ITC.NS
2023-09-12,448.8999938964844,454.29998779296875,445.6000061035156,451.1499938964844,422.3017272949219,14406441,ITC.NS
2023-09-13,452.20001220703125,457.0,451.1000061035156,453.5,424.5014343261719,11813170,ITC.NS
2023-09-14,455.8999938964844,455.8999938964844,447.1499938964844,449.95001220703125,421.1784362792969,14430930,ITC.NS
2023-09-15,448.04998779296875,452.1000061035156,447.0,448.3500061035156,419.6807556152344,15077136,ITC.NS
2023-09-18,448.3500061035156,454.0,446.20001220703125,452.04998779296875,423.1441345214844,8197425,ITC.NS
2023-09-20,451.70001220703125,455.1000061035156,449.54998779296875,452.95001220703125,423.9866027832031,9959649,ITC.NS
2023-09-21,452.79998779296875,453.54998779296875,444.5,447.5,418.8851013183594,10719470,ITC.NS
2023-09-22,447.5,448.3999938964844,442.25,443.1000061035156,414.7664794921875,7506309,ITC.NS
2023-09-25,443.1000061035156,444.79998779296875,438.3500061035156,442.6000061035156,414.2984313964844,5782955,ITC.NS
2023-09-26,443.6000061035156,444.5,439.70001220703125,442.45001220703125,414.15802001953125,5327833,ITC.NS
2023-09-27,442.45001220703125,449.79998779296875,438.79998779296875,449.1499938964844,420.4295959472656,10490786,ITC.NS
2023-09-28,449.95001220703125,449.95001220703125,439.6000061035156,440.75,412.56671142578125,10216736,ITC.NS
2023-09-29,442.0,445.6000061035156,439.20001220703125,444.3999938964844,415.9833068847656,8160058,ITC.NS
2023-10-03,441.0,442.8999938964844,439.25,439.75,411.63067626953125,7481883,ITC.NS
2023-10-04,439.75,441.70001220703125,433.29998779296875,436.1000061035156,408.21405029296875,13396709,ITC.NS
2023-10-05,440.0,440.5,435.04998779296875,436.04998779296875,408.167236328125,10030257,ITC.NS
2023-10-06,437.8500061035156,443.6000061035156,436.6499938964844,442.1499938964844,413.877197265625,8418580,ITC.NS
2023-10-09,440.95001220703125,443.20001220703125,437.25,440.45001220703125,412.285888671875,5611154,ITC.NS
2023-10-10,440.45001220703125,444.8500061035156,440.45001220703125,444.3999938964844,415.9833068847656,5014758,ITC.NS
2023-10-11,447.20001220703125,449.45001220703125,444.79998779296875,448.25,419.587158203125,7651513,ITC.NS
2023-10-12,449.6499938964844,452.5,446.1499938964844,450.70001220703125,421.8804626464844,11774487,ITC.NS
2023-10-13,449.8500061035156,451.79998779296875,447.0,448.3500061035156,419.6807556152344,7632483,ITC.NS
2023-10-16,448.0,451.0,446.20001220703125,448.95001220703125,420.2424011230469,4214958,ITC.NS
2023-10-17,449.79998779296875,454.5,449.0,453.45001220703125,424.4546203613281,6936218,ITC.NS
2023-10-18,454.25,458.20001220703125,451.0,451.6499938964844,422.76971435546875,6894947,ITC.NS
2023-10-19,449.75,454.8999938964844,446.8500061035156,450.3999938964844,421.5996398925781,9465463,ITC.NS
2023-10-20,445.0,449.0,437.3500061035156,438.29998779296875,410.2733459472656,13020371,ITC.NS
2023-10-23,438.0,439.95001220703125,433.1000061035156,435.8999938964844,408.0268249511719,7275471,ITC.NS
2023-10-25,436.8999938964844,438.0,427.04998779296875,432.70001220703125,405.0314636230469,10889221,ITC.NS
2023-10-26,429.54998779296875,436.6000061035156,429.54998779296875,434.3500061035156,406.57598876953125,18801214,ITC.NS
2023-10-27,434.3500061035156,436.79998779296875,432.20001220703125,433.75,406.01434326171875,13132487,ITC.NS
2023-10-30,434.54998779296875,437.1499938964844,428.3500061035156,430.45001220703125,402.9253845214844,7618033,ITC.NS
2023-10-31,430.0,433.3500061035156,427.8999938964844,428.3999938964844,401.00640869140625,8620154,ITC.NS
2023-11-01,430.0,431.1000061035156,425.5,428.1000061035156,400.7256164550781,7990245,ITC.NS
2023-11-02,430.04998779296875,432.70001220703125,428.6499938964844,431.1499938964844,403.58056640625,8152031,ITC.NS
2023-11-03,432.79998779296875,434.3999938964844,431.1000061035156,433.25,405.5462646484375,13802600,ITC.NS
2023-11-06,433.5,436.79998779296875,432.54998779296875,435.3500061035156,407.51202392578125,7308229,ITC.NS
2023-11-07,434.8999938964844,434.8999938964844,432.1499938964844,432.70001220703125,405.0314636230469,5124012,ITC.NS
2023-11-08,433.1499938964844,437.5,432.29998779296875,436.95001220703125,409.00970458984375,6979849,ITC.NS
2023-11-09,437.79998779296875,438.0,433.8999938964844,434.3999938964844,406.62274169921875,7785767,ITC.NS
2023-11-10,434.3999938964844,438.0,432.5,436.54998779296875,408.6352844238281,4079205,ITC.NS
2023-11-13,438.3999938964844,438.3999938964844,435.0,436.0,408.1204528808594,3744754,ITC.NS
2023-11-15,438.1000061035156,442.5,437.5,441.95001220703125,413.6899719238281,7436428,ITC.NS
2023-11-16,441.95001220703125,444.5,437.6000061035156,438.6499938964844,410.60101318359375,10857863,ITC.NS
2023-11-17,439.25,441.5,438.29998779296875,439.25,411.1626281738281,6655278,ITC.NS
2023-11-20,439.8500061035156,440.29998779296875,434.5,436.79998779296875,408.8692932128906,4335388,ITC.NS
2023-11-21,437.1499938964844,439.29998779296875,435.5,436.25,408.3544921875,5997810,ITC.NS
2023-11-22,437.0,440.3999938964844,434.79998779296875,439.70001220703125,411.5838623046875,4886687,ITC.NS
2023-11-23,440.95001220703125,442.25,438.25,440.3500061035156,412.19232177734375,6366606,ITC.NS
2023-11-24,441.0,442.25,436.8500061035156,437.79998779296875,409.80535888671875,6821878,ITC.NS
2023-11-28,438.0,439.0,434.8999938964844,435.25,407.41839599609375,8745691,ITC.NS
2023-11-29,436.0,438.5,434.1499938964844,437.20001220703125,409.2437438964844,13785216,ITC.NS
2023-11-30,436.70001220703125,438.45001220703125,434.5,435.79998779296875,407.9332275390625,15127505,ITC.NS
2023-12-01,437.8999938964844,450.95001220703125,437.3999938964844,449.79998779296875,421.03802490234375,19336856,ITC.NS
2023-12-04,455.0,456.3999938964844,451.0,454.04998779296875,425.0162353515625,12800220,ITC.NS
2023-12-05,455.0,457.79998779296875,450.1000061035156,451.75,422.86334228515625,12136292,ITC.NS
2023-12-06,453.8999938964844,464.5,452.1000061035156,463.25,433.62799072265625,20417559,ITC.NS
2023-12-07,464.75,464.79998779296875,457.3999938964844,458.1000061035156,428.80731201171875,11310918,ITC.NS
2023-12-08,459.95001220703125,461.6000061035156,448.5,449.1499938964844,420.4295959472656,18667895,ITC.NS
2023-12-11,451.5,453.6000061035156,449.29998779296875,452.45001220703125,423.5185852050781,6599973,ITC.NS
2023-12-12,454.20001220703125,460.0,452.3500061035156,453.1000061035156,424.12701416015625,10158101,ITC.NS
2023-12-13,456.29998779296875,458.8500061035156,453.1000061035156,455.6499938964844,426.5139465332031,11283868,ITC.NS
2023-12-14,460.0,461.0,449.45001220703125,460.1000061035156,430.6794128417969,14370803,ITC.NS
2023-12-15,461.8999938964844,462.95001220703125,455.0,458.20001220703125,428.9009094238281,15789845,ITC.NS
2023-12-18,455.0,456.0,450.3500061035156,451.6499938964844,422.76971435546875,12027620,ITC.NS
2023-12-19,453.3500061035156,458.0,452.04998779296875,456.1000061035156,426.9351806640625,10268755,ITC.NS
2023-12-20,459.0,459.25,449.29998779296875,451.0,422.1612854003906,10367665,ITC.NS
2023-12-21,449.0,453.75,444.45001220703125,451.45001220703125,422.58251953125,11154625,ITC.NS
2023-12-22,453.0,455.8999938964844,450.54998779296875,455.20001220703125,426.0927429199219,11026317,ITC.NS
2023-12-26,456.04998779296875,458.8999938964844,454.70001220703125,456.45001220703125,427.2628173828125,5871301,ITC.NS
2023-12-27,457.0,458.5,453.75,457.1000061035156,427.8712158203125,7543383,ITC.NS
2023-12-28,457.20001220703125,464.70001220703125,456.1000061035156,464.1000061035156,434.42364501953125,20696101,ITC.NS
2023-12-29,464.1000061035156,467.8999938964844,461.3500061035156,462.1000061035156,432.551513671875,12888266,ITC.NS
2024-01-01,463.5,469.95001220703125,462.6499938964844,468.04998779296875,438.1210632324219,9346277,ITC.NS
2024-01-02,470.0,471.3500061035156,463.6000061035156,470.3500061035156,440.27398681640625,10519771,ITC.NS
2024-01-03,470.25,480.70001220703125,469.3500061035156,477.25,446.7327575683594,24036012,ITC.NS
2024-01-04,480.0,481.45001220703125,474.20001220703125,476.3999938964844,445.9371032714844,11786959,ITC.NS
2024-01-05,479.3999938964844,479.3999938964844,472.0,473.95001220703125,443.643798828125,9209405,ITC.NS
2024-01-08,475.0,475.5,464.54998779296875,465.5,435.7341003417969,8003177,ITC.NS
2024-01-09,467.5,469.95001220703125,463.6499938964844,464.54998779296875,434.8448486328125,5696780,ITC.NS
2024-01-10,464.54998779296875,466.75,460.04998779296875,463.29998779296875,433.6747741699219,5896123,ITC.NS
2024-01-11,464.1000061035156,466.54998779296875,461.1000061035156,462.6499938964844,433.06634521484375,6534775,ITC.NS
2024-01-12,463.25,467.70001220703125,460.3500061035156,466.70001220703125,436.8573913574219,9354326,ITC.NS
2024-01-15,470.0,470.5,466.1000061035156,467.6000061035156,437.6998291015625,6902156,ITC.NS
2024-01-16,467.79998779296875,475.0,464.25,472.29998779296875,442.0992736816406,12066347,ITC.NS
2024-01-17,471.3999938964844,477.0,465.20001220703125,466.6000061035156,436.7637939453125,11108698,ITC.NS
2024-01-18,465.25,467.8500061035156,454.54998779296875,465.5,435.7341003417969,9143784,ITC.NS
2024-01-19,468.54998779296875,473.0,466.3999938964844,471.5,441.3504333496094,12203322,ITC.NS
2024-01-23,473.75,473.75,456.3999938964844,459.29998779296875,429.9305419921875,8404513,ITC.NS
2024-01-24,460.1000061035156,467.3999938964844,458.1000061035156,463.6000061035156,433.95562744140625,21626183,ITC.NS
2024-01-25,463.54998779296875,464.95001220703125,452.1000061035156,455.6499938964844,426.5139465332031,19677700,ITC.NS
2024-01-29,455.8999938964844,457.25,447.5,449.79998779296875,421.03802490234375,17869152,ITC.NS
2024-01-30,447.0,453.70001220703125,437.3999938964844,438.04998779296875,410.0393371582031,43514448,ITC.NS
2024-01-31,440.0,442.5,438.70001220703125,441.54998779296875,413.3155212402344,19882944,ITC.NS
2024-02-01,442.0,447.75,439.29998779296875,442.8999938964844,414.5792541503906,19165409,ITC.NS
2024-02-02,445.0,447.20001220703125,439.5,440.1000061035156,411.9582824707031,17156021,ITC.NS
2024-02-05,442.0,443.6499938964844,436.54998779296875,438.04998779296875,410.0393371582031,12041897,ITC.NS
2024-02-06,440.0,440.8999938964844,429.5,431.3999938964844,403.8145751953125,18764371,ITC.NS
2024-02-07,435.0,435.0,430.79998779296875,431.79998779296875,404.1889953613281,12880824,ITC.NS
2024-02-08,429.0,429.1000061035156,408.6000061035156,414.54998779296875,393.74114990234375,48183882,ITC.NS
2024-02-09,410.1000061035156,424.20001220703125,408.6000061035156,415.5,394.6434631347656,32283965,ITC.NS
2024-02-12,417.54998779296875,418.0,406.04998779296875,406.8500061035156,386.4277038574219,10906914,ITC.NS
2024-02-13,406.8999938964844,410.79998779296875,403.29998779296875,406.75,386.33270263671875,15606705,ITC.NS
2024-02-14,406.0,412.25,404.3999938964844,411.54998779296875,390.8917541503906,12150077,ITC.NS
2024-02-15,413.0,414.54998779296875,403.1499938964844,403.8999938964844,383.6257629394531,20383983,ITC.NS
2024-02-16,405.0,409.54998779296875,399.3999938964844,404.6000061035156,384.2906494140625,37518847,ITC.NS
2024-02-19,405.0,412.75,404.6000061035156,409.25,388.70721435546875,16949793,ITC.NS
2024-02-20,410.45001220703125,410.45001220703125,404.29998779296875,406.1000061035156,385.7153625488281,14084218,ITC.NS
2024-02-21,407.0,410.1000061035156,401.29998779296875,403.3500061035156,383.1033935546875,19414653,ITC.NS
2024-02-22,406.8999938964844,415.1499938964844,403.45001220703125,414.45001220703125,393.6462097167969,18604659,ITC.NS
2024-02-23,415.8999938964844,415.8999938964844,410.5,411.3999938964844,390.7492980957031,11147636,ITC.NS
2024-02-26,411.1000061035156,413.04998779296875,407.29998779296875,409.20001220703125,388.65972900390625,7982145,ITC.NS
2024-02-27,410.0,412.75,408.54998779296875,411.1499938964844,390.5118103027344,7783743,ITC.NS
2024-02-28,411.1499938964844,412.3500061035156,406.79998779296875,408.29998779296875,387.8049011230469,8617768,ITC.NS
2024-02-29,409.0,411.04998779296875,404.5,406.29998779296875,385.9052734375,14895144,ITC.NS
2024-03-01,408.8999938964844,413.1499938964844,407.5,409.5,388.9446716308594,12395632,ITC.NS
2024-03-04,412.25,412.95001220703125,408.45001220703125,409.1000061035156,388.5647277832031,6840352,ITC.NS
2024-03-05,409.6499938964844,411.3999938964844,403.95001220703125,406.1499938964844,385.7628173828125,9733507,ITC.NS
2024-03-06,406.5,409.95001220703125,400.70001220703125,407.8500061035156,387.3774719238281,11106855,ITC.NS
2024-03-07,407.8500061035156,414.95001220703125,403.6499938964844,413.54998779296875,392.7913513183594,23020545,ITC.NS
2024-03-11,416.79998779296875,418.29998779296875,408.0,409.3999938964844,388.84967041015625,17620081,ITC.NS
2024-03-12,406.5,406.5,399.3500061035156,404.45001220703125,384.1481628417969,34882639,ITC.NS
2024-03-13,435.0,438.0,421.1499938964844,422.45001220703125,401.2446594238281,101612428,ITC.NS
2024-03-14,421.95001220703125,425.5,418.0,419.6499938964844,398.5851745605469,30764728,ITC.NS
2024-03-15,417.20001220703125,428.54998779296875,415.25,419.1000061035156,398.0627746582031,73253754,ITC.NS
2024-03-18,419.0,420.70001220703125,416.8999938964844,417.45001220703125,396.49560546875,15933704,ITC.NS
2024-03-19,418.0,419.54998779296875,408.70001220703125,409.54998779296875,388.99212646484375,20994563,ITC.NS
2024-03-20,410.0,416.6499938964844,409.54998779296875,415.70001220703125,394.8334655761719,19609321,ITC.NS
2024-03-21,419.0,422.0,416.20001220703125,421.25,400.1048583984375,19227982,ITC.NS
2024-03-22,421.25,429.6499938964844,421.25,428.6000061035156,407.0859069824219,38861818,ITC.NS
2024-03-26,425.54998779296875,429.20001220703125,425.54998779296875,427.6499938964844,406.18359375,10274145,ITC.NS
2024-03-27,427.0,428.8999938964844,426.45001220703125,428.0,406.5160217285156,12227545,ITC.NS
2024-03-28,428.0,433.25,427.0,428.3500061035156,406.84844970703125,27933211,ITC.NS
2024-04-01,429.1000061035156,431.3500061035156,425.75,426.70001220703125,405.28131103515625,9382308,ITC.NS
2024-04-02,428.70001220703125,428.70001220703125,424.6000061035156,425.8500061035156,404.47393798828125,8853678,ITC.NS
2024-04-03,426.0,428.79998779296875,421.0,425.20001220703125,403.8565979003906,12664520,ITC.NS
2024-04-04,425.54998779296875,427.3500061035156,419.8999938964844,422.75,401.529541015625,18358410,ITC.NS
2024-04-05,422.5,431.70001220703125,419.95001220703125,427.54998779296875,406.088623046875,16147032,ITC.NS
2024-04-08,428.29998779296875,431.3999938964844,427.75,429.1000061035156,407.5608215332031,8516632,ITC.NS
2024-04-09,430.45001220703125,431.5,425.54998779296875,426.3500061035156,404.9488525390625,6708894,ITC.NS
2024-04-10,428.29998779296875,437.79998779296875,425.75,436.95001220703125,415.01678466796875,14008124,ITC.NS
2024-04-12,435.0,435.75,428.29998779296875,430.1000061035156,408.5106201171875,18088372,ITC.NS
2024-04-15,428.0,429.1499938964844,422.8999938964844,425.8999938964844,404.52142333984375,8746243,ITC.NS
2024-04-16,423.25,427.0,423.20001220703125,425.8999938964844,404.52142333984375,9973638,ITC.NS
2024-04-18,426.0,426.8999938964844,417.6499938964844,418.8500061035156,397.8253479003906,21312388,ITC.NS
2024-04-19,418.0,426.25,416.0,424.75,403.42913818359375,16582634,ITC.NS
2024-04-22,427.0,427.6000061035156,423.3500061035156,425.29998779296875,403.9515380859375,7112139,ITC.NS
2024-04-23,425.29998779296875,430.5,425.1000061035156,429.20001220703125,407.65582275390625,12021404,ITC.NS
2024-04-24,429.25,430.79998779296875,428.29998779296875,428.8999938964844,407.3708190917969,5845170,ITC.NS
2024-04-25,431.0,438.29998779296875,429.0,437.54998779296875,415.5866394042969,29211997,ITC.NS
2024-04-26,439.25,443.29998779296875,436.3999938964844,440.0,417.9136657714844,14773975,ITC.NS
2024-04-29,442.0,442.45001220703125,434.6000061035156,438.20001220703125,416.2040710449219,11627882,ITC.NS
2024-04-30,439.95001220703125,440.5,435.1000061035156,435.6499938964844,413.7820129394531,12064043,ITC.NS
2024-05-02,436.0,442.6000061035156,434.8500061035156,439.0,416.9638977050781,23228909,ITC.NS
2024-05-03,440.04998779296875,440.04998779296875,431.3500061035156,436.45001220703125,414.5419006347656,22904276,ITC.NS
2024-05-06,438.0,440.45001220703125,433.3500061035156,434.75,412.9272155761719,10355056,ITC.NS
2024-05-07,436.8999938964844,446.0,435.20001220703125,440.3500061035156,418.2461242675781,25968921,ITC.NS
2024-05-08,441.25,444.70001220703125,438.20001220703125,441.0,418.86346435546875,10511646,ITC.NS
2024-05-09,440.04998779296875,441.5,423.3500061035156,425.1000061035156,403.7615966796875,23412609,ITC.NS
2024-05-10,426.5,436.3500061035156,426.5,433.3500061035156,411.59747314453125,13985963,ITC.NS
2024-05-13,433.25,435.45001220703125,429.5,431.8500061035156,410.17279052734375,7302959,ITC.NS
2024-05-14,430.5,433.29998779296875,428.54998779296875,429.70001220703125,408.1307067871094,11000103,ITC.NS
2024-05-15,430.75,433.25,426.75,427.79998779296875,406.3260498046875,7565080,ITC.NS
2024-05-16,430.0,432.6000061035156,422.8999938964844,431.45001220703125,409.7928771972656,23025186,ITC.NS
2024-05-17,432.3999938964844,437.5,428.8999938964844,436.29998779296875,414.39935302734375,11453714,ITC.NS
2024-05-21,436.0,437.1000061035156,433.20001220703125,434.79998779296875,412.97467041015625,10760726,ITC.NS
2024-05-22,437.3500061035156,441.95001220703125,435.3999938964844,439.8999938964844,417.81866455078125,10627595,ITC.NS
2024-05-23,441.3999938964844,444.8999938964844,436.54998779296875,441.3500061035156,419.1959228515625,26234369,ITC.NS
2024-05-24,441.0,442.45001220703125,435.29998779296875,436.20001220703125,414.304443359375,12761457,ITC.NS
2024-05-27,438.79998779296875,438.8999938964844,430.70001220703125,431.5,409.84033203125,11827050,ITC.NS
2024-05-28,432.1000061035156,432.5,428.25,429.0,407.4658203125,9310198,ITC.NS
2024-05-29,425.5,432.3999938964844,425.5,430.95001220703125,409.3179626464844,10430363,ITC.NS
2024-05-30,428.5,430.95001220703125,422.3500061035156,423.8500061035156,402.5743408203125,20524428,ITC.NS
2024-05-31,426.75,429.54998779296875,424.25,426.45001220703125,405.0438537597656,28214102,ITC.NS
2024-06-03,434.0,434.8999938964844,428.6499938964844,430.3500061035156,408.7480773925781,15519148,ITC.NS
2024-06-04,426.0,426.29998779296875,402.8500061035156,415.20001220703125,401.35321044921875,46019632,ITC.NS
2024-06-05,422.0,436.0,418.04998779296875,430.29998779296875,415.9495849609375,27151351,ITC.NS
2024-06-06,436.0,437.70001220703125,431.1000061035156,435.3999938964844,420.8795471191406,31119999,ITC.NS
2024-06-07,431.3999938964844,441.6499938964844,431.1000061035156,439.1499938964844,424.50445556640625,28448041,ITC.NS
2024-06-10,440.0,441.0,435.8500061035156,436.8999938964844,422.3294982910156,11432393,ITC.NS
2024-06-11,437.0,437.79998779296875,432.25,433.0,418.5595703125,12670589,ITC.NS
2024-06-12,430.54998779296875,434.3999938964844,430.20001220703125,432.29998779296875,417.8829040527344,10352936,ITC.NS
2024-06-13,436.8999938964844,436.8999938964844,429.75,430.29998779296875,415.9495849609375,9283802,ITC.NS
2024-06-14,431.0,431.8999938964844,429.04998779296875,431.1499938964844,416.7712707519531,9217804,ITC.NS
2024-06-18,433.0,434.20001220703125,428.20001220703125,428.75,414.4513244628906,14098178,ITC.NS
2024-06-19,430.0,430.75,423.04998779296875,423.6499938964844,409.5213928222656,10909803,ITC.NS
2024-06-20,424.04998779296875,426.5,421.5,423.29998779296875,409.18304443359375,14585806,ITC.NS
2024-06-21,425.0,425.29998779296875,418.54998779296875,419.6000061035156,405.6064758300781,25205627,ITC.NS
2024-06-24,420.0,423.95001220703125,420.0,423.29998779296875,409.18304443359375,9362433,ITC.NS
2024-06-25,423.0,424.0,419.75,423.29998779296875,409.18304443359375,10260449,ITC.NS
2024-06-26,423.0,426.3999938964844,422.04998779296875,423.95001220703125,409.8114013671875,11084805,ITC.NS
2024-06-27,423.95001220703125,427.25,421.1000061035156,425.6000061035156,411.4063720703125,37012589,ITC.NS
2024-06-28,425.5,428.0,423.5,424.8999938964844,410.7297058105469,17866326,ITC.NS
2024-07-01,426.29998779296875,430.25,424.6499938964844,429.04998779296875,414.7413024902344,12894747,ITC.NS
2024-07-02,430.0,430.6499938964844,422.54998779296875,425.5,411.3097229003906,10763335,ITC.NS
2024-07-03,426.1000061035156,429.6499938964844,425.5,428.29998779296875,414.01629638671875,7159756,ITC.NS
2024-07-04,430.0,431.5,427.04998779296875,429.04998779296875,414.7413024902344,9127340,ITC.NS
2024-07-05,429.0,434.0,427.6000061035156,433.6499938964844,419.1878967285156,12929586,ITC.NS
2024-07-08,435.1499938964844,444.54998779296875,433.6499938964844,443.6000061035156,428.8060607910156,20521107,ITC.NS
2024-07-09,447.6000061035156,455.0,444.0,452.6000061035156,437.50592041015625,26470260,ITC.NS
2024-07-10,453.70001220703125,455.3500061035156,446.5,451.45001220703125,436.394287109375,11618210,ITC.NS
2024-07-11,450.0,459.5,448.70001220703125,458.6499938964844,443.3541564941406,18831345,ITC.NS
2024-07-12,458.6499938964844,463.25,455.8500061035156,459.04998779296875,443.74078369140625,18962800,ITC.NS
2024-07-15,459.04998779296875,466.45001220703125,457.20001220703125,463.3999938964844,447.9457092285156,16251032,ITC.NS
2024-07-16,463.45001220703125,466.75,461.3999938964844,465.54998779296875,450.0240478515625,12996711,ITC.NS
2024-07-18,463.0,470.8999938964844,462.6499938964844,470.25,454.5672912597656,21094737,ITC.NS
2024-07-19,471.0,479.3999938964844,469.3999938964844,474.54998779296875,458.723876953125,24977373,ITC.NS
2024-07-22,474.6000061035156,479.45001220703125,465.8500061035156,466.54998779296875,450.99066162109375,18066586,ITC.NS
2024-07-23,466.54998779296875,497.3999938964844,466.3999938964844,492.20001220703125,475.7852783203125,54044423,ITC.NS
2024-07-24,496.0,510.6499938964844,490.6499938964844,494.04998779296875,477.5735778808594,42073323,ITC.NS
2024-07-25,490.0,496.0,484.6499938964844,489.95001220703125,473.6103210449219,17878994,ITC.NS
2024-07-26,494.04998779296875,506.3999938964844,487.3999938964844,502.20001220703125,485.4517822265625,20736094,ITC.NS
2024-07-29,505.5,506.20001220703125,494.04998779296875,496.04998779296875,479.5068664550781,12496895,ITC.NS
2024-07-30,496.29998779296875,497.79998779296875,488.6499938964844,489.8999938964844,473.5619812011719,13375906,ITC.NS
2024-07-31,492.45001220703125,497.95001220703125,490.5,495.3500061035156,478.8302307128906,11538215,ITC.NS
2024-08-01,495.95001220703125,496.75,490.95001220703125,493.70001220703125,477.2352600097656,11665529,ITC.NS
2024-08-02,484.79998779296875,499.45001220703125,484.79998779296875,489.1000061035156,472.78863525390625,21320064,ITC.NS
2024-08-05,480.04998779296875,491.8999938964844,479.54998779296875,486.0,469.79205322265625,24094139,ITC.NS
2024-08-06,486.25,491.70001220703125,484.04998779296875,486.29998779296875,470.08203125,13722855,ITC.NS
2024-08-07,490.0,495.6000061035156,488.1000061035156,492.6499938964844,476.22027587890625,10900585,ITC.NS
2024-08-08,494.0,498.0,492.5,494.75,478.2502136230469,20558134,ITC.NS
2024-08-09,498.0,498.0,493.1000061035156,495.8999938964844,479.36187744140625,9201793,ITC.NS
2024-08-12,492.0,500.0,492.0,494.6000061035156,478.1052551269531,9076097,ITC.NS
2024-08-13,495.95001220703125,497.8500061035156,488.25,490.0,473.65863037109375,7757706,ITC.NS
2024-08-14,491.95001220703125,499.0,489.8999938964844,492.20001220703125,475.7852783203125,9253598,ITC.NS
2024-08-16,494.5,504.20001220703125,492.6499938964844,502.6499938964844,485.8867492675781,13137392,ITC.NS
2024-08-19,504.75,509.29998779296875,499.6000061035156,501.45001220703125,484.726806640625,10198725,ITC.NS
2024-08-20,501.0,503.3999938964844,497.70001220703125,498.79998779296875,482.1651306152344,6633171,ITC.NS
2024-08-21,500.0,509.0,499.04998779296875,505.3999938964844,488.5450439453125,8474830,ITC.NS
2024-08-22,507.8500061035156,508.5,501.45001220703125,504.54998779296875,487.723388671875,8364290,ITC.NS
2024-08-23,505.04998779296875,506.95001220703125,499.95001220703125,505.79998779296875,488.93170166015625,7891446,ITC.NS
2024-08-26,506.0,508.0,502.0,505.70001220703125,488.8350524902344,7825037,ITC.NS
2024-08-27,507.54998779296875,507.6000061035156,500.0,500.6000061035156,483.9051513671875,7954114,ITC.NS
2024-08-28,500.3999938964844,502.29998779296875,496.5,497.29998779296875,480.7151794433594,7782216,ITC.NS
2024-08-29,498.0,507.70001220703125,497.3500061035156,505.1000061035156,488.25506591796875,18670632,ITC.NS
2024-08-30,501.95001220703125,509.1499938964844,500.20001220703125,501.8999938964844,485.1617736816406,14947670,ITC.NS
2024-09-02,504.0,512.9000244140625,503.29998779296875,510.04998779296875,493.03997802734375,15885469,ITC.NS
2024-09-03,510.04998779296875,515.9500122070312,507.8999938964844,509.3999938964844,492.4116516113281,12018677,ITC.NS
2024-09-04,500.0,510.04998779296875,499.95001220703125,506.3500061035156,489.46337890625,8414967,ITC.NS
2024-09-05,508.3500061035156,511.8999938964844,507.04998779296875,511.20001220703125,494.151611328125,10898888,ITC.NS
2024-09-06,512.0,512.0,497.1499938964844,501.70001220703125,484.9684753417969,13716752,ITC.NS
2024-09-09,502.0,512.6500244140625,500.3500061035156,511.75,494.6832580566406,13736044,ITC.NS
2024-09-10,511.8999938964844,515.0,508.75,513.5999755859375,496.4715576171875,10911995,ITC.NS
2024-09-11,513.0,519.5,511.95001220703125,514.3499755859375,497.196533203125,14922832,ITC.NS
2024-09-12,515.0999755859375,520.5,508.54998779296875,519.5,502.1748046875,18377550,ITC.NS
2024-09-13,519.5,520.0,512.0,513.8499755859375,496.7132263183594,8825193,ITC.NS
2024-09-16,515.9000244140625,517.0,509.70001220703125,511.1000061035156,494.0549621582031,7531604,ITC.NS
2024-09-17,511.04998779296875,513.5499877929688,506.25,507.75,490.8166809082031,10486015,ITC.NS
2024-09-18,507.8500061035156,512.4000244140625,505.1000061035156,507.3500061035156,490.4300231933594,5429619,ITC.NS
2024-09-19,510.0,514.7999877929688,507.5,508.25,491.29998779296875,13925311,ITC.NS
2024-09-20,512.0,517.3499755859375,508.0,514.4000244140625,497.24493408203125,23808194,ITC.NS
2024-09-23,515.4500122070312,519.4500122070312,513.5999755859375,516.9500122070312,499.70989990234375,7804918,ITC.NS
2024-09-24,517.0,517.7999877929688,514.1500244140625,515.25,498.0665588378906,6755320,ITC.NS
2024-09-25,515.5,519.2999877929688,512.2999877929688,517.5499877929688,500.2898254394531,8476223,ITC.NS
2024-09-26,517.6500244140625,523.75,517.0,522.75,505.31646728515625,15489991,ITC.NS
2024-09-27,520.25,528.5,520.25,522.7000122070312,505.2680969238281,17251962,ITC.NS
2024-09-30,520.5999755859375,524.3499755859375,514.0499877929688,518.1500244140625,500.8698425292969,10531347,ITC.NS
2024-10-01,518.1500244140625,519.75,514.0,516.2000122070312,498.98486328125,5089315,ITC.NS
2024-10-03,508.54998779296875,515.7000122070312,508.1000061035156,512.75,495.6499328613281,15870147,ITC.NS
2024-10-04,510.0,517.3499755859375,501.54998779296875,503.54998779296875,486.7567443847656,18228912,ITC.NS
2024-10-07,507.0,514.9500122070312,506.75,510.20001220703125,493.18499755859375,16479772,ITC.NS
2024-10-08,510.0,512.5499877929688,506.0,507.95001220703125,491.010009765625,9502367,ITC.NS
2024-10-09,509.79998779296875,509.79998779296875,490.54998779296875,491.70001220703125,475.30194091796875,23952459,ITC.NS
2024-10-10,495.3500061035156,495.6499938964844,489.45001220703125,492.04998779296875,475.6402587890625,12799333,ITC.NS
2024-10-11,493.0,493.95001220703125,487.3999938964844,488.20001220703125,471.918701171875,14394986,ITC.NS
2024-10-14,491.0,499.0,488.6499938964844,496.95001220703125,480.3768615722656,6712103,ITC.NS
2024-10-15,498.0,499.3999938964844,494.5,498.54998779296875,481.9234924316406,8037662,ITC.NS
2024-10-16,496.0,498.8500061035156,492.3500061035156,493.20001220703125,476.751953125,6682083,ITC.NS
2024-10-17,495.0,495.0,488.0,488.8999938964844,472.5953063964844,7385299,ITC.NS
2024-10-18,488.75,491.54998779296875,478.3999938964844,486.70001220703125,470.46868896484375,21778099,ITC.NS
2024-10-21,486.70001220703125,487.6000061035156,477.3500061035156,483.6499938964844,467.5203857421875,7395274,ITC.NS
2024-10-22,483.6499938964844,488.3999938964844,480.79998779296875,481.79998779296875,465.7320861816406,12299288,ITC.NS
2024-10-23,481.0,483.29998779296875,479.5,480.3500061035156,464.3304748535156,10162570,ITC.NS
2024-10-24,482.0,482.3999938964844,470.0,471.70001220703125,455.96893310546875,13092399,ITC.NS
2024-10-25,475.79998779296875,493.5,474.20001220703125,482.29998779296875,466.2154235839844,30961625,ITC.NS
2024-10-28,481.95001220703125,485.8999938964844,476.0,484.1499938964844,468.00372314453125,8614446,ITC.NS
2024-10-29,485.0,489.20001220703125,481.29998779296875,487.95001220703125,471.6770324707031,6866704,ITC.NS
2024-10-30,487.95001220703125,493.25,486.5,491.54998779296875,475.1569519042969,6393835,ITC.NS
2024-10-31,492.0,493.0,484.70001220703125,488.79998779296875,472.4986572265625,7810874,ITC.NS
2024-11-01,491.0,492.1000061035156,489.29998779296875,490.29998779296875,473.9486083984375,1461602,ITC.NS
2024-11-04,493.45001220703125,493.45001220703125,479.54998779296875,484.6000061035156,468.4387512207031,8429731,ITC.NS
2024-11-05,482.95001220703125,485.04998779296875,476.95001220703125,480.20001220703125,464.18548583984375,7327830,ITC.NS
2024-11-06,480.20001220703125,484.3999938964844,478.0,481.1000061035156,465.0554504394531,11313985,ITC.NS
2024-11-07,481.75,482.70001220703125,476.1000061035156,477.8999938964844,461.962158203125,8924280,ITC.NS
2024-11-08,477.8999938964844,480.70001220703125,474.6000061035156,478.04998779296875,462.1071472167969,6090462,ITC.NS
2024-11-11,478.04998779296875,481.5,474.1000061035156,476.95001220703125,461.0438537597656,5488948,ITC.NS
2024-11-12,477.6000061035156,477.95001220703125,471.1499938964844,472.8500061035156,457.0805969238281,5041916,ITC.NS
2024-11-13,470.04998779296875,474.70001220703125,468.25,472.20001220703125,456.4523010253906,11120381,ITC.NS
2024-11-14,471.20001220703125,472.95001220703125,462.25,465.95001220703125,450.41070556640625,11639562,ITC.NS
2024-11-18,466.0,467.79998779296875,462.0,466.54998779296875,450.99066162109375,8135260,ITC.NS
2024-11-19,468.0,473.75,466.25,467.3500061035156,451.7640075683594,6857374,ITC.NS
2024-11-21,461.0,464.04998779296875,455.3999938964844,457.1499938964844,441.9041748046875,19559847,ITC.NS
2024-11-22,456.20001220703125,476.5,455.5,474.6499938964844,458.820556640625,19464568,ITC.NS
2024-11-25,479.0,482.20001220703125,472.3999938964844,476.79998779296875,460.8988342285156,13891991,ITC.NS
2024-11-26,480.0,482.6499938964844,474.1000061035156,477.0,461.0921630859375,6539846,ITC.NS
2024-11-27,477.5,480.1000061035156,473.0,476.95001220703125,461.0438537597656,7067013,ITC.NS
2024-11-28,477.0,483.79998779296875,470.54998779296875,474.8999938964844,459.0622253417969,14412539,ITC.NS
2024-11-29,473.20001220703125,478.8999938964844,472.6000061035156,476.75,460.85052490234375,8346687,ITC.NS
2024-12-02,476.0,479.29998779296875,473.3999938964844,477.20001220703125,461.2855224609375,5478598,ITC.NS
2024-12-03,466.0,473.3999938964844,462.75,472.54998779296875,456.7905578613281,22218251,ITC.NS
2024-12-04,474.3999938964844,478.20001220703125,466.3999938964844,467.1000061035156,451.5223388671875,13439484,ITC.NS
2024-12-05,467.54998779296875,472.75,462.5,467.5,451.9090270996094,26415053,ITC.NS
2024-12-06,470.0,474.95001220703125,467.70001220703125,471.1499938964844,455.437255859375,7551407,ITC.NS
2024-12-09,471.5,472.0,462.95001220703125,464.95001220703125,449.4440612792969,11703384,ITC.NS
2024-12-10,465.3500061035156,466.45001220703125,462.6000061035156,465.45001220703125,449.9273986816406,8823805,ITC.NS
2024-12-11,467.20001220703125,468.20001220703125,464.70001220703125,465.25,449.7340393066406,6745816,ITC.NS
2024-12-12,465.5,467.8999938964844,459.1499938964844,460.6000061035156,445.2391357421875,12884401,ITC.NS
2024-12-13,460.0,474.3999938964844,451.6499938964844,470.0,454.3256530761719,31753858,ITC.NS
2024-12-16,470.25,474.3999938964844,468.0,470.1000061035156,454.42230224609375,9007264,ITC.NS
2024-12-17,470.0,475.79998779296875,463.04998779296875,469.54998779296875,453.890625,19844152,ITC.NS
2024-12-18,472.70001220703125,473.79998779296875,466.8999938964844,470.5,454.8089599609375,12365167,ITC.NS
2024-12-19,469.0,474.3500061035156,465.29998779296875,466.54998779296875,450.99066162109375,14599270,ITC.NS
2024-12-20,466.5,467.45001220703125,459.29998779296875,464.6499938964844,449.154052734375,19481288,ITC.NS
2024-12-23,471.20001220703125,477.70001220703125,467.6000061035156,474.25,458.43389892578125,18837469,ITC.NS
2024-12-24,474.8999938964844,480.25,472.6499938964844,478.45001220703125,462.49383544921875,11564497,ITC.NS
2024-12-26,480.54998779296875,481.8500061035156,476.0,476.95001220703125,461.0438537597656,8848065,ITC.NS
2024-12-27,479.75,481.8999938964844,476.0,478.6000061035156,462.6388244628906,16279450,ITC.NS
2024-12-30,480.75,481.45001220703125,476.0,477.0,461.0921630859375,13074810,ITC.NS
2024-12-31,478.45001220703125,484.6499938964844,474.54998779296875,483.6499938964844,467.5203857421875,13276195,ITC.NS
2025-01-01,486.0,486.8500061035156,482.1499938964844,483.95001220703125,467.8104248046875,18229128,ITC.NS
2025-01-02,485.3500061035156,490.0,482.29998779296875,489.04998779296875,472.7403259277344,26124980,ITC.NS
2025-01-03,490.25,491.0,479.8500061035156,481.6000061035156,465.5387878417969,37072992,ITC.NS
2025-01-06,455.6000061035156,461.75,441.25,442.6499938964844,427.8877258300781,22009958,ITC.NS
2025-01-07,445.5,447.6000061035156,440.1499938964844,441.1000061035156,426.3894348144531,14294780,ITC.NS
2025-01-08,443.0,452.04998779296875,437.1000061035156,449.54998779296875,434.5576477050781,13482926,ITC.NS
2025-01-09,449.3999938964844,460.6499938964844,446.04998779296875,450.1000061035156,435.0893249511719,19732649,ITC.NS
2025-01-10,449.95001220703125,452.0,442.5,444.8999938964844,430.06268310546875,9145729,ITC.NS
2025-01-13,435.0,444.0,435.0,439.04998779296875,424.4078063964844,17799607,ITC.NS
2025-01-14,441.0,441.5,435.8500061035156,436.6000061035156,422.0395202636719,18048459,ITC.NS
2025-01-15,436.6000061035156,441.79998779296875,435.3500061035156,437.3500061035156,422.7645263671875,9786805,ITC.NS
2025-01-16,438.04998779296875,439.45001220703125,431.1000061035156,432.8500061035156,418.4145812988281,15774070,ITC.NS
2025-01-17,433.0,441.79998779296875,432.5,440.20001220703125,425.51947021484375,11270061,ITC.NS
2025-01-20,439.0,441.20001220703125,436.0,437.70001220703125,423.1028137207031,8742771,ITC.NS
2025-01-21,438.0,447.0,435.25,437.54998779296875,422.95782470703125,15686500,ITC.NS
2025-01-22,439.8999938964844,441.95001220703125,436.54998779296875,437.0,422.4261779785156,9619648,ITC.NS
2025-01-23,435.0,441.8500061035156,434.1000061035156,440.20001220703125,425.51947021484375,8888248,ITC.NS
2025-01-24,439.3999938964844,445.0,439.04998779296875,441.6000061035156,426.8727722167969,9665384,ITC.NS
2025-01-27,440.79998779296875,445.0,436.54998779296875,440.1000061035156,425.42279052734375,10480203,ITC.NS
2025-01-28,440.0,441.79998779296875,434.5,435.45001220703125,420.9278869628906,20813072,ITC.NS
2025-01-29,435.95001220703125,437.5,430.1000061035156,433.3500061035156,418.89788818359375,15158510,ITC.NS
2025-01-30,433.0,438.0,431.45001220703125,436.20001220703125,421.6528625488281,22496695,ITC.NS
2025-01-31,436.5,448.20001220703125,435.1000061035156,447.5,432.57598876953125,13546181,ITC.NS
2025-02-01,448.0,471.5,439.54998779296875,462.54998779296875,447.1240539550781,30393007,ITC.NS
2025-02-03,462.0,465.20001220703125,452.29998779296875,454.3500061035156,439.19757080078125,16991730,ITC.NS
2025-02-04,458.0,460.3500061035156,448.75,455.1499938964844,439.9708557128906,18923681,ITC.NS
2025-02-05,455.1499938964844,455.8500061035156,446.5,448.1499938964844,433.204345703125,12836283,ITC.NS
2025-02-06,450.0,450.0,438.20001220703125,441.1000061035156,426.3894348144531,17469129,ITC.NS
2025-02-07,440.0,445.5,428.3999938964844,430.8500061035156,416.48126220703125,18875982,ITC.NS
2025-02-10,427.0,433.29998779296875,426.5,427.20001220703125,412.9530029296875,12227140,ITC.NS
2025-02-11,428.79998779296875,430.54998779296875,417.5,418.29998779296875,404.3498229980469,14288751,ITC.NS
2025-02-12,413.1499938964844,413.79998779296875,407.6000061035156,409.8999938964844,402.48419189453125,13884574,ITC.NS
2025-02-13,409.95001220703125,413.95001220703125,409.0,409.70001220703125,402.287841796875,12989029,ITC.NS
2025-02-14,411.75,416.20001220703125,408.3999938964844,410.25,402.8278503417969,14124236,ITC.NS
2025-02-17,409.79998779296875,411.3999938964844,406.75,408.6000061035156,401.2077331542969,11975265,ITC.NS
2025-02-18,408.0,410.8500061035156,404.0,405.25,397.9183349609375,12998403,ITC.NS
2025-02-19,404.79998779296875,408.79998779296875,404.5,406.3999938964844,399.0475158691406,7079032,ITC.NS
2025-02-20,399.95001220703125,403.8999938964844,396.20001220703125,402.04998779296875,394.7762145996094,15355585,ITC.NS
2025-02-21,402.04998779296875,403.25,399.20001220703125,400.8999938964844,393.6470031738281,8240986,ITC.NS
2025-02-24,400.0,403.3999938964844,398.75,401.8999938964844,394.6289367675781,7037625,ITC.NS
2025-02-25,402.0,407.0,400.5,404.8500061035156,397.52557373046875,15760891,ITC.NS
2025-02-27,404.8500061035156,406.5,399.5,401.6000061035156,394.3343505859375,19051003,ITC.NS
2025-02-28,399.0,402.5,392.20001220703125,395.0,387.853759765625,31954776,ITC.NS
2025-03-03,395.95001220703125,399.0,391.20001220703125,397.45001220703125,390.25946044921875,10702826,ITC.NS
2025-03-04,395.3999938964844,397.20001220703125,392.8500061035156,394.8500061035156,387.70648193359375,13404774,ITC.NS
2025-03-05,394.5,412.75,394.5,405.04998779296875,397.721923828125,15665018,ITC.NS
2025-03-06,409.1499938964844,409.70001220703125,400.54998779296875,405.70001220703125,398.3601989746094,17869996,ITC.NS
2025-03-07,403.54998779296875,405.8500061035156,401.70001220703125,403.8999938964844,396.5927429199219,11180761,ITC.NS
2025-03-10,401.04998779296875,406.8500061035156,400.3999938964844,405.0,397.6728515625,9785018,ITC.NS
2025-03-11,401.5,408.3999938964844,401.20001220703125,406.20001220703125,398.85113525390625,11099475,ITC.NS
2025-03-12,406.3999938964844,413.29998779296875,404.0,412.3999938964844,404.93896484375,13844306,ITC.NS
2025-03-13,413.0,414.3999938964844,408.20001220703125,412.04998779296875,404.59527587890625,8196569,ITC.NS
2025-03-17,413.0,416.25,407.0,407.95001220703125,400.5694885253906,5257805,ITC.NS
2025-03-18,407.95001220703125,407.95001220703125,407.95001220703125,407.95001220703125,400.5694885253906,0,ITC.NS
2025-03-19,410.0,410.75,402.6000061035156,403.04998779296875,395.75811767578125,12830387,ITC.NS
2025-03-20,405.0,406.6499938964844,401.8999938964844,403.95001220703125,396.641845703125,16994037,ITC.NS
2025-03-21,405.95001220703125,407.5,401.70001220703125,405.54998779296875,398.212890625,25302035,ITC.NS
2025-03-24,407.0,412.8500061035156,405.6000061035156,410.8999938964844,403.4660949707031,14362572,ITC.NS
2025-03-25,412.0,415.25,408.70001220703125,409.79998779296875,402.385986328125,20338110,ITC.NS
2025-03-26,410.29998779296875,411.20001220703125,406.25,407.3500061035156,399.9803466796875,13891436,ITC.NS
2025-03-27,408.0,410.70001220703125,405.6499938964844,409.45001220703125,402.0423583984375,18642328,ITC.NS
2025-03-28,410.8999938964844,415.6000061035156,408.1499938964844,409.75,402.3369140625,12981873,ITC.NS
2025-04-01,409.79998779296875,414.3999938964844,405.6000061035156,406.6499938964844,399.2929992675781,15206240,ITC.NS
2025-04-02,407.04998779296875,410.0,406.04998779296875,409.04998779296875,401.6495666503906,8001323,ITC.NS
2025-04-03,407.04998779296875,410.20001220703125,406.70001220703125,409.3999938964844,401.99322509765625,7059566,ITC.NS
2025-04-04,407.5,412.79998779296875,404.5,409.70001220703125,402.287841796875,18627592,ITC.NS
2025-04-07,390.1499938964844,408.1000061035156,390.1499938964844,406.04998779296875,398.7038269042969,26762866,ITC.NS
2025-04-08,411.8999938964844,415.79998779296875,407.25,412.54998779296875,405.08624267578125,18600796,ITC.NS
2025-04-09,413.0,419.04998779296875,411.25,416.29998779296875,408.7684020996094,21785572,ITC.NS
2025-04-11,420.0,422.45001220703125,417.0,421.54998779296875,413.92340087890625,8939356,ITC.NS
2025-04-15,429.20001220703125,429.20001220703125,419.0,420.3999938964844,412.7942199707031,11685880,ITC.NS
2025-04-16,418.0,426.04998779296875,418.0,424.45001220703125,416.7709655761719,13034594,ITC.NS
2025-04-17,425.0,427.8500061035156,421.54998779296875,427.25,419.5202941894531,22410217,ITC.NS
2025-04-21,428.04998779296875,429.1000061035156,421.5,422.8500061035156,415.1999206542969,27388236,ITC.NS
2025-04-22,425.95001220703125,434.79998779296875,423.54998779296875,433.6000061035156,425.75543212890625,32031936,ITC.NS
2025-04-23,436.20001220703125,437.45001220703125,428.8500061035156,430.8500061035156,423.05517578125,19566317,ITC.NS
2025-04-24,431.8500061035156,436.04998779296875,429.29998779296875,430.04998779296875,422.2696228027344,26064089,ITC.NS
2025-04-25,430.04998779296875,432.70001220703125,423.29998779296875,427.79998779296875,420.0603332519531,22944377,ITC.NS
2025-04-28,426.6499938964844,430.5,424.75,428.79998779296875,421.042236328125,6287095,ITC.NS
2025-04-29,428.8999938964844,429.6000061035156,425.0,426.0,418.29290771484375,11189930,ITC.NS
2025-04-30,427.3999938964844,429.29998779296875,422.0,425.79998779296875,418.0965270996094,10026546,ITC.NS
2025-05-02,424.1000061035156,431.5,424.1000061035156,429.5,421.7295837402344,9263372,ITC.NS
2025-05-05,430.25,438.5,429.3500061035156,436.95001220703125,429.0448303222656,11525305,ITC.NS
2025-05-06,437.5,439.6499938964844,433.0,435.54998779296875,427.6701354980469,15026568,ITC.NS
2025-05-07,433.3999938964844,435.0,429.70001220703125,431.1499938964844,423.3497314453125,9710361,ITC.NS
2025-05-08,429.0,431.5,423.54998779296875,430.6000061035156,422.8096923828125,19937960,ITC.NS
2025-05-09,425.95001220703125,429.1499938964844,423.0,423.54998779296875,415.8872375488281,8226512,ITC.NS
2025-05-12,429.5,436.20001220703125,428.1499938964844,435.5,427.6210632324219,8031891,ITC.NS
2025-05-13,434.8999938964844,437.95001220703125,425.3500061035156,427.8999938964844,420.1585388183594,14976369,ITC.NS
2025-05-14,427.1000061035156,431.8500061035156,425.8999938964844,429.1000061035156,421.33685302734375,9557309,ITC.NS
2025-05-15,429.1000061035156,435.3999938964844,426.0,432.6499938964844,424.8226013183594,24263510,ITC.NS
2025-05-16,434.8999938964844,436.20001220703125,432.1000061035156,435.70001220703125,427.81744384765625,16402035,ITC.NS
2025-05-19,435.0,438.5,432.6499938964844,435.3500061035156,427.4737548828125,7543854,ITC.NS
2025-05-20,437.0,440.79998779296875,432.8999938964844,434.8999938964844,427.0318908691406,9868414,ITC.NS
2025-05-21,436.6000061035156,438.20001220703125,432.0,433.0,425.1662902832031,5776672,ITC.NS
2025-05-22,433.0,433.0,422.8999938964844,426.1000061035156,418.39111328125,19451749,ITC.NS
2025-05-23,434.0,439.0,429.0,436.29998779296875,428.40655517578125,18536884,ITC.NS
2025-05-26,438.25,443.54998779296875,436.75,442.8999938964844,434.8871765136719,13107662,ITC.NS
2025-05-27,442.8999938964844,444.20001220703125,430.8500061035156,433.8999938964844,426.04998779296875,26986022,ITC.NS
2025-05-28,417.70001220703125,422.6000061035156,413.0,420.20001220703125,420.20001220703125,431851622,ITC.NS
2025-05-29,422.0,422.79998779296875,416.6000061035156,418.75,418.75,21478547,ITC.NS
2025-05-30,419.1000061035156,420.04998779296875,416.3999938964844,418.04998779296875,418.04998779296875,30656239,ITC.NS
2025-06-02,418.29998779296875,420.45001220703125,414.54998779296875,419.29998779296875,419.29998779296875,14973380,ITC.NS
2025-06-03,419.0,421.70001220703125,415.6499938964844,416.95001220703125,416.95001220703125,13216486,ITC.NS
2025-06-04,417.1499938964844,419.0,415.95001220703125,417.0,417.0,12598933,ITC.NS
2025-06-05,418.5,420.95001220703125,415.75,419.1000061035156,419.1000061035156,13212523,ITC.NS
2025-06-06,420.29998779296875,421.29998779296875,419.0,421.04998779296875,421.04998779296875,8774988,ITC.NS
2025-06-09,422.0,423.6000061035156,420.5,423.04998779296875,423.04998779296875,10473123,ITC.NS
2025-06-10,424.5,428.54998779296875,423.04998779296875,427.0,427.0,13041075,ITC.NS
2025-06-11,428.0,428.1000061035156,424.8500061035156,426.1499938964844,426.1499938964844,20789182,ITC.NS
2025-06-12,427.0,427.20001220703125,419.54998779296875,421.0,421.0,18508835,ITC.NS
2025-06-13,415.0,419.3500061035156,413.5,413.8999938964844,413.8999938964844,17873926,ITC.NS
2025-06-16,414.95001220703125,418.8999938964844,413.25,418.20001220703125,418.20001220703125,7006629,ITC.NS
2025-06-17,418.1000061035156,419.04998779296875,415.70001220703125,417.3999938964844,417.3999938964844,9028406,ITC.NS
2025-06-18,417.0,418.45001220703125,414.8999938964844,415.8999938964844,415.8999938964844,8036215,ITC.NS
2025-06-19,415.6499938964844,418.25,414.79998779296875,416.0,416.0,12601006,ITC.NS
2025-06-20,416.0,419.5,416.0,418.54998779296875,418.54998779296875,13203184,ITC.NS
2025-06-23,417.0,417.5,411.75,413.8999938964844,413.8999938964844,14839890,ITC.NS
2025-06-24,416.8999938964844,420.6499938964844,413.75,414.3500061035156,414.3500061035156,16690068,ITC.NS
2025-06-25,416.3999938964844,418.1499938964844,415.1000061035156,416.3500061035156,416.3500061035156,9946718,ITC.NS
2025-06-26,417.20001220703125,420.8999938964844,416.25,420.29998779296875,420.29998779296875,13703918,ITC.NS
2025-06-27,421.0,422.0,417.79998779296875,418.6499938964844,418.6499938964844,21409935,ITC.NS
2025-06-30,419.79998779296875,420.75,415.79998779296875,416.45001220703125,416.45001220703125,12317124,ITC.NS
2025-07-01,417.0,418.8500061035156,414.8999938964844,415.1000061035156,415.1000061035156,13670465,ITC.NS
2025-07-02,416.8999938964844,416.8999938964844,411.70001220703125,412.95001220703125,412.95001220703125,15990899,ITC.NS
2025-07-03,414.0,416.0,411.25,413.3500061035156,413.3500061035156,14185298,ITC.NS
2025-07-04,414.8999938964844,415.0,411.75,412.54998779296875,412.54998779296875,8256733,ITC.NS
2025-07-07,413.0,417.20001220703125,412.0,416.1499938964844,416.1499938964844,6845218,ITC.NS
2025-07-08,416.1499938964844,418.1000061035156,414.6499938964844,417.20001220703125,417.20001220703125,6807192,ITC.NS
2025-07-09,416.20001220703125,420.29998779296875,415.45001220703125,419.45001220703125,419.45001220703125,9930533,ITC.NS
2025-07-10,420.29998779296875,420.29998779296875,416.3999938964844,416.8500061035156,416.8500061035156,6220360,ITC.NS
2025-07-11,417.0,418.04998779296875,415.5,416.79998779296875,416.79998779296875,8578844,ITC.NS
2025-07-14,417.04998779296875,419.95001220703125,416.54998779296875,419.3999938964844,419.3999938964844,6896989,ITC.NS
2025-07-15,420.8999938964844,422.3999938964844,419.0,422.1000061035156,422.1000061035156,8532755,ITC.NS
2025-07-16,422.1000061035156,425.45001220703125,420.29998779296875,424.6000061035156,424.6000061035156,9780773,ITC.NS
2025-07-17,425.79998779296875,425.8999938964844,423.0,423.95001220703125,423.95001220703125,7240795,ITC.NS
2025-07-18,425.20001220703125,425.20001220703125,420.1000061035156,422.75,422.75,6730256,ITC.NS
2025-07-21,422.0,422.75,418.3999938964844,420.1000061035156,420.1000061035156,4822343,ITC.NS
2025-07-22,420.1000061035156,420.3999938964844,415.20001220703125,416.0,416.0,9869507,ITC.NS
2025-07-23,417.1000061035156,417.8999938964844,414.0,414.95001220703125,414.95001220703125,12196187,ITC.NS
2025-07-24,415.8500061035156,415.8500061035156,409.45001220703125,409.95001220703125,409.95001220703125,9005157,ITC.NS
2025-07-25,410.0,410.25,407.75,409.3999938964844,409.3999938964844,5824089,ITC.NS
2025-07-28,410.79998779296875,410.8500061035156,408.6000061035156,409.8999938964844,409.8999938964844,8123337,ITC.NS
2025-07-29,410.0,411.3999938964844,408.0,408.45001220703125,408.45001220703125,6811772,ITC.NS
2025-07-30,409.0,409.29998779296875,405.75,407.6000061035156,407.6000061035156,10915863,ITC.NS
2025-07-31,405.95001220703125,414.0,405.54998779296875,411.95001220703125,411.95001220703125,19364174,ITC.NS
2025-08-01,412.3999938964844,419.3500061035156,411.79998779296875,416.45001220703125,416.45001220703125,14324065,ITC.NS
2025-08-04,420.20001220703125,422.5,415.1000061035156,416.8500061035156,416.8500061035156,18352458,ITC.NS
2025-08-05,417.20001220703125,417.95001220703125,413.0,414.1499938964844,414.1499938964844,8495104,ITC.NS
2025-08-06,414.1499938964844,415.0,410.5,412.0,412.0,9080543,ITC.NS
2025-08-07,412.0,414.75,411.6499938964844,413.6000061035156,413.6000061035156,11514878,ITC.NS
2025-08-08,413.8999938964844,415.3500061035156,412.95001220703125,414.5,414.5,9814361,ITC.NS
2025-08-11,414.5,417.0,414.0,416.8500061035156,416.8500061035156,8514272,ITC.NS
2025-08-12,417.0,419.79998779296875,415.29998779296875,416.3500061035156,416.3500061035156,13635738,ITC.NS
2025-08-13,417.20001220703125,417.5,413.6000061035156,414.1000061035156,414.1000061035156,10874910,ITC.NS
2025-08-14,414.25,415.04998779296875,411.0,411.45001220703125,411.45001220703125,9580361,ITC.NS
2025-08-18,413.0,413.70001220703125,404.8500061035156,406.29998779296875,406.29998779296875,30950814,ITC.NS
2025-08-19,406.3500061035156,409.3999938964844,404.5,409.1000061035156,409.1000061035156,16681331,ITC.NS
2025-08-20,409.1000061035156,410.25,405.45001220703125,406.04998779296875,406.04998779296875,18188129,ITC.NS
2025-08-21,406.04998779296875,406.8500061035156,403.3500061035156,405.54998779296875,405.54998779296875,15028966,ITC.NS
2025-08-22,406.0,406.5,397.5,398.29998779296875,398.29998779296875,13087624,ITC.NS
2025-08-25,399.0,400.54998779296875,396.25,399.3500061035156,399.3500061035156,10440286,ITC.NS
2025-08-26,399.29998779296875,405.3999938964844,398.3999938964844,403.3500061035156,403.3500061035156,13715752,ITC.NS
2025-08-27,403.3500061035156,403.3500061035156,403.3500061035156,403.3500061035156,403.3500061035156,0,ITC.NS
2025-08-28,404.5,404.5,400.0,400.8999938964844,400.8999938964844,12471719,ITC.NS
2025-08-29,402.0,410.45001220703125,401.8999938964844,409.75,409.75,25255050,ITC.NS
2025-09-01,409.75,410.20001220703125,405.0,405.8500061035156,405.8500061035156,12268090,ITC.NS
2025-09-02,406.54998779296875,407.8500061035156,404.45001220703125,406.75,406.75,19808255,ITC.NS
2025-09-03,408.5,413.25,407.29998779296875,411.75,411.75,12936588,ITC.NS
2025-09-04,423.95001220703125,427.0,415.0,415.8999938964844,415.8999938964844,27274123,ITC.NS
2025-09-05,416.8999938964844,417.0,404.3999938964844,407.3500061035156,407.3500061035156,16000675,ITC.NS
2025-09-08,407.45001220703125,410.54998779296875,406.79998779296875,407.54998779296875,407.54998779296875,7419022,ITC.NS
2025-09-09,408.5,410.95001220703125,407.3999938964844,410.04998779296875,410.04998779296875,8825896,ITC.NS
