date,open,high,low,close,adj_close,volume,ticker
2020-09-11,1066.9876708984375,1078.9173583984375,1055.496337890625,1070.564208984375,1051.84716796875,59470807,RELIANCE.NS
2020-09-14,1072.9871826171875,1089.1396484375,1053.142578125,1062.62646484375,1044.048095703125,44063445,RELIANCE.NS
2020-09-15,1066.964599609375,1073.333251953125,1055.9808349609375,1070.14892578125,1051.4390869140625,27178393,RELIANCE.NS
2020-09-16,1070.6795654296875,1093.45458984375,1066.3184814453125,1072.7794189453125,1054.0235595703125,33952295,RELIANCE.NS
2020-09-17,1070.6795654296875,1077.002197265625,1057.6883544921875,1060.872802734375,1042.3251953125,25828669,RELIANCE.NS
2020-09-18,1068.0260009765625,1070.42578125,1050.62744140625,1064.0802001953125,1045.4764404296875,33074915,RELIANCE.NS
2020-09-21,1061.4495849609375,1078.0635986328125,1037.151611328125,1041.074462890625,1022.8729858398438,33627381,RELIANCE.NS
2020-09-22,1050.8350830078125,1050.8350830078125,1016.0149536132812,1020.4453735351562,1002.6045532226562,34792254,RELIANCE.NS
2020-09-23,1042.9896240234375,1050.7197265625,1017.74560546875,1029.5137939453125,1011.514404296875,42988708,RELIANCE.NS
2020-09-24,1018.9454956054688,1027.298583984375,1004.2467041015625,1006.6234741210938,989.0242919921875,29826318,RELIANCE.NS
2020-09-25,1010.22314453125,1021.2068481445312,1000.2086181640625,1016.0841674804688,998.319580078125,28374935,RELIANCE.NS
2020-09-28,1027.7601318359375,1032.836669921875,1018.55322265625,1022.7990112304688,1004.9170532226562,19666849,RELIANCE.NS
2020-09-29,1026.837158203125,1044.8355712890625,1022.7990112304688,1036.0902099609375,1017.975830078125,25842539,RELIANCE.NS
2020-09-30,1042.9896240234375,1046.2200927734375,1026.837158203125,1031.1522216796875,1013.1242065429688,24465159,RELIANCE.NS
2020-10-01,1044.7432861328125,1044.7432861328125,1021.7606201171875,1026.9525146484375,1008.9979248046875,20783227,RELIANCE.NS
2020-10-05,1035.6055908203125,1037.9822998046875,1018.0686645507812,1020.929931640625,1003.0806274414062,18922799,RELIANCE.NS
2020-10-06,1026.9525146484375,1030.9444580078125,1016.0610961914062,1020.076171875,1002.2417602539062,18412175,RELIANCE.NS
2020-10-07,1031.4521484375,1065.6031494140625,1024.5296630859375,1041.8359375,1023.6210327148438,53170865,RELIANCE.NS
2020-10-08,1042.528076171875,1046.681640625,1025.498779296875,1033.4134521484375,1015.3458251953125,21077808,RELIANCE.NS
2020-10-09,1031.4521484375,1039.7591552734375,1023.1912841796875,1030.73681640625,1012.7160034179688,18545499,RELIANCE.NS
2020-10-12,1031.4521484375,1041.0281982421875,1027.4140625,1032.398193359375,1014.348388671875,14226473,RELIANCE.NS
2020-10-13,1029.4215087890625,1054.873291015625,1027.2293701171875,1052.542724609375,1034.1407470703125,23112012,RELIANCE.NS
2020-10-14,1051.7120361328125,1063.295654296875,1046.912353515625,1055.680908203125,1037.22412109375,26742011,RELIANCE.NS
2020-10-15,1056.8345947265625,1056.8345947265625,1012.9921264648438,1018.2993774414062,1000.49609375,20036197,RELIANCE.NS
2020-10-16,1022.22216796875,1030.29833984375,1002.6776123046875,1004.13134765625,986.5757446289062,21583600,RELIANCE.NS
2020-10-19,1010.7077026367188,1028.544677734375,994.6013793945312,1004.31591796875,986.757080078125,31200385,RELIANCE.NS
2020-10-20,1005.608154296875,1012.0691528320312,993.2630004882812,994.947509765625,977.552490234375,18482288,RELIANCE.NS
2020-10-21,1000.5316772460938,1011.607666015625,968.1112670898438,980.5025634765625,963.3600463867188,34082321,RELIANCE.NS
2020-10-22,981.7947387695312,984.1483764648438,964.9961547851562,972.3570556640625,955.35693359375,30802210,RELIANCE.NS
2020-10-23,971.9186401367188,985.3021240234375,967.48828125,975.1722412109375,958.1229248046875,23422125,RELIANCE.NS
2020-10-26,970.049560546875,970.049560546875,931.5374145507812,936.4293212890625,920.057373046875,37324416,RELIANCE.NS
2020-10-27,939.1060180664062,950.6204223632812,925.3071899414062,938.9214477539062,922.505859375,36478896,RELIANCE.NS
2020-10-28,942.2903442382812,949.6282348632812,926.414794921875,928.2838745117188,912.0542602539062,29924017,RELIANCE.NS
2020-10-29,921.6151733398438,942.3826904296875,918.84619140625,935.4140014648438,919.059814453125,30655304,RELIANCE.NS
2020-10-30,938.4598999023438,953.0433349609375,933.0603637695312,948.1514282226562,931.5745239257812,34021563,RELIANCE.NS
2020-11-02,935.4601440429688,935.4601440429688,857.9974365234375,866.44287109375,851.2944946289062,99366895,RELIANCE.NS
2020-11-03,872.2346801757812,881.003173828125,846.8983764648438,853.9592895507812,839.0292358398438,88691623,RELIANCE.NS
2020-11-04,847.7752075195312,890.2332153320312,847.7752075195312,882.9414672851562,867.5046997070312,80180117,RELIANCE.NS
2020-11-05,902.2091064453125,904.9780883789062,891.61767578125,902.232177734375,886.4581298828125,37205373,RELIANCE.NS
2020-11-06,918.3847045898438,941.4596557617188,912.9158935546875,936.452392578125,920.0800170898438,66674086,RELIANCE.NS
2020-11-09,951.6588134765625,954.8431396484375,939.6136474609375,946.397705078125,929.8514404296875,35838510,RELIANCE.NS
2020-11-10,958.53515625,964.53466796875,942.0134887695312,962.0194702148438,945.2001342773438,36934242,RELIANCE.NS
2020-11-11,964.0731811523438,966.8421630859375,912.892822265625,921.7074584960938,905.5928955078125,56724780,RELIANCE.NS
2020-11-12,914.231201171875,926.8993530273438,906.84716796875,913.7696533203125,897.7938232421875,40046527,RELIANCE.NS
2020-11-13,914.6926879882812,939.9136352539062,914.5773315429688,921.3382568359375,905.2301635742188,45388670,RELIANCE.NS
2020-11-14,929.8760375976562,930.0606079101562,920.8536987304688,924.0610961914062,907.9053955078125,5226220,RELIANCE.NS
2020-11-17,962.2271728515625,962.2271728515625,916.0771484375,919.884521484375,903.8018188476562,46542562,RELIANCE.NS
2020-11-18,919.884521484375,925.9994506835938,904.5858154296875,917.0924682617188,901.0586547851562,30402290,RELIANCE.NS
2020-11-19,917.0924682617188,927.8223266601562,908.323974609375,910.6083984375,894.6878051757812,27796343,RELIANCE.NS
2020-11-20,911.462158203125,915.5233764648438,874.5421752929688,876.6189575195312,861.292724609375,57471248,RELIANCE.NS
2020-11-23,900.3861694335938,909.1546630859375,888.9640502929688,900.2477416992188,884.5083618164062,45327567,RELIANCE.NS
2020-11-24,906.3856811523438,911.0006713867188,891.61767578125,906.4087524414062,890.561767578125,30936268,RELIANCE.NS
2020-11-25,913.7696533203125,919.74609375,896.3250122070312,898.9093627929688,883.1934204101562,32637879,RELIANCE.NS
2020-11-26,901.332275390625,906.84716796875,890.7177734375,901.1245727539062,885.369873046875,25838637,RELIANCE.NS
2020-11-27,895.5404052734375,902.7398071289062,886.7257690429688,890.6023559570312,875.0316162109375,47336811,RELIANCE.NS
2020-12-01,895.47119140625,907.424072265625,890.7177734375,902.18603515625,886.4127197265625,19750687,RELIANCE.NS
2020-12-02,903.847412109375,905.4627075195312,893.002197265625,903.6859130859375,887.8864135742188,22188887,RELIANCE.NS
2020-12-03,910.0776977539062,914.27734375,903.9166259765625,906.4087524414062,890.561767578125,27785372,RELIANCE.NS
2020-12-04,908.6931762695312,908.6931762695312,895.3096923828125,898.4248046875,882.71728515625,18464552,RELIANCE.NS
2020-12-07,895.5866088867188,906.84716796875,895.5866088867188,903.708984375,887.9091186523438,18242188,RELIANCE.NS
2020-12-08,905.0704345703125,929.5760498046875,899.9246826171875,920.1152954101562,904.028564453125,43403061,RELIANCE.NS
2020-12-09,927.5916137695312,938.598388671875,922.653564453125,935.4370727539062,919.08251953125,29175254,RELIANCE.NS
2020-12-10,932.9680786132812,936.1524047851562,923.461181640625,926.2301635742188,910.0365600585938,16065507,RELIANCE.NS
2020-12-11,928.9991455078125,940.5366821289062,911.1160278320312,925.6763916015625,909.492431640625,26944202,RELIANCE.NS
2020-12-14,926.6685791015625,929.9221801757812,916.7001953125,918.984619140625,902.9176635742188,17312747,RELIANCE.NS
2020-12-15,918.2462158203125,918.2462158203125,905.0473022460938,911.1622314453125,895.2319946289062,18551265,RELIANCE.NS
2020-12-16,917.461669921875,920.6691284179688,907.1702270507812,912.177490234375,896.2294921875,18561011,RELIANCE.NS
2020-12-17,915.846435546875,925.3071899414062,912.4544067382812,916.3540649414062,900.3330688476562,20252358,RELIANCE.NS
2020-12-18,913.8158569335938,925.2610473632812,906.84716796875,919.0999755859375,903.031005859375,18466344,RELIANCE.NS
2020-12-21,927.6146850585938,933.1526489257812,856.1975708007812,895.1712036132812,879.5206298828125,44135540,RELIANCE.NS
2020-12-22,899.4631958007812,904.0320434570312,871.5193481445312,893.7867431640625,878.1603393554688,28140001,RELIANCE.NS
2020-12-23,890.6947021484375,900.5938720703125,886.379638671875,897.0864868164062,881.4024047851562,19501410,RELIANCE.NS
2020-12-24,898.5401611328125,922.4458618164062,898.0325317382812,920.2999267578125,904.2100219726562,20776988,RELIANCE.NS
2020-12-28,926.0917358398438,931.3067016601562,920.8306274414062,924.5226440429688,908.3589477539062,17221499,RELIANCE.NS
2020-12-29,927.1531982421875,928.6761474609375,914.9464721679688,918.4077758789062,902.3508911132812,18611939,RELIANCE.NS
2020-12-30,920.8075561523438,926.3224487304688,911.7160034179688,920.9229125976562,904.8221435546875,22043630,RELIANCE.NS
2020-12-31,919.9999389648438,928.4915161132812,913.1235961914062,916.2156372070312,900.1971435546875,18781189,RELIANCE.NS
2021-01-01,917.461669921875,921.6151733398438,914.6926879882812,917.23095703125,901.1946411132812,10015175,RELIANCE.NS
2021-01-04,920.7383422851562,922.4920043945312,908.231689453125,918.7769775390625,902.7136840820312,24513534,RELIANCE.NS
2021-01-05,908.6931762695312,915.4310913085938,902.6936645507812,907.3548583984375,891.4912109375,24123091,RELIANCE.NS
2021-01-06,907.2625122070312,907.3086547851562,879.2264404296875,883.4260864257812,867.9807739257812,46401468,RELIANCE.NS
2021-01-07,886.3104248046875,897.6171875,879.2264404296875,881.9954223632812,866.5751342773438,32325918,RELIANCE.NS
2021-01-08,885.1566772460938,894.5712890625,882.433837890625,892.4022216796875,876.800048828125,27540187,RELIANCE.NS
2021-01-11,894.755859375,894.755859375,873.388427734375,875.58056640625,860.2723999023438,33307825,RELIANCE.NS
2021-01-12,878.2341918945312,904.5396728515625,876.8035278320312,903.1782836914062,887.3876953125,41161546,RELIANCE.NS
2021-01-13,906.177978515625,911.4390869140625,885.3643798828125,894.755859375,879.112548828125,26619458,RELIANCE.NS
2021-01-14,897.6171875,907.7240600585938,894.8712768554688,904.8165893554688,888.9973754882812,21553242,RELIANCE.NS
2021-01-15,904.8165893554688,910.9083862304688,886.102783203125,894.1328735351562,878.5003662109375,20593268,RELIANCE.NS
2021-01-18,899.5093383789062,921.6151733398438,887.625732421875,915.5925903320312,899.5850219726562,35100458,RELIANCE.NS
2021-01-19,920.5306396484375,937.30615234375,920.5306396484375,930.5682983398438,914.298828125,32006615,RELIANCE.NS
2021-01-20,932.8757934570312,949.7666625976562,923.645751953125,948.2437133789062,931.6652221679688,30924537,RELIANCE.NS
2021-01-21,960.8426513671875,978.379638671875,957.6121826171875,968.8727416992188,951.93359375,39087742,RELIANCE.NS
2021-01-22,974.2261352539062,976.2337036132812,939.2213745117188,945.8900756835938,929.3527221679688,30532660,RELIANCE.NS
2021-01-25,939.1290893554688,939.1290893554688,891.61767578125,895.7711791992188,880.1100463867188,54207104,RELIANCE.NS
2021-01-27,888.38720703125,888.38720703125,871.3117065429688,874.5421752929688,859.2522583007812,42370131,RELIANCE.NS
2021-01-28,867.6889038085938,887.6026611328125,863.0046997070312,866.0275268554688,850.886474609375,34067814,RELIANCE.NS
2021-01-29,874.2191162109375,882.8953247070312,844.544677734375,850.0596313476562,835.1976928710938,43712383,RELIANCE.NS
2021-02-01,858.11279296875,879.1571655273438,852.8516845703125,874.6806640625,859.3883056640625,34180952,RELIANCE.NS
2021-02-02,883.4260864257812,895.3096923828125,856.0591430664062,888.7564086914062,873.2179565429688,41470034,RELIANCE.NS
2021-02-03,889.91015625,900.84765625,876.8496704101562,890.9946899414062,875.4171142578125,30301696,RELIANCE.NS
2021-02-04,887.9256591796875,895.3096923828125,879.1571655273438,888.0641479492188,872.537841796875,25626981,RELIANCE.NS
2021-02-05,890.7177734375,897.4556884765625,886.0797119140625,887.810302734375,872.2883911132812,20248046,RELIANCE.NS
2021-02-08,892.1022338867188,908.6931762695312,890.2562866210938,900.5938720703125,884.848388671875,21183400,RELIANCE.NS
2021-02-09,905.4396362304688,918.2000732421875,900.9861450195312,902.7628784179688,886.9795532226562,19604141,RELIANCE.NS
2021-02-10,901.6553344726562,915.9617919921875,889.4486083984375,911.1390991210938,895.2092895507812,21234156,RELIANCE.NS
2021-02-11,913.7696533203125,952.6279907226562,910.1930541992188,948.7052001953125,932.11865234375,42539278,RELIANCE.NS
2021-02-12,948.6129150390625,958.9966430664062,930.1067504882812,942.1980590820312,925.7252197265625,30497029,RELIANCE.NS
2021-02-15,945.1747436523438,951.2896118164062,934.5371704101562,938.0445556640625,921.6443481445312,15791099,RELIANCE.NS
2021-02-16,941.3442993164062,959.6427612304688,939.1521606445312,950.4589233398438,933.8416748046875,21421660,RELIANCE.NS
2021-02-17,950.6896362304688,967.2805786132812,946.3515625,961.4195556640625,944.6107788085938,23742994,RELIANCE.NS
2021-02-18,962.2271728515625,973.0262451171875,950.2742919921875,954.2432250976562,937.559814453125,18646877,RELIANCE.NS
2021-02-19,949.30517578125,971.43408203125,947.5975952148438,960.05810546875,943.27294921875,23403483,RELIANCE.NS
2021-02-22,959.919677734375,964.488525390625,920.6691284179688,926.73779296875,910.5352783203125,23804335,RELIANCE.NS
2021-02-23,945.1516723632812,947.4130249023438,929.2760620117188,933.8218383789062,917.4954223632812,25644108,RELIANCE.NS
2021-02-24,936.8446655273438,953.112548828125,935.06787109375,951.1511840820312,934.5218505859375,10807663,RELIANCE.NS
2021-02-25,958.0736694335938,993.1476440429688,956.6891479492188,989.6171875,972.3152465820312,34855693,RELIANCE.NS
2021-02-26,976.9951782226562,984.7944946289062,955.627685546875,962.5963745117188,945.7669067382812,37481215,RELIANCE.NS
2021-03-01,973.85693359375,974.6876831054688,951.8433837890625,969.9342041015625,952.9765014648438,17680764,RELIANCE.NS
2021-03-02,979.3026733398438,982.99462890625,964.1193237304688,971.9186401367188,954.9262084960938,17150760,RELIANCE.NS
2021-03-03,978.8642578125,1024.4835205078125,972.4724731445312,1016.268798828125,998.5009765625,31924461,RELIANCE.NS
2021-03-04,1006.0696411132812,1010.6615600585938,995.7781982421875,1004.1544189453125,986.5983276367188,21435754,RELIANCE.NS
2021-03-05,994.99365234375,1020.8145751953125,993.6322021484375,1005.4696655273438,987.890625,25511666,RELIANCE.NS
2021-03-08,1000.7623901367188,1030.021484375,1000.5316772460938,1011.1923217773438,993.5132446289062,19506841,RELIANCE.NS
2021-03-09,1015.2996215820312,1021.6683349609375,990.6555786132812,1011.169189453125,993.4905395507812,15154484,RELIANCE.NS
2021-03-10,1018.5301513671875,1022.268310546875,1001.5700073242188,1006.9695434570312,989.3642578125,11519358,RELIANCE.NS
2021-03-12,1012.9921264648438,1018.2532348632812,980.1795043945312,986.5020751953125,969.2547607421875,16864952,RELIANCE.NS
2021-03-15,987.6327514648438,991.7169799804688,960.150390625,973.2570190429688,956.2412109375,16698099,RELIANCE.NS
2021-03-16,975.6106567382812,981.148681640625,967.0729370117188,969.4265747070312,952.477783203125,13873801,RELIANCE.NS
2021-03-17,968.249755859375,970.5341796875,939.1983032226562,948.543701171875,931.9599609375,19210236,RELIANCE.NS
2021-03-18,956.6430053710938,962.1348876953125,923.461181640625,927.1993408203125,910.98876953125,20647480,RELIANCE.NS
2021-03-19,918.84619140625,967.2344360351562,915.0618896484375,960.8426513671875,944.0438842773438,41787429,RELIANCE.NS
2021-03-22,955.7661743164062,957.150634765625,938.3214721679688,951.7972412109375,935.1566162109375,18572478,RELIANCE.NS
2021-03-23,951.589599609375,973.626220703125,948.8436889648438,963.3809204101562,946.5377807617188,17421165,RELIANCE.NS
2021-03-24,959.8042602539062,959.8042602539062,941.644287109375,944.82861328125,928.3097534179688,16822814,RELIANCE.NS
2021-03-25,947.920654296875,947.920654296875,916.0771484375,919.0538330078125,902.9857177734375,22001648,RELIANCE.NS
2021-03-26,928.5376586914062,929.3222045898438,910.8622436523438,920.5306396484375,904.4366455078125,20180202,RELIANCE.NS
2021-03-30,926.691650390625,945.5670166015625,919.0999755859375,936.5216064453125,920.1480102539062,20441701,RELIANCE.NS
2021-03-31,931.3067016601562,946.0285034179688,922.5381469726562,924.4302978515625,908.2681884765625,16250796,RELIANCE.NS
2021-04-01,931.3067016601562,936.8446655273438,924.453369140625,933.0834350585938,916.77001953125,11723312,RELIANCE.NS
2021-04-05,934.5140991210938,934.5371704101562,905.5088500976562,919.5845947265625,903.5071411132812,14875099,RELIANCE.NS
2021-04-06,924.845703125,925.2841186523438,908.6931762695312,915.754150390625,899.7437133789062,14009194,RELIANCE.NS
2021-04-07,922.9996948242188,944.64404296875,919.9076538085938,924.31494140625,908.15478515625,24266353,RELIANCE.NS
2021-04-08,928.076171875,933.1526489257812,919.7691650390625,925.4686889648438,909.288330078125,15369188,RELIANCE.NS
2021-04-09,922.2843627929688,925.93017578125,913.7696533203125,914.7157592773438,898.7235107421875,14037885,RELIANCE.NS
2021-04-12,904.0781860351562,905.185791015625,876.965087890625,881.9954223632812,866.5751342773438,20901482,RELIANCE.NS
2021-04-13,887.9256591796875,895.5866088867188,885.0874633789062,891.525390625,875.9385375976562,19411189,RELIANCE.NS
2021-04-15,888.9871215820312,905.0011596679688,882.8491821289062,897.2941284179688,881.6063232421875,19723716,RELIANCE.NS
2021-04-16,893.7406005859375,899.8785400390625,889.0563354492188,891.663818359375,876.0745239257812,15656948,RELIANCE.NS
2021-04-19,878.6956787109375,884.4182739257812,872.2346801757812,877.6342163085938,862.290283203125,18478808,RELIANCE.NS
2021-04-20,881.6954345703125,885.6181640625,872.4423828125,877.3804321289062,862.040771484375,17203668,RELIANCE.NS
2021-04-22,873.2730712890625,883.5183715820312,866.0967407226562,879.8032836914062,864.42138671875,14490954,RELIANCE.NS
2021-04-23,879.6187133789062,885.572021484375,874.7037353515625,878.8572387695312,863.491943359375,11828857,RELIANCE.NS
2021-04-26,886.0797119140625,905.4627075195312,882.1569213867188,894.3174438476562,878.6817626953125,20846778,RELIANCE.NS
2021-04-27,895.3096923828125,921.7074584960938,894.5020751953125,917.7616577148438,901.716064453125,19992524,RELIANCE.NS
2021-04-28,922.0074462890625,926.691650390625,913.8389282226562,921.7536010742188,905.6382446289062,17122437,RELIANCE.NS
2021-04-29,933.5679931640625,943.5364379882812,926.36865234375,934.0987548828125,917.7675170898438,17412606,RELIANCE.NS
2021-04-30,926.9224243164062,939.6136474609375,917.2540283203125,920.46142578125,904.36865234375,19828769,RELIANCE.NS
2021-05-03,907.3086547851562,913.3081665039062,896.7403564453125,904.1012573242188,888.2944946289062,23640186,RELIANCE.NS
2021-05-04,899.9246826171875,908.139404296875,881.9262084960938,884.5105590820312,869.0463256835938,21849830,RELIANCE.NS
2021-05-05,887.625732421875,894.617431640625,880.5647583007812,886.1258544921875,870.6334228515625,12393609,RELIANCE.NS
2021-05-06,886.9334716796875,893.002197265625,879.8955688476562,891.1561889648438,875.5757446289062,14624666,RELIANCE.NS
2021-05-07,894.2713012695312,902.5321655273438,888.8486938476562,891.5023193359375,875.9158935546875,12288548,RELIANCE.NS
2021-05-10,894.8482055664062,898.4478759765625,886.5181274414062,888.9409790039062,873.3992919921875,13941237,RELIANCE.NS
2021-05-11,883.772216796875,894.6405029296875,881.4646606445312,892.1484375,876.5507202148438,13478264,RELIANCE.NS
2021-05-12,890.7408447265625,892.0330200195312,880.0802001953125,882.9183959960938,867.4819946289062,13177961,RELIANCE.NS
2021-05-14,889.7947387695312,896.232666015625,879.6187133789062,894.0636596679688,878.432373046875,13291616,RELIANCE.NS
2021-05-17,894.0636596679688,906.1318359375,890.8792724609375,904.7012329101562,888.8839721679688,11873078,RELIANCE.NS
2021-05-18,914.231201171875,924.1995849609375,910.3084106445312,917.4385986328125,901.3986206054688,12064918,RELIANCE.NS
2021-05-19,913.7696533203125,930.5913696289062,910.0776977539062,921.6382446289062,905.52490234375,16317002,RELIANCE.NS
2021-05-20,922.030517578125,928.030029296875,914.231201171875,916.2617797851562,900.242431640625,11422532,RELIANCE.NS
2021-05-21,919.3076782226562,927.4300537109375,916.5386962890625,924.176513671875,908.0187377929688,10785605,RELIANCE.NS
2021-05-24,926.691650390625,927.5223999023438,914.6926879882812,916.3771362304688,900.355712890625,8551760,RELIANCE.NS
2021-05-25,921.3382568359375,921.6151733398438,904.5396728515625,905.993408203125,890.153564453125,14780102,RELIANCE.NS
2021-05-26,911.462158203125,913.5389404296875,906.9856567382812,909.177734375,893.2822875976562,7480204,RELIANCE.NS
2021-05-27,909.2931518554688,919.7691650390625,905.5780639648438,911.9698486328125,896.0255737304688,26819294,RELIANCE.NS
2021-05-28,918.3847045898438,971.4571533203125,918.3847045898438,966.7498779296875,949.8478393554688,56469931,RELIANCE.NS
2021-05-31,970.0726318359375,1011.4691772460938,962.250244140625,996.9780883789062,979.5475463867188,59124142,RELIANCE.NS
2021-06-01,999.608642578125,1016.22265625,990.609375,1000.947021484375,983.447021484375,28013832,RELIANCE.NS
2021-06-02,995.4551391601562,1019.6838989257812,995.4551391601562,1015.8765258789062,998.1155395507812,24630162,RELIANCE.NS
2021-06-03,1024.9910888671875,1038.3746337890625,1013.4998168945312,1019.7531127929688,1001.9243774414062,23974257,RELIANCE.NS
2021-06-04,1022.1298217773438,1022.8912963867188,1008.031005859375,1010.9154052734375,993.2412109375,14468646,RELIANCE.NS
2021-06-07,1016.22265625,1034.6826171875,1008.3771362304688,1027.9447021484375,1009.9727172851562,16336573,RELIANCE.NS
2021-06-08,1027.5755615234375,1027.829345703125,1014.4458618164062,1022.0375366210938,1004.1688842773438,9674735,RELIANCE.NS
2021-06-09,1024.068115234375,1024.9910888671875,995.8935546875,1003.7621459960938,986.2130126953125,11409161,RELIANCE.NS
2021-06-10,1012.2537231445312,1029.1446533203125,1004.93896484375,1007.4541625976562,989.8403930664062,14155653,RELIANCE.NS
2021-06-11,1007.4080200195312,1028.2216796875,1006.1157836914062,1021.3683471679688,1007.0098876953125,13762778,RELIANCE.NS
2021-06-14,1022.22216796875,1042.1820068359375,1013.0151977539062,1036.02099609375,1021.4564208984375,20332436,RELIANCE.NS
2021-06-15,1043.451171875,1049.865966796875,1033.8980712890625,1038.3746337890625,1023.7771606445312,15174215,RELIANCE.NS
2021-06-16,1036.02099609375,1037.01318359375,1017.9993896484375,1020.6530151367188,1006.3045043945312,10797349,RELIANCE.NS
2021-06-17,1015.2996215820312,1031.4521484375,1006.0234985351562,1022.5220947265625,1008.1473999023438,15745975,RELIANCE.NS
2021-06-18,1027.06787109375,1031.4521484375,1008.0771484375,1027.1370849609375,1012.697509765625,29369026,RELIANCE.NS
2021-06-21,1016.9149169921875,1037.2208251953125,1015.368896484375,1032.490478515625,1017.9755859375,12186448,RELIANCE.NS
2021-06-22,1040.2205810546875,1043.451171875,1024.2296142578125,1027.1832275390625,1012.7429809570312,12871913,RELIANCE.NS
2021-06-23,1038.3746337890625,1038.6514892578125,1016.0841674804688,1017.7686767578125,1003.4608154296875,16653951,RELIANCE.NS
2021-06-24,1018.4609375,1022.0375366210938,987.6096801757812,993.8399047851562,979.8683471679688,91461975,RELIANCE.NS
2021-06-25,993.8399047851562,993.8399047851562,960.4273071289062,971.2033081054688,957.5499877929688,55355022,RELIANCE.NS
2021-06-28,979.3026733398438,981.37939453125,960.3811645507812,962.6886596679688,949.1550903320312,20277042,RELIANCE.NS
2021-06-29,964.3038940429688,973.3031616210938,961.8118286132812,963.5193481445312,949.97412109375,27144063,RELIANCE.NS
2021-06-30,967.4190063476562,979.6026000976562,965.0192260742188,974.0646362304688,960.3711547851562,19762858,RELIANCE.NS
2021-07-01,977.4566650390625,979.8333740234375,966.8421630859375,968.20361328125,954.592529296875,12534407,RELIANCE.NS
2021-07-02,967.76513671875,984.3330078125,965.8960571289062,982.5562133789062,968.7433471679688,14086620,RELIANCE.NS
2021-07-05,985.9713134765625,993.8629760742188,983.6868896484375,992.3169555664062,978.3668823242188,11702287,RELIANCE.NS
2021-07-06,989.8941040039062,991.7169799804688,978.4719848632812,980.5948486328125,966.8095703125,10070124,RELIANCE.NS
2021-07-07,981.956298828125,981.956298828125,968.2266845703125,973.7877197265625,960.09814453125,10454892,RELIANCE.NS
2021-07-08,976.9721069335938,976.9721069335938,960.3811645507812,965.7345581054688,952.1581420898438,11185460,RELIANCE.NS
2021-07-09,963.6116333007812,965.3192138671875,953.5048217773438,955.8584594726562,942.4208984375,9037675,RELIANCE.NS
2021-07-12,959.8042602539062,969.8419189453125,957.3814086914062,961.8118286132812,948.29052734375,8585292,RELIANCE.NS
2021-07-13,969.149658203125,970.5572509765625,963.6347045898438,969.01123046875,955.3887939453125,6717133,RELIANCE.NS
2021-07-14,969.3111572265625,972.3109130859375,960.4965209960938,962.6886596679688,949.1550903320312,8532544,RELIANCE.NS
2021-07-15,966.8421630859375,966.8421630859375,959.2274169921875,961.0042114257812,947.494384765625,9448356,RELIANCE.NS
2021-07-16,963.4962768554688,975.956787109375,963.4270629882812,974.8722534179688,961.1673583984375,8828185,RELIANCE.NS
2021-07-19,969.149658203125,980.2256469726562,965.5730590820312,968.6651000976562,955.0474853515625,8354449,RELIANCE.NS
2021-07-20,968.9188842773438,972.8416748046875,961.7656860351562,966.288330078125,952.7041015625,6741464,RELIANCE.NS
2021-07-22,977.9181518554688,980.1795043945312,968.2958984375,978.7026977539062,964.9439697265625,7972397,RELIANCE.NS
2021-07-23,985.04833984375,985.04833984375,970.095703125,971.7802124023438,958.1188354492188,9937030,RELIANCE.NS
2021-07-26,972.8416748046875,978.8411254882812,955.8123168945312,958.4659423828125,944.99169921875,12389668,RELIANCE.NS
2021-07-27,958.44287109375,961.627197265625,942.3826904296875,948.3821411132812,935.0496826171875,10824523,RELIANCE.NS
2021-07-28,949.7666625976562,949.7666625976562,930.4990234375,940.2366943359375,927.0186767578125,12897848,RELIANCE.NS
2021-07-29,947.920654296875,957.3352661132812,943.0287475585938,947.5745239257812,934.25341796875,13765738,RELIANCE.NS
2021-07-30,949.7666625976562,954.3585815429688,937.352294921875,939.2906494140625,926.0859985351562,11350608,RELIANCE.NS
2021-08-02,948.0591430664062,959.6427612304688,941.9904174804688,956.4584350585938,943.012451171875,10925104,RELIANCE.NS
2021-08-03,964.53466796875,964.9961547851562,952.6279907226562,963.4962768554688,949.9512939453125,11817299,RELIANCE.NS
2021-08-04,966.5652465820312,975.6106567382812,963.150146484375,970.8803100585938,957.2315673828125,13169800,RELIANCE.NS
2021-08-05,975.7490844726562,994.4398193359375,971.1110229492188,984.9560546875,971.1094360351562,21252078,RELIANCE.NS
2021-08-06,982.9715576171875,990.8170776367188,959.3427734375,964.0962524414062,950.5428466796875,16620987,RELIANCE.NS
2021-08-09,960.3811645507812,964.4423828125,953.6893920898438,958.6043701171875,945.128173828125,7494143,RELIANCE.NS
2021-08-10,960.8426513671875,975.149169921875,957.0352783203125,963.6347045898438,950.0877685546875,11919198,RELIANCE.NS
2021-08-11,967.7420654296875,978.379638671875,961.48876953125,977.1336059570312,963.39697265625,9184963,RELIANCE.NS
2021-08-12,980.6409912109375,981.240966796875,971.4571533203125,973.9954223632812,960.3028564453125,8137612,RELIANCE.NS
2021-08-13,977.1336059570312,992.1785278320312,973.2800903320312,990.2171020507812,976.2965087890625,12780901,RELIANCE.NS
2021-08-16,991.9246826171875,1016.6841430664062,982.140869140625,1003.0698852539062,988.9685668945312,21935444,RELIANCE.NS
2021-08-17,1000.9239501953125,1008.4694213867188,991.232421875,998.801025390625,984.7597045898438,12658169,RELIANCE.NS
2021-08-18,1003.3006591796875,1009.2078247070312,993.424560546875,1002.6776123046875,988.5819091796875,10075860,RELIANCE.NS
2021-08-20,988.994140625,1002.3776245117188,986.2251586914062,991.4170532226562,977.4796142578125,9426282,RELIANCE.NS
2021-08-23,1003.3006591796875,1003.3006591796875,984.0560913085938,997.9241943359375,983.895263671875,9854395,RELIANCE.NS
2021-08-24,999.1702270507812,1011.607666015625,994.8090209960938,1007.7772216796875,993.6097412109375,11864472,RELIANCE.NS
2021-08-25,1008.561767578125,1024.5296630859375,1006.1157836914062,1016.49951171875,1002.20947265625,13380559,RELIANCE.NS
2021-08-26,1018.9916381835938,1036.02099609375,1017.6071166992188,1029.352294921875,1014.8815307617188,18589616,RELIANCE.NS
2021-08-27,1032.3751220703125,1035.02880859375,1022.7067260742188,1027.9447021484375,1013.4937744140625,10480636,RELIANCE.NS
2021-08-30,1038.3746337890625,1050.304443359375,1032.2828369140625,1047.719970703125,1032.990966796875,14027062,RELIANCE.NS
2021-08-31,1050.7889404296875,1053.9501953125,1034.7979736328125,1042.1358642578125,1027.4854736328125,26485463,RELIANCE.NS
2021-09-01,1048.9891357421875,1058.1729736328125,1044.3741455078125,1046.2662353515625,1031.5576171875,11145486,RELIANCE.NS
2021-09-02,1040.68212890625,1065.04931640625,1040.68212890625,1058.865234375,1043.9796142578125,9956770,RELIANCE.NS
2021-09-03,1066.0645751953125,1105.2921142578125,1062.6033935546875,1102.2923583984375,1086.7962646484375,30664428,RELIANCE.NS
2021-09-06,1113.59912109375,1144.5196533203125,1113.1375732421875,1119.4140625,1103.67724609375,33641710,RELIANCE.NS
2021-09-07,1121.444580078125,1134.3665771484375,1113.1375732421875,1126.4749755859375,1110.638916015625,17349882,RELIANCE.NS
2021-09-08,1131.59765625,1132.5206298828125,1110.6685791015625,1122.067626953125,1106.29345703125,14301651,RELIANCE.NS
2021-09-09,1120.4754638671875,1125.0673828125,1115.02978515625,1119.4140625,1103.67724609375,8963249,RELIANCE.NS
2021-09-13,1122.8291015625,1122.8291015625,1092.854736328125,1094.469970703125,1079.0838623046875,16311160,RELIANCE.NS
2021-09-14,1096.0621337890625,1104.83056640625,1091.9085693359375,1093.039306640625,1077.67333984375,8908356,RELIANCE.NS
2021-09-15,1093.0623779296875,1105.63818359375,1093.0623779296875,1097.5850830078125,1082.155029296875,9071075,RELIANCE.NS
2021-09-16,1099.0849609375,1124.5596923828125,1092.3701171875,1120.6138916015625,1104.8602294921875,13448882,RELIANCE.NS
2021-09-17,1128.82861328125,1133.3743896484375,1096.3389892578125,1103.2384033203125,1087.72900390625,34882133,RELIANCE.NS
2021-09-20,1094.7237548828125,1116.068115234375,1093.754638671875,1104.9921875,1089.4581298828125,11779819,RELIANCE.NS
2021-09-21,1109.9071044921875,1115.260498046875,1100.215576171875,1109.7686767578125,1094.1673583984375,9915736,RELIANCE.NS
2021-09-22,1111.2916259765625,1126.9825439453125,1106.7919921875,1121.6754150390625,1105.90673828125,10995912,RELIANCE.NS
2021-09-23,1129.4747314453125,1152.3651123046875,1128.597900390625,1149.0885009765625,1132.9345703125,15748397,RELIANCE.NS
2021-09-24,1155.387939453125,1156.2647705078125,1140.82763671875,1145.765625,1129.6583251953125,15192163,RELIANCE.NS
2021-09-27,1147.7501220703125,1167.5484619140625,1142.3505859375,1165.033203125,1148.655029296875,15373834,RELIANCE.NS
2021-09-28,1169.4405517578125,1183.700927734375,1159.65673828125,1175.9246826171875,1159.3934326171875,18035258,RELIANCE.NS
2021-09-29,1186.0545654296875,1186.0545654296875,1163.002685546875,1166.6024169921875,1150.2021484375,9719875,RELIANCE.NS
2021-09-30,1165.287109375,1169.717529296875,1153.9111328125,1162.6334228515625,1146.2889404296875,13590654,RELIANCE.NS
2021-10-01,1154.6495361328125,1172.1173095703125,1151.442138671875,1164.6871337890625,1148.3138427734375,8958928,RELIANCE.NS
2021-10-04,1178.2091064453125,1188.2928466796875,1170.84814453125,1179.662841796875,1163.0789794921875,10918552,RELIANCE.NS
2021-10-05,1179.17822265625,1205.4376220703125,1175.6015625,1204.1453857421875,1187.21728515625,13533634,RELIANCE.NS
2021-10-06,1209.1064453125,1209.1064453125,1177.332275390625,1181.370361328125,1164.7626953125,10258881,RELIANCE.NS
2021-10-07,1197.592041015625,1199.32275390625,1184.9931640625,1187.1622314453125,1170.4730224609375,6336665,RELIANCE.NS
2021-10-08,1193.0924072265625,1238.8502197265625,1191.36181640625,1232.781494140625,1215.450927734375,15772493,RELIANCE.NS
2021-10-11,1246.6956787109375,1255.279541015625,1220.82861328125,1224.197509765625,1206.9876708984375,14768666,RELIANCE.NS
2021-10-12,1220.6671142578125,1238.2041015625,1218.9364013671875,1231.189208984375,1213.881103515625,6682011,RELIANCE.NS
2021-10-13,1236.3580322265625,1255.048828125,1231.8814697265625,1243.718994140625,1226.234619140625,9959762,RELIANCE.NS
2021-10-14,1246.2110595703125,1254.102783203125,1240.142333984375,1246.234130859375,1228.7144775390625,8623469,RELIANCE.NS
2021-10-18,1231.5584716796875,1266.8170166015625,1228.6510009765625,1249.5570068359375,1231.9906005859375,13594479,RELIANCE.NS
2021-10-19,1257.033203125,1269.74755859375,1249.7415771484375,1260.748291015625,1243.024658203125,8833409,RELIANCE.NS
2021-10-20,1265.7786865234375,1265.7786865234375,1242.1268310546875,1246.234130859375,1228.7144775390625,12710570,RELIANCE.NS
2021-10-21,1258.6947021484375,1258.9715576171875,1201.3763427734375,1210.2833251953125,1193.2689208984375,20831669,RELIANCE.NS
2021-10-22,1209.1295166015625,1229.8509521484375,1205.206787109375,1212.544677734375,1195.4986572265625,11027475,RELIANCE.NS
2021-10-25,1236.819580078125,1236.819580078125,1186.0545654296875,1200.730224609375,1183.850341796875,17198417,RELIANCE.NS
2021-10-26,1207.791259765625,1231.6968994140625,1201.353271484375,1228.0740966796875,1210.8096923828125,9750178,RELIANCE.NS
2021-10-27,1223.8975830078125,1235.3427734375,1209.1064453125,1212.544677734375,1195.4986572265625,9896298,RELIANCE.NS
2021-10-28,1209.1295166015625,1217.4134521484375,1195.515380859375,1199.25341796875,1182.3941650390625,9886181,RELIANCE.NS
2021-10-29,1198.122802734375,1198.122802734375,1154.5341796875,1170.47900390625,1154.0242919921875,14233025,RELIANCE.NS
2021-11-01,1170.47900390625,1179.5936279296875,1151.0267333984375,1171.1943359375,1154.7294921875,15481114,RELIANCE.NS
2021-11-02,1174.51708984375,1175.901611328125,1151.5574951171875,1154.1187744140625,1137.8941650390625,10569130,RELIANCE.NS
2021-11-03,1156.5416259765625,1162.9796142578125,1135.7510986328125,1146.1810302734375,1130.0677490234375,11989430,RELIANCE.NS
2021-11-04,1150.4959716796875,1156.010986328125,1149.1346435546875,1153.2188720703125,1137.0067138671875,1705656,RELIANCE.NS
2021-11-08,1162.70263671875,1162.9796142578125,1133.628173828125,1154.6495361328125,1138.4173583984375,20337183,RELIANCE.NS
2021-11-09,1156.05712890625,1167.0869140625,1147.773193359375,1163.76416015625,1147.4036865234375,15682497,RELIANCE.NS
2021-11-10,1161.4566650390625,1180.5166015625,1155.43408203125,1176.7784423828125,1160.2349853515625,10253470,RELIANCE.NS
2021-11-11,1172.232666015625,1186.2852783203125,1170.1558837890625,1178.9244384765625,1162.35107421875,10722478,RELIANCE.NS
2021-11-12,1182.7779541015625,1199.32275390625,1180.0550537109375,1196.7152099609375,1179.8917236328125,8712341,RELIANCE.NS
2021-11-15,1199.8995361328125,1200.9149169921875,1186.0545654296875,1189.654296875,1172.9300537109375,4803269,RELIANCE.NS
2021-11-16,1187.0006103515625,1188.362060546875,1151.442138671875,1162.010498046875,1145.6749267578125,11337581,RELIANCE.NS
2021-11-17,1153.2650146484375,1153.2650146484375,1135.7510986328125,1137.1356201171875,1121.149658203125,10202029,RELIANCE.NS
2021-11-18,1135.28955078125,1148.673095703125,1130.6976318359375,1141.427490234375,1125.381103515625,8505625,RELIANCE.NS
2021-11-22,1124.259765625,1130.213134765625,1084.986083984375,1090.8702392578125,1075.53466796875,24124307,RELIANCE.NS
2021-11-23,1076.7021484375,1108.176513671875,1065.6031494140625,1101.0693359375,1085.59033203125,25326999,RELIANCE.NS
2021-11-24,1098.36962890625,1112.16845703125,1081.5479736328125,1085.1707763671875,1069.91552734375,16820296,RELIANCE.NS
2021-11-25,1095.13916015625,1154.672607421875,1087.8243408203125,1150.4959716796875,1134.3221435546875,42401936,RELIANCE.NS
2021-11-26,1138.8892822265625,1143.4119873046875,1108.2918701171875,1113.41455078125,1097.761962890625,15763138,RELIANCE.NS
2021-11-29,1125.644287109375,1153.7496337890625,1107.1842041015625,1126.7518310546875,1110.911865234375,24325354,RELIANCE.NS
2021-11-30,1138.9815673828125,1142.62744140625,1102.453857421875,1110.0916748046875,1094.48583984375,32172299,RELIANCE.NS
2021-12-01,1122.8291015625,1141.7506103515625,1119.1832275390625,1138.5201416015625,1122.5146484375,10104610,RELIANCE.NS
2021-12-02,1139.76611328125,1151.995849609375,1136.0279541015625,1145.8348388671875,1129.7266845703125,12720411,RELIANCE.NS
2021-12-03,1153.01123046875,1153.057373046875,1107.599609375,1111.406982421875,1095.78271484375,19222481,RELIANCE.NS
2021-12-06,1114.983642578125,1119.1370849609375,1087.8243408203125,1090.3394775390625,1075.0113525390625,10332254,RELIANCE.NS
2021-12-07,1096.5928955078125,1109.445556640625,1089.1396484375,1099.223388671875,1083.7703857421875,11235122,RELIANCE.NS
2021-12-08,1118.7218017578125,1122.2752685546875,1110.507080078125,1115.9527587890625,1100.2645263671875,8744178,RELIANCE.NS
2021-12-09,1123.7520751953125,1142.1658935546875,1119.1370849609375,1133.6512451171875,1117.71435546875,13213547,RELIANCE.NS
2021-12-10,1126.1749267578125,1138.05859375,1121.6060791015625,1134.8050537109375,1118.851806640625,8364414,RELIANCE.NS
2021-12-13,1141.5198974609375,1141.7967529296875,1109.445556640625,1112.0531005859375,1096.4197998046875,12901733,RELIANCE.NS
2021-12-14,1098.36962890625,1110.36865234375,1095.32373046875,1098.4388427734375,1082.996826171875,12991523,RELIANCE.NS
2021-12-15,1100.215576171875,1109.9071044921875,1089.647216796875,1095.2314453125,1079.834716796875,9366969,RELIANCE.NS
2021-12-16,1110.2301025390625,1114.7528076171875,1093.131591796875,1109.3994140625,1093.8033447265625,9761279,RELIANCE.NS
2021-12-17,1106.69970703125,1111.2916259765625,1070.6795654296875,1080.1173095703125,1064.932861328125,21049821,RELIANCE.NS
2021-12-20,1069.6873779296875,1069.6873779296875,1037.0362548828125,1050.9967041015625,1036.2215576171875,14325846,RELIANCE.NS
2021-12-21,1066.6876220703125,1082.6785888671875,1057.8499755859375,1066.6414794921875,1051.6466064453125,12836561,RELIANCE.NS
2021-12-22,1072.94091796875,1094.6314697265625,1071.6026611328125,1091.9547119140625,1076.6038818359375,17658543,RELIANCE.NS
2021-12-23,1095.6005859375,1098.36962890625,1088.23974609375,1091.5625,1076.2171630859375,9072401,RELIANCE.NS
2021-12-24,1093.754638671875,1103.9075927734375,1078.7789306640625,1095.046875,1079.6527099609375,7886494,RELIANCE.NS
2021-12-27,1089.85498046875,1097.4466552734375,1083.6478271484375,1093.8699951171875,1078.4923095703125,4017223,RELIANCE.NS
2021-12-28,1096.3389892578125,1109.837890625,1095.1622314453125,1106.8612060546875,1091.3009033203125,6374613,RELIANCE.NS
2021-12-29,1103.4461669921875,1116.3681640625,1099.3387451171875,1108.75341796875,1093.1663818359375,15425312,RELIANCE.NS
2021-12-30,1107.599609375,1109.884033203125,1082.4940185546875,1088.7242431640625,1073.4189453125,29333171,RELIANCE.NS
2021-12-31,1095.13916015625,1100.16943359375,1089.1396484375,1092.90087890625,1077.536865234375,9477290,RELIANCE.NS
2022-01-03,1091.4471435546875,1111.2685546875,1090.7779541015625,1109.3763427734375,1093.7806396484375,5421611,RELIANCE.NS
2022-01-04,1114.9375,1135.7510986328125,1109.445556640625,1134.4127197265625,1118.465087890625,10847728,RELIANCE.NS
2022-01-05,1136.212646484375,1143.1351318359375,1122.8060302734375,1139.719970703125,1123.6976318359375,11643813,RELIANCE.NS
2022-01-06,1131.2283935546875,1132.5206298828125,1111.7530517578125,1115.21435546875,1099.53662109375,14447422,RELIANCE.NS
2022-01-07,1121.883056640625,1134.3896484375,1112.929931640625,1124.213623046875,1108.4091796875,13112115,RELIANCE.NS
2022-01-10,1131.59765625,1133.9051513671875,1115.0067138671875,1125.1365966796875,1109.3193359375,9246731,RELIANCE.NS
2022-01-11,1124.213623046875,1142.18896484375,1123.7520751953125,1133.2359619140625,1117.3048095703125,16205164,RELIANCE.NS
2022-01-12,1140.5045166015625,1165.2640380859375,1137.5970458984375,1163.4871826171875,1147.1307373046875,14800442,RELIANCE.NS
2022-01-13,1163.5565185546875,1172.671142578125,1157.626220703125,1170.04052734375,1153.592041015625,11856712,RELIANCE.NS
2022-01-14,1169.902099609375,1184.8084716796875,1165.6793212890625,1171.748046875,1155.275390625,19930176,RELIANCE.NS
2022-01-17,1171.28662109375,1183.7470703125,1170.8250732421875,1177.8629150390625,1161.304443359375,8036453,RELIANCE.NS
2022-01-18,1179.0167236328125,1182.5240478515625,1161.0181884765625,1163.810302734375,1147.4493408203125,6215029,RELIANCE.NS
2022-01-19,1167.5946044921875,1173.132568359375,1157.903076171875,1163.718017578125,1147.3583984375,9755485,RELIANCE.NS
2022-01-20,1153.772705078125,1158.341552734375,1132.9820556640625,1143.3427734375,1127.26953125,16494486,RELIANCE.NS
2022-01-21,1131.59765625,1154.7879638671875,1131.59765625,1143.52734375,1127.4515380859375,13338594,RELIANCE.NS
2022-01-24,1142.2120361328125,1155.9417724609375,1086.8782958984375,1097.4005126953125,1081.9730224609375,21868937,RELIANCE.NS
2022-01-25,1084.31689453125,1102.361572265625,1063.757080078125,1095.2545166015625,1079.8572998046875,24510205,RELIANCE.NS
2022-01-27,1078.0635986328125,1087.3397216796875,1066.5491943359375,1079.03271484375,1063.8636474609375,20020431,RELIANCE.NS
2022-01-28,1091.4471435546875,1096.4774169921875,1074.5562744140625,1077.994384765625,1062.8397216796875,14667727,RELIANCE.NS
2022-01-31,1089.23193359375,1110.55322265625,1087.3858642578125,1101.41552734375,1085.931640625,12143683,RELIANCE.NS
2022-02-01,1111.2916259765625,1117.1064453125,1083.186279296875,1097.7696533203125,1082.337158203125,13200509,RELIANCE.NS
2022-02-02,1110.830078125,1110.830078125,1096.1082763671875,1100.0079345703125,1084.5438232421875,10017691,RELIANCE.NS
2022-02-03,1103.9075927734375,1108.268798828125,1083.232421875,1085.793701171875,1070.529541015625,9572839,RELIANCE.NS
2022-02-04,1080.37109375,1083.809326171875,1071.187255859375,1075.89453125,1060.76953125,11061241,RELIANCE.NS
2022-02-07,1080.8326416015625,1087.662841796875,1063.757080078125,1069.34130859375,1054.308349609375,10714467,RELIANCE.NS
2022-02-08,1075.5946044921875,1089.1396484375,1066.0645751953125,1087.316650390625,1072.0311279296875,12060849,RELIANCE.NS
2022-02-09,1094.2852783203125,1101.6923828125,1088.2166748046875,1099.98486328125,1084.5211181640625,11486225,RELIANCE.NS
2022-02-10,1105.6151123046875,1105.6151123046875,1091.4932861328125,1098.854248046875,1083.406494140625,12464491,RELIANCE.NS
2022-02-11,1095.2545166015625,1100.4464111328125,1081.8017578125,1096.708251953125,1081.2906494140625,15943370,RELIANCE.NS
2022-02-14,1080.0250244140625,1086.80908203125,1067.4490966796875,1079.240478515625,1064.068359375,10719633,RELIANCE.NS
2022-02-15,1085.078369140625,1118.6295166015625,1077.9251708984375,1115.883544921875,1100.1964111328125,11212671,RELIANCE.NS
2022-02-16,1121.444580078125,1122.8291015625,1105.7305908203125,1113.5760498046875,1097.92138671875,10392840,RELIANCE.NS
2022-02-17,1116.875732421875,1132.9359130859375,1112.214599609375,1127.6748046875,1111.82177734375,12853252,RELIANCE.NS
2022-02-18,1128.0902099609375,1133.628173828125,1116.8988037109375,1118.8602294921875,1103.1312255859375,6775458,RELIANCE.NS
2022-02-21,1113.1375732421875,1124.9058837890625,1100.4925537109375,1107.553466796875,1091.9833984375,11107193,RELIANCE.NS
2022-02-22,1085.8629150390625,1105.70751953125,1083.2093505859375,1102.5230712890625,1087.023681640625,13494914,RELIANCE.NS
2022-02-23,1108.1072998046875,1110.6224365234375,1092.8316650390625,1095.6236572265625,1080.22119140625,7310110,RELIANCE.NS
2022-02-24,1063.757080078125,1079.863525390625,1035.3287353515625,1041.0281982421875,1026.393310546875,24846650,RELIANCE.NS
2022-02-25,1052.2657470703125,1065.1185302734375,1050.489013671875,1054.0426025390625,1039.224853515625,14570089,RELIANCE.NS
2022-02-28,1035.1441650390625,1092.5316162109375,1035.1441650390625,1088.931884765625,1073.62353515625,21297446,RELIANCE.NS
2022-03-02,1077.3482666015625,1108.0611572265625,1074.9254150390625,1106.930419921875,1091.3690185546875,21471786,RELIANCE.NS
2022-03-03,1107.599609375,1114.452880859375,1093.7777099609375,1097.5850830078125,1082.155029296875,10186748,RELIANCE.NS
2022-03-04,1085.9090576171875,1091.1240234375,1070.8411865234375,1073.240966796875,1058.1531982421875,10805667,RELIANCE.NS
2022-03-07,1051.61962890625,1067.0338134765625,1025.45263671875,1033.552001953125,1019.022216796875,17983310,RELIANCE.NS
2022-03-08,1020.6068725585938,1036.5286865234375,1006.0696411132812,1031.682861328125,1017.179443359375,21289374,RELIANCE.NS
2022-03-09,1031.9136962890625,1092.3701171875,1031.059814453125,1086.416748046875,1071.143798828125,20414228,RELIANCE.NS
2022-03-10,1107.599609375,1109.9071044921875,1089.1396484375,1104.02294921875,1088.50244140625,17980493,RELIANCE.NS
2022-03-11,1096.546630859375,1112.6761474609375,1096.546630859375,1107.207275390625,1091.64208984375,12257423,RELIANCE.NS
2022-03-14,1101.553955078125,1118.8602294921875,1095.6005859375,1116.298828125,1100.6058349609375,8340678,RELIANCE.NS
2022-03-15,1120.49853515625,1120.49853515625,1080.3018798828125,1090.7318115234375,1075.398193359375,15925769,RELIANCE.NS
2022-03-16,1099.2926025390625,1111.2454833984375,1097.03125,1109.1456298828125,1093.5531005859375,11149828,RELIANCE.NS
2022-03-17,1122.7137451171875,1152.5496826171875,1114.5682373046875,1145.30419921875,1129.203369140625,21422098,RELIANCE.NS
2022-03-21,1127.9056396484375,1146.3656005859375,1125.59814453125,1138.7047119140625,1122.6966552734375,11999466,RELIANCE.NS
2022-03-22,1135.335693359375,1169.8790283203125,1132.3360595703125,1168.1253662109375,1151.7037353515625,22557065,RELIANCE.NS
2022-03-23,1164.3641357421875,1183.6778564453125,1164.3641357421875,1171.84033203125,1155.366455078125,15462187,RELIANCE.NS
2022-03-24,1158.3646240234375,1192.5848388671875,1158.3646240234375,1190.0465087890625,1173.3167724609375,13168266,RELIANCE.NS
2022-03-25,1191.8233642578125,1207.2835693359375,1189.2850341796875,1197.984375,1181.1429443359375,14222488,RELIANCE.NS
2022-03-28,1204.5145263671875,1213.629150390625,1193.6693115234375,1210.029541015625,1193.018798828125,9891424,RELIANCE.NS
2022-03-29,1217.4365234375,1217.4365234375,1203.314697265625,1210.306396484375,1193.2918701171875,8684065,RELIANCE.NS
2022-03-30,1218.3134765625,1240.5115966796875,1207.791259765625,1233.5660400390625,1216.2244873046875,15811550,RELIANCE.NS
2022-03-31,1229.8740234375,1232.066162109375,1213.0985107421875,1215.9366455078125,1198.8428955078125,13223718,RELIANCE.NS
2022-04-01,1216.5135498046875,1229.96630859375,1210.0526123046875,1225.67431640625,1208.443603515625,7922880,RELIANCE.NS
2022-04-04,1225.48974609375,1234.5120849609375,1219.12109375,1229.297119140625,1212.015625,7929162,RELIANCE.NS
2022-04-05,1223.482177734375,1232.158447265625,1209.45263671875,1211.921630859375,1194.88427734375,13149870,RELIANCE.NS
2022-04-06,1193.9462890625,1215.8212890625,1193.9462890625,1208.691162109375,1191.6993408203125,12257215,RELIANCE.NS
2022-04-07,1197.63818359375,1202.6685791015625,1184.6700439453125,1187.369873046875,1170.6776123046875,15496499,RELIANCE.NS
2022-04-08,1181.4395751953125,1211.4371337890625,1181.4395751953125,1207.1220703125,1190.1522216796875,15152495,RELIANCE.NS
2022-04-11,1199.8995361328125,1217.6904296875,1192.0540771484375,1204.60693359375,1187.6724853515625,9254209,RELIANCE.NS
2022-04-12,1193.9000244140625,1201.0994873046875,1179.316650390625,1181.9241943359375,1165.30859375,13217742,RELIANCE.NS
2022-04-13,1188.13134765625,1196.4844970703125,1174.747802734375,1177.5860595703125,1161.0313720703125,10354235,RELIANCE.NS
2022-04-18,1168.9791259765625,1181.3472900390625,1163.810302734375,1173.986328125,1157.4822998046875,9974224,RELIANCE.NS
2022-04-19,1180.5166015625,1231.2816162109375,1177.3092041015625,1218.728759765625,1201.595703125,26141820,RELIANCE.NS
2022-04-20,1226.251220703125,1261.7406005859375,1222.5592041015625,1254.564208984375,1236.9273681640625,25072240,RELIANCE.NS
2022-04-21,1269.5399169921875,1287.123046875,1260.8175048828125,1283.938720703125,1265.8890380859375,21708633,RELIANCE.NS
2022-04-22,1273.23193359375,1293.12255859375,1266.4478759765625,1273.185791015625,1255.287353515625,15054154,RELIANCE.NS
2022-04-25,1265.6171875,1273.0010986328125,1229.2740478515625,1243.7420654296875,1226.2574462890625,17063215,RELIANCE.NS
2022-04-26,1250.66455078125,1289.89208984375,1249.6031494140625,1280.9620361328125,1262.9541015625,12227666,RELIANCE.NS
2022-04-27,1271.8243408203125,1305.12158203125,1271.455078125,1282.2081298828125,1264.1827392578125,19338945,RELIANCE.NS
2022-04-28,1296.79150390625,1315.736083984375,1285.78466796875,1301.3603515625,1283.0655517578125,25614076,RELIANCE.NS
2022-04-29,1318.11279296875,1318.11279296875,1281.7235107421875,1287.699951171875,1269.597412109375,18214862,RELIANCE.NS
2022-05-02,1274.66259765625,1294.73779296875,1272.839599609375,1283.17724609375,1265.1383056640625,9467006,RELIANCE.NS
2022-05-04,1285.277099609375,1287.5845947265625,1235.112060546875,1243.1190185546875,1225.64306640625,19247660,RELIANCE.NS
2022-05-05,1256.894775390625,1259.89453125,1214.6676025390625,1218.77490234375,1201.6412353515625,17210669,RELIANCE.NS
2022-05-06,1205.5299072265625,1227.1280517578125,1196.9228515625,1209.4295654296875,1192.42724609375,19649948,RELIANCE.NS
2022-05-09,1188.3389892578125,1198.561279296875,1156.9801025390625,1162.195068359375,1145.8568115234375,18083752,RELIANCE.NS
2022-05-10,1151.442138671875,1166.0255126953125,1134.3665771484375,1142.050537109375,1125.9954833984375,19511677,RELIANCE.NS
2022-05-11,1141.1275634765625,1146.8040771484375,1117.7294921875,1130.3515625,1114.4609375,16643899,RELIANCE.NS
2022-05-12,1120.2908935546875,1123.682861328125,1093.754638671875,1107.32275390625,1091.755859375,20490321,RELIANCE.NS
2022-05-13,1119.5986328125,1143.5965576171875,1114.68359375,1119.87548828125,1104.1322021484375,19308778,RELIANCE.NS
2022-05-16,1123.498291015625,1144.9810791015625,1115.2835693359375,1120.1524658203125,1104.4053955078125,13437911,RELIANCE.NS
2022-05-17,1123.7982177734375,1172.1634521484375,1122.3675537109375,1167.2022705078125,1150.793701171875,16551828,RELIANCE.NS
2022-05-18,1172.048095703125,1186.0545654296875,1157.5570068359375,1171.4481201171875,1154.979736328125,17276788,RELIANCE.NS
2022-05-19,1146.3656005859375,1159.518310546875,1138.0816650390625,1144.4503173828125,1128.361572265625,14699118,RELIANCE.NS
2022-05-20,1159.518310546875,1220.39013671875,1154.672607421875,1211.1832275390625,1194.15625,21793091,RELIANCE.NS
2022-05-23,1214.436767578125,1224.6129150390625,1196.6690673828125,1203.083984375,1186.1708984375,15252755,RELIANCE.NS
2022-05-24,1203.130126953125,1217.4365234375,1198.838134765625,1207.21435546875,1190.2431640625,13527818,RELIANCE.NS
2022-05-25,1216.0521240234375,1226.066650390625,1200.591796875,1205.4376220703125,1188.491455078125,12714544,RELIANCE.NS
2022-05-26,1211.16015625,1216.0059814453125,1175.901611328125,1193.9462890625,1177.16162109375,17882023,RELIANCE.NS
2022-05-27,1196.692138671875,1202.2762451171875,1172.2557373046875,1188.408203125,1171.701416015625,16521973,RELIANCE.NS
2022-05-30,1206.822021484375,1234.050537109375,1197.222900390625,1229.8048095703125,1212.5159912109375,13853398,RELIANCE.NS
2022-05-31,1219.005615234375,1236.2657470703125,1207.1451416015625,1214.967529296875,1197.8875732421875,70620653,RELIANCE.NS
2022-06-01,1215.72900390625,1225.3743896484375,1207.3758544921875,1215.35986328125,1198.274169921875,9776989,RELIANCE.NS
2022-06-02,1215.590576171875,1261.0252685546875,1215.590576171875,1257.2640380859375,1239.5892333984375,22126569,RELIANCE.NS
2022-06-03,1266.3555908203125,1300.20654296875,1265.4324951171875,1282.73876953125,1264.7059326171875,23939791,RELIANCE.NS
2022-06-06,1282.9696044921875,1298.6605224609375,1269.9552001953125,1277.223876953125,1259.2685546875,11093152,RELIANCE.NS
2022-06-07,1278.308349609375,1288.0921630859375,1270.0706787109375,1279.6236572265625,1261.6346435546875,12358255,RELIANCE.NS
2022-06-08,1279.6236572265625,1283.4310302734375,1253.572021484375,1257.148681640625,1239.4754638671875,12479250,RELIANCE.NS
2022-06-09,1250.66455078125,1293.583984375,1250.66455078125,1291.6226806640625,1273.4649658203125,17278305,RELIANCE.NS
2022-06-10,1279.2314453125,1287.5384521484375,1246.7418212890625,1252.6259765625,1235.0164794921875,18093057,RELIANCE.NS
2022-06-13,1222.974609375,1233.4967041015625,1207.4219970703125,1228.9278564453125,1211.6514892578125,17620803,RELIANCE.NS
2022-06-14,1222.9976806640625,1233.058349609375,1206.106689453125,1212.86767578125,1195.8170166015625,14714312,RELIANCE.NS
2022-06-15,1207.9989013671875,1217.113525390625,1192.7001953125,1198.1920166015625,1181.3475341796875,11195535,RELIANCE.NS
2022-06-16,1210.5140380859375,1227.151123046875,1178.6705322265625,1181.4395751953125,1164.830810546875,17111475,RELIANCE.NS
2022-06-17,1181.4395751953125,1211.3677978515625,1179.6397705078125,1195.2845458984375,1178.4810791015625,24457187,RELIANCE.NS
2022-06-20,1202.20703125,1207.791259765625,1163.4871826171875,1173.6171875,1157.1182861328125,12066797,RELIANCE.NS
2022-06-21,1181.4395751953125,1196.8536376953125,1166.81005859375,1192.561767578125,1175.796630859375,11720049,RELIANCE.NS
2022-06-22,1180.562744140625,1180.655029296875,1154.2110595703125,1156.333984375,1140.0782470703125,10617206,RELIANCE.NS
2022-06-23,1160.6951904296875,1165.287109375,1128.3670654296875,1137.573974609375,1121.581787109375,19446323,RELIANCE.NS
2022-06-24,1144.5196533203125,1158.8260498046875,1138.9815673828125,1153.772705078125,1137.5528564453125,14240234,RELIANCE.NS
2022-06-27,1174.4940185546875,1174.4940185546875,1145.23486328125,1150.3575439453125,1134.1856689453125,15474529,RELIANCE.NS
2022-06-28,1145.48876953125,1169.41748046875,1145.48876953125,1166.5330810546875,1150.1337890625,13572847,RELIANCE.NS
2022-06-29,1157.0723876953125,1198.51513671875,1154.2110595703125,1190.73876953125,1173.999267578125,19205146,RELIANCE.NS
2022-06-30,1190.6695556640625,1207.2374267578125,1184.2086181640625,1197.89208984375,1181.052001953125,23112959,RELIANCE.NS
2022-07-01,1188.31591796875,1196.20751953125,1091.4471435546875,1111.6146240234375,1095.9874267578125,81997149,RELIANCE.NS
2022-07-04,1097.885009765625,1126.9825439453125,1091.9547119140625,1113.922119140625,1098.262451171875,41857728,RELIANCE.NS
2022-07-05,1118.214111328125,1137.5509033203125,1115.4912109375,1122.9444580078125,1107.1580810546875,17647327,RELIANCE.NS
2022-07-06,1116.875732421875,1126.95947265625,1102.0616455078125,1113.068359375,1097.420654296875,23943726,RELIANCE.NS
2022-07-07,1119.552490234375,1122.9444580078125,1096.0621337890625,1102.1077880859375,1086.6142578125,23301033,RELIANCE.NS
2022-07-08,1115.9066162109375,1115.9066162109375,1099.54638671875,1103.6307373046875,1088.1158447265625,19010108,RELIANCE.NS
2022-07-11,1096.75439453125,1120.8907470703125,1093.754638671875,1118.6295166015625,1102.9036865234375,13847467,RELIANCE.NS
2022-07-12,1109.445556640625,1125.921142578125,1109.445556640625,1117.0372314453125,1101.333740234375,10778989,RELIANCE.NS
2022-07-13,1120.1986083984375,1123.2906494140625,1095.13916015625,1097.2388916015625,1081.8138427734375,14224132,RELIANCE.NS
2022-07-14,1102.0616455078125,1123.267578125,1096.9620361328125,1106.2843017578125,1090.7320556640625,16970315,RELIANCE.NS
2022-07-15,1114.5220947265625,1114.5220947265625,1099.80029296875,1108.4302978515625,1092.8480224609375,9603210,RELIANCE.NS
2022-07-18,1117.2911376953125,1119.1370849609375,1104.0460205078125,1117.8680419921875,1102.15283203125,15160908,RELIANCE.NS
2022-07-19,1107.738037109375,1129.2901611328125,1107.738037109375,1124.7213134765625,1108.909912109375,16439888,RELIANCE.NS
2022-07-20,1172.2095947265625,1173.36328125,1147.4039306640625,1155.134033203125,1138.8951416015625,23924246,RELIANCE.NS
2022-07-21,1150.9805908203125,1153.7496337890625,1138.6585693359375,1147.427001953125,1131.2962646484375,16523230,RELIANCE.NS
2022-07-22,1153.7496337890625,1161.2720947265625,1151.442138671875,1155.1802978515625,1138.9405517578125,10969995,RELIANCE.NS
2022-07-25,1138.727783203125,1138.727783203125,1108.984130859375,1117.01416015625,1101.3111572265625,23110452,RELIANCE.NS
2022-07-26,1117.3372802734375,1127.8594970703125,1112.837646484375,1117.5218505859375,1101.8115234375,11303288,RELIANCE.NS
2022-07-27,1116.8065185546875,1120.06005859375,1108.5225830078125,1116.46044921875,1100.76513671875,8655086,RELIANCE.NS
2022-07-28,1124.213623046875,1138.95849609375,1117.2911376953125,1133.9512939453125,1118.0101318359375,12496073,RELIANCE.NS
2022-07-29,1142.0736083984375,1161.6412353515625,1137.1356201171875,1158.1107177734375,1141.8299560546875,15130683,RELIANCE.NS
2022-08-01,1162.5872802734375,1194.2462158203125,1157.2569580078125,1188.2928466796875,1171.5877685546875,15700044,RELIANCE.NS
2022-08-02,1187.2083740234375,1203.499267578125,1182.1549072265625,1192.8155517578125,1176.046875,13917913,RELIANCE.NS
2022-08-03,1199.8995361328125,1204.5145263671875,1184.8778076171875,1202.830078125,1185.9205322265625,14250977,RELIANCE.NS
2022-08-04,1204.5145263671875,1208.0911865234375,1169.902099609375,1186.931396484375,1170.245361328125,14467127,RELIANCE.NS
2022-08-05,1188.8236083984375,1190.11572265625,1166.18701171875,1169.4405517578125,1153.0003662109375,13942438,RELIANCE.NS
2022-08-08,1168.0560302734375,1192.307861328125,1168.0560302734375,1184.7392578125,1168.0841064453125,10165178,RELIANCE.NS
2022-08-10,1189.2388916015625,1195.2384033203125,1180.078125,1191.8233642578125,1175.068603515625,10724688,RELIANCE.NS
2022-08-11,1201.3302001953125,1204.4683837890625,1190.7618408203125,1195.792236328125,1178.981689453125,8198226,RELIANCE.NS
2022-08-12,1195.4229736328125,1218.9825439453125,1191.6849365234375,1215.1290283203125,1198.046630859375,12650587,RELIANCE.NS
2022-08-16,1221.2208251953125,1226.343505859375,1212.49853515625,1223.574462890625,1206.373291015625,6607378,RELIANCE.NS
2022-08-17,1229.8970947265625,1235.388916015625,1225.535888671875,1229.96630859375,1212.67529296875,6595965,RELIANCE.NS
2022-08-18,1227.589599609375,1231.7430419921875,1218.451904296875,1228.1895751953125,1214.87451171875,7410035,RELIANCE.NS
2022-08-19,1222.974609375,1228.3741455078125,1202.1839599609375,1206.2913818359375,1193.2137451171875,9460724,RELIANCE.NS
2022-08-22,1207.7451171875,1214.344482421875,1193.4385986328125,1202.9454345703125,1189.904052734375,9471680,RELIANCE.NS
2022-08-23,1197.130615234375,1224.451416015625,1195.9075927734375,1221.497802734375,1208.2552490234375,9678484,RELIANCE.NS
2022-08-24,1218.40576171875,1232.20458984375,1216.213623046875,1218.244140625,1205.0369873046875,10369622,RELIANCE.NS
2022-08-25,1222.489990234375,1228.9278564453125,1210.3294677734375,1214.690673828125,1201.52197265625,7871946,RELIANCE.NS
2022-08-26,1215.1290283203125,1222.974609375,1203.130126953125,1208.20654296875,1195.108154296875,10742038,RELIANCE.NS
2022-08-29,1192.97705078125,1225.2821044921875,1189.7696533203125,1198.8150634765625,1185.8184814453125,19838975,RELIANCE.NS
2022-08-30,1206.360595703125,1220.782470703125,1189.1004638671875,1217.4134521484375,1204.2152099609375,23139054,RELIANCE.NS
2022-09-01,1191.892578125,1202.1839599609375,1177.1475830078125,1181.6241455078125,1168.8138427734375,19909939,RELIANCE.NS
2022-09-02,1181.6241455078125,1188.5235595703125,1165.610107421875,1167.8253173828125,1155.1646728515625,12999345,RELIANCE.NS
2022-09-05,1168.0560302734375,1191.36181640625,1168.0560302734375,1185.9622802734375,1173.1051025390625,11327815,RELIANCE.NS
2022-09-06,1187.4390869140625,1202.6685791015625,1186.9775390625,1198.44580078125,1185.453125,10899618,RELIANCE.NS
2022-09-07,1188.362060546875,1197.5458984375,1186.0545654296875,1191.4771728515625,1178.56005859375,7488501,RELIANCE.NS
2022-09-08,1194.4769287109375,1198.9765625,1186.51611328125,1193.16162109375,1180.226318359375,7057077,RELIANCE.NS
2022-09-09,1204.5145263671875,1204.5145263671875,1183.2855224609375,1185.7315673828125,1172.8768310546875,8314850,RELIANCE.NS
2022-09-12,1186.308349609375,1205.4376220703125,1186.308349609375,1198.9996337890625,1186.0009765625,7435419,RELIANCE.NS
2022-09-13,1208.20654296875,1213.6060791015625,1200.361083984375,1209.01416015625,1195.9071044921875,8888657,RELIANCE.NS
2022-09-14,1188.362060546875,1204.5145263671875,1187.32373046875,1194.5230712890625,1181.572998046875,8678219,RELIANCE.NS
2022-09-15,1192.0540771484375,1201.537841796875,1179.939697265625,1182.6856689453125,1169.864013671875,10365600,RELIANCE.NS
2022-09-16,1173.940185546875,1178.2091064453125,1149.5960693359375,1153.38037109375,1140.8763427734375,20217708,RELIANCE.NS
2022-09-19,1153.38037109375,1164.2255859375,1145.142578125,1154.8802490234375,1142.35986328125,7580254,RELIANCE.NS
2022-09-20,1164.1102294921875,1171.148193359375,1151.3035888671875,1155.0648193359375,1142.54248046875,8411448,RELIANCE.NS
2022-09-21,1152.249755859375,1168.9791259765625,1151.442138671875,1158.249267578125,1145.6925048828125,9207309,RELIANCE.NS
2022-09-22,1147.28857421875,1155.134033203125,1140.873779296875,1147.334716796875,1134.896240234375,10308170,RELIANCE.NS
2022-09-23,1146.8271484375,1151.8804931640625,1124.259765625,1125.828857421875,1113.62353515625,9528051,RELIANCE.NS
2022-09-26,1104.8536376953125,1115.8143310546875,1096.13134765625,1097.1466064453125,1085.252197265625,12479523,RELIANCE.NS
2022-09-27,1104.83056640625,1119.5986328125,1089.185791015625,1105.8690185546875,1093.8800048828125,16154822,RELIANCE.NS
2022-09-28,1089.3011474609375,1097.4466552734375,1073.956298828125,1076.42529296875,1064.755615234375,16997059,RELIANCE.NS
2022-09-29,1089.1396484375,1092.600830078125,1067.4490966796875,1073.1256103515625,1061.49169921875,14671827,RELIANCE.NS
2022-09-30,1066.526123046875,1108.5225830078125,1066.526123046875,1097.331298828125,1085.434814453125,18613024,RELIANCE.NS
2022-10-03,1103.6768798828125,1115.4219970703125,1090.524169921875,1093.52392578125,1081.6688232421875,11852723,RELIANCE.NS
2022-10-04,1106.5843505859375,1115.9066162109375,1103.0538330078125,1113.69140625,1101.6175537109375,8948850,RELIANCE.NS
2022-10-06,1120.983154296875,1130.674560546875,1115.975830078125,1117.7987060546875,1105.6802978515625,13352162,RELIANCE.NS
2022-10-07,1114.360595703125,1127.8594970703125,1114.360595703125,1122.5291748046875,1110.359619140625,7714340,RELIANCE.NS
2022-10-10,1109.9071044921875,1115.7220458984375,1102.0616455078125,1110.2763671875,1098.2396240234375,6329527,RELIANCE.NS
2022-10-11,1114.060546875,1114.060546875,1085.0322265625,1088.17041015625,1076.373291015625,9215177,RELIANCE.NS
2022-10-12,1085.4476318359375,1099.1541748046875,1081.3402099609375,1096.177490234375,1084.2935791015625,7417103,RELIANCE.NS
2022-10-13,1094.4007568359375,1104.83056640625,1089.185791015625,1099.661865234375,1087.7401123046875,7328492,RELIANCE.NS
2022-10-14,1114.5220947265625,1115.1451416015625,1093.3392333984375,1094.07763671875,1082.216552734375,9106089,RELIANCE.NS
2022-10-17,1086.8321533203125,1114.060546875,1081.571044921875,1111.6376953125,1099.586181640625,16729355,RELIANCE.NS
2022-10-18,1117.7525634765625,1136.674072265625,1116.8988037109375,1131.25146484375,1118.9873046875,12415820,RELIANCE.NS
2022-10-19,1132.7513427734375,1166.6024169921875,1126.8441162109375,1150.9344482421875,1138.4569091796875,19247142,RELIANCE.NS
2022-10-20,1146.8271484375,1162.51806640625,1146.8271484375,1154.0264892578125,1141.5155029296875,8717053,RELIANCE.NS
2022-10-21,1157.3031005859375,1161.5028076171875,1138.5201416015625,1140.6429443359375,1128.2769775390625,8243452,RELIANCE.NS
2022-10-24,1135.28955078125,1154.9033203125,1133.12060546875,1144.4503173828125,1132.0430908203125,3370033,RELIANCE.NS
2022-10-25,1153.2880859375,1153.2880859375,1125.1365966796875,1126.77490234375,1114.559326171875,12233241,RELIANCE.NS
2022-10-27,1134.3665771484375,1139.1893310546875,1122.73681640625,1131.205322265625,1118.9415283203125,12513059,RELIANCE.NS
2022-10-28,1137.5970458984375,1169.902099609375,1135.0357666015625,1165.81787109375,1153.178955078125,17609592,RELIANCE.NS
2022-10-31,1172.671142578125,1181.8780517578125,1168.60986328125,1176.6400146484375,1163.8837890625,12419943,RELIANCE.NS
2022-11-01,1199.8995361328125,1199.8995361328125,1157.441650390625,1167.525390625,1154.8680419921875,13963166,RELIANCE.NS
2022-11-02,1168.656005859375,1176.9168701171875,1160.672119140625,1174.8170166015625,1162.08056640625,8981896,RELIANCE.NS
2022-11-03,1167.525390625,1181.23193359375,1165.3101806640625,1179.2012939453125,1166.417236328125,6693449,RELIANCE.NS
2022-11-04,1178.6243896484375,1199.8995361328125,1177.332275390625,1196.5537109375,1183.5816650390625,12575815,RELIANCE.NS
2022-11-07,1195.74609375,1204.653076171875,1187.900634765625,1202.9454345703125,1189.904052734375,11789748,RELIANCE.NS
2022-11-09,1204.653076171875,1210.029541015625,1195.3076171875,1201.74560546875,1188.7171630859375,11254205,RELIANCE.NS
2022-11-10,1195.2845458984375,1198.307373046875,1182.8240966796875,1187.2083740234375,1174.3375244140625,5966242,RELIANCE.NS
2022-11-11,1199.8995361328125,1216.5135498046875,1194.361572265625,1214.5753173828125,1201.407958984375,12310132,RELIANCE.NS
2022-11-14,1214.0906982421875,1219.2825927734375,1202.2762451171875,1208.691162109375,1195.58740234375,9043112,RELIANCE.NS
2022-11-15,1210.1910400390625,1212.0831298828125,1195.2845458984375,1203.2685546875,1190.2237548828125,7086433,RELIANCE.NS
2022-11-16,1204.5145263671875,1207.260498046875,1191.2926025390625,1196.369140625,1183.3990478515625,9716161,RELIANCE.NS
2022-11-17,1192.9539794921875,1205.8990478515625,1190.6695556640625,1199.461181640625,1186.45751953125,6661451,RELIANCE.NS
2022-11-18,1203.0146484375,1204.0531005859375,1186.562255859375,1198.8150634765625,1185.8184814453125,5303197,RELIANCE.NS
2022-11-21,1194.361572265625,1194.361572265625,1173.6402587890625,1177.239990234375,1164.4771728515625,6390268,RELIANCE.NS
2022-11-22,1174.51708984375,1185.3623046875,1170.5943603515625,1183.7701416015625,1170.9366455078125,6611488,RELIANCE.NS
2022-11-23,1188.362060546875,1189.700439453125,1177.8629150390625,1180.078125,1167.28466796875,6413408,RELIANCE.NS
2022-11-24,1184.2086181640625,1197.130615234375,1175.993896484375,1190.2542724609375,1177.3504638671875,9389439,RELIANCE.NS
2022-11-25,1194.8231201171875,1211.390869140625,1191.638671875,1208.02197265625,1194.925537109375,7349922,RELIANCE.NS
2022-11-28,1204.0069580078125,1255.76416015625,1154.672607421875,1249.533935546875,1235.9874267578125,31527484,RELIANCE.NS
2022-11-29,1247.8724365234375,1260.656005859375,1243.280517578125,1251.6798095703125,1238.1099853515625,11058913,RELIANCE.NS
2022-11-30,1251.818359375,1267.0247802734375,1245.2188720703125,1260.517578125,1246.8519287109375,26164986,RELIANCE.NS
2022-12-01,1265.3402099609375,1271.4320068359375,1253.43359375,1256.802490234375,1243.1771240234375,9485801,RELIANCE.NS
2022-12-02,1259.89453125,1268.2015380859375,1246.326416015625,1256.271728515625,1242.6522216796875,11589592,RELIANCE.NS
2022-12-05,1251.5875244140625,1253.7796630859375,1235.8966064453125,1237.9501953125,1224.5294189453125,14828536,RELIANCE.NS
2022-12-06,1229.9432373046875,1244.6650390625,1228.051025390625,1241.52685546875,1228.067138671875,8594245,RELIANCE.NS
2022-12-07,1239.1270751953125,1243.7420654296875,1219.351806640625,1223.205322265625,1209.9442138671875,8462111,RELIANCE.NS
2022-12-08,1227.589599609375,1229.8970947265625,1218.40576171875,1222.62841796875,1209.3736572265625,7757008,RELIANCE.NS
2022-12-09,1221.1285400390625,1227.589599609375,1200.7532958984375,1204.0992431640625,1191.04541015625,12655763,RELIANCE.NS
2022-12-12,1193.2078857421875,1210.5140380859375,1192.97705078125,1205.9451904296875,1192.871337890625,9479842,RELIANCE.NS
2022-12-13,1205.9451904296875,1215.1290283203125,1202.9915771484375,1211.4371337890625,1198.3037109375,8333348,RELIANCE.NS
2022-12-14,1217.2750244140625,1217.875,1204.97607421875,1207.0528564453125,1193.967041015625,7268947,RELIANCE.NS
2022-12-15,1201.0533447265625,1206.822021484375,1186.51611328125,1189.9080810546875,1177.0079345703125,8688551,RELIANCE.NS
2022-12-16,1186.51611328125,1208.5758056640625,1180.5858154296875,1184.02392578125,1171.1876220703125,15837349,RELIANCE.NS
2022-12-19,1191.131103515625,1201.74560546875,1184.5316162109375,1199.5765380859375,1186.5716552734375,7729933,RELIANCE.NS
2022-12-20,1192.469482421875,1211.8985595703125,1184.2086181640625,1209.9603271484375,1196.8428955078125,7467588,RELIANCE.NS
2022-12-21,1209.591064453125,1215.1290283203125,1188.8697509765625,1192.746337890625,1179.8155517578125,8527550,RELIANCE.NS
2022-12-22,1198.9765625,1202.0455322265625,1184.5546875,1189.654296875,1176.757080078125,7451122,RELIANCE.NS
2022-12-23,1182.9625244140625,1195.515380859375,1150.1729736328125,1154.764892578125,1142.2459716796875,10257115,RELIANCE.NS
2022-12-26,1160.5567626953125,1173.132568359375,1150.2421875,1164.8486328125,1152.22021484375,5990242,RELIANCE.NS
2022-12-27,1167.5946044921875,1176.270751953125,1160.7874755859375,1174.378662109375,1161.6468505859375,5763271,RELIANCE.NS
2022-12-28,1171.28662109375,1176.7322998046875,1163.671875,1174.2633056640625,1161.5328369140625,7459393,RELIANCE.NS
2022-12-29,1166.2100830078125,1176.31689453125,1165.517822265625,1173.7325439453125,1161.0079345703125,6930648,RELIANCE.NS
2022-12-30,1174.563232421875,1189.2850341796875,1172.71728515625,1175.5323486328125,1162.7880859375,7289476,RELIANCE.NS
2023-01-02,1176.8245849609375,1190.2081298828125,1175.993896484375,1188.7774658203125,1175.8896484375,5316175,RELIANCE.NS
2023-01-03,1183.7701416015625,1187.4390869140625,1175.809326171875,1180.078125,1167.28466796875,7658932,RELIANCE.NS
2023-01-04,1180.0550537109375,1181.9241943359375,1160.2105712890625,1162.3104248046875,1149.7095947265625,9264891,RELIANCE.NS
2023-01-05,1164.5948486328125,1170.5482177734375,1155.5955810546875,1160.233642578125,1147.6552734375,13637099,RELIANCE.NS
2023-01-06,1166.048583984375,1175.8785400390625,1162.195068359375,1170.7789306640625,1158.0863037109375,6349597,RELIANCE.NS
2023-01-09,1174.655517578125,1200.8226318359375,1173.755615234375,1198.4227294921875,1185.430419921875,10722753,RELIANCE.NS
2023-01-10,1202.6685791015625,1202.6685791015625,1174.9786376953125,1180.701171875,1167.90087890625,8047142,RELIANCE.NS
2023-01-11,1177.9783935546875,1180.5166015625,1163.4871826171875,1165.81787109375,1153.178955078125,11509553,RELIANCE.NS
2023-01-12,1165.2178955078125,1168.748291015625,1137.5970458984375,1140.6429443359375,1128.2769775390625,17688773,RELIANCE.NS
2023-01-13,1134.5511474609375,1141.242919921875,1123.5675048828125,1138.7969970703125,1126.4510498046875,20618583,RELIANCE.NS
2023-01-16,1141.150634765625,1144.3580322265625,1120.06005859375,1127.9517822265625,1115.723388671875,13623855,RELIANCE.NS
2023-01-17,1134.3665771484375,1145.904052734375,1130.9515380859375,1143.9658203125,1131.56396484375,10751000,RELIANCE.NS
2023-01-18,1141.5198974609375,1149.6422119140625,1135.451171875,1142.0736083984375,1129.692138671875,13448286,RELIANCE.NS
2023-01-19,1141.242919921875,1145.05029296875,1133.7435302734375,1140.8507080078125,1128.482421875,11940054,RELIANCE.NS
2023-01-20,1142.2120361328125,1142.2120361328125,1124.79052734375,1127.2825927734375,1115.0614013671875,14930286,RELIANCE.NS
2023-01-23,1130.213134765625,1138.15087890625,1119.1370849609375,1121.5830078125,1109.4237060546875,10954118,RELIANCE.NS
2023-01-24,1126.0595703125,1127.7440185546875,1101.7615966796875,1114.9605712890625,1102.873046875,16488755,RELIANCE.NS
2023-01-25,1113.3453369140625,1114.3836669921875,1098.36962890625,1099.54638671875,1087.6259765625,12385018,RELIANCE.NS
2023-01-27,1100.4002685546875,1101.7615966796875,1066.8260498046875,1078.6866455078125,1066.992431640625,25830975,RELIANCE.NS
2023-01-30,1076.0792236328125,1094.6314697265625,1061.9111328125,1089.0242919921875,1077.218017578125,21772103,RELIANCE.NS
2023-01-31,1099.2926025390625,1101.900146484375,1080.37109375,1086.3013916015625,1074.5245361328125,22691594,RELIANCE.NS
2023-02-01,1098.3465576171875,1098.3465576171875,1063.757080078125,1079.863525390625,1068.156494140625,19347800,RELIANCE.NS
2023-02-02,1069.756591796875,1083.6015625,1066.526123046875,1073.8870849609375,1062.244873046875,13662663,RELIANCE.NS
2023-02-03,1084.0631103515625,1084.0631103515625,1058.2191162109375,1074.8331298828125,1063.1805419921875,24699575,RELIANCE.NS
2023-02-06,1068.3720703125,1071.14111328125,1064.1263427734375,1066.7337646484375,1055.1690673828125,14837879,RELIANCE.NS
2023-02-07,1066.9876708984375,1074.0947265625,1058.2191162109375,1064.1724853515625,1052.6356201171875,15135435,RELIANCE.NS
2023-02-08,1067.4490966796875,1089.093505859375,1064.68017578125,1085.424560546875,1073.6572265625,21160332,RELIANCE.NS
2023-02-09,1086.1168212890625,1094.1468505859375,1077.140625,1087.316650390625,1075.5289306640625,13172763,RELIANCE.NS
2023-02-10,1086.7860107421875,1086.7860107421875,1071.279541015625,1078.3636474609375,1066.6728515625,10790445,RELIANCE.NS
2023-02-13,1080.001953125,1084.524658203125,1067.7030029296875,1072.2257080078125,1060.6014404296875,10352493,RELIANCE.NS
2023-02-14,1075.2716064453125,1099.2464599609375,1072.3641357421875,1097.4927978515625,1085.5947265625,14321920,RELIANCE.NS
2023-02-15,1096.5235595703125,1124.7674560546875,1095.13916015625,1122.344482421875,1110.1768798828125,33503591,RELIANCE.NS
2023-02-16,1130.4207763671875,1137.0433349609375,1119.16015625,1121.4676513671875,1109.3095703125,17264487,RELIANCE.NS
2023-02-17,1116.82958984375,1129.5208740234375,1112.491455078125,1126.15185546875,1113.9429931640625,11809520,RELIANCE.NS
2023-02-20,1128.3670654296875,1130.5592041015625,1112.2607421875,1114.2452392578125,1102.16552734375,8836937,RELIANCE.NS
2023-02-21,1118.6756591796875,1129.19775390625,1113.299072265625,1123.3367919921875,1111.158447265625,13311592,RELIANCE.NS
2023-02-22,1119.5755615234375,1121.444580078125,1096.085205078125,1097.8619384765625,1085.959716796875,11024335,RELIANCE.NS
2023-02-23,1097.4466552734375,1105.1767578125,1089.7626953125,1092.600830078125,1080.755615234375,9851910,RELIANCE.NS
2023-02-24,1094.6776123046875,1105.8228759765625,1092.8316650390625,1100.0771484375,1088.1510009765625,9434053,RELIANCE.NS
2023-02-27,1099.2926025390625,1102.8231201171875,1085.3092041015625,1092.7623291015625,1080.91552734375,11199715,RELIANCE.NS
2023-02-28,1087.3397216796875,1092.3701171875,1067.7491455078125,1071.8564453125,1060.2362060546875,21994038,RELIANCE.NS
2023-03-01,1081.755615234375,1082.4478759765625,1072.179443359375,1081.70947265625,1069.982421875,11551145,RELIANCE.NS
2023-03-02,1078.525146484375,1085.2861328125,1071.41796875,1073.4716796875,1061.833984375,9333535,RELIANCE.NS
2023-03-03,1084.13232421875,1104.5767822265625,1080.625,1100.8616943359375,1088.927001953125,14643807,RELIANCE.NS
2023-03-06,1107.599609375,1118.9525146484375,1107.599609375,1111.6146240234375,1099.5633544921875,10171916,RELIANCE.NS
2023-03-08,1111.6146240234375,1116.3681640625,1100.6771240234375,1115.606689453125,1103.5120849609375,15782657,RELIANCE.NS
2023-03-09,1114.983642578125,1115.39892578125,1086.8782958984375,1088.79345703125,1076.98974609375,16235128,RELIANCE.NS
2023-03-10,1080.6019287109375,1081.755615234375,1068.3951416015625,1071.9256591796875,1060.3046875,13334091,RELIANCE.NS
2023-03-13,1074.8331298828125,1081.755615234375,1049.912109375,1054.29638671875,1042.8665771484375,12771592,RELIANCE.NS
2023-03-14,1052.2196044921875,1063.7340087890625,1047.166259765625,1050.3505859375,1038.9635009765625,16027522,RELIANCE.NS
2023-03-15,1054.11181640625,1060.6650390625,1027.9447021484375,1032.398193359375,1021.2056884765625,21728555,RELIANCE.NS
2023-03-16,1035.1441650390625,1040.2205810546875,1016.31494140625,1027.25244140625,1016.1157836914062,18363159,RELIANCE.NS
2023-03-17,1035.9517822265625,1039.2745361328125,1021.1607055664062,1025.9603271484375,1014.837646484375,34014213,RELIANCE.NS
2023-03-20,1022.22216796875,1024.5296630859375,1006.0696411132812,1015.8765258789062,1004.8632202148438,19524589,RELIANCE.NS
2023-03-21,1024.0450439453125,1049.45068359375,1023.1451416015625,1047.4661865234375,1036.1102294921875,21400360,RELIANCE.NS
2023-03-22,1054.527099609375,1057.5037841796875,1047.6046142578125,1050.6505126953125,1039.26025390625,10920094,RELIANCE.NS
2023-03-23,1046.681640625,1047.5584716796875,1035.167236328125,1037.359375,1026.1131591796875,16249370,RELIANCE.NS
2023-03-24,1036.1824951171875,1038.3746337890625,1014.3766479492188,1016.8225708007812,1005.7989501953125,12375945,RELIANCE.NS
2023-03-27,1023.3759155273438,1040.2205810546875,1015.3919677734375,1032.62890625,1021.4340209960938,14054323,RELIANCE.NS
2023-03-28,1036.067138671875,1041.3743896484375,1032.3751220703125,1037.45166015625,1026.2044677734375,12576424,RELIANCE.NS
2023-03-29,1033.298095703125,1035.974853515625,1020.4223022460938,1031.313720703125,1020.133056640625,18804065,RELIANCE.NS
2023-03-31,1040.68212890625,1081.5018310546875,1040.543701171875,1075.7791748046875,1064.116455078125,28171201,RELIANCE.NS
2023-04-03,1082.2171630859375,1084.0631103515625,1068.3720703125,1075.9637451171875,1064.299072265625,10293043,RELIANCE.NS
2023-04-05,1083.6015625,1083.6015625,1065.3955078125,1073.37939453125,1061.74267578125,16262928,RELIANCE.NS
2023-04-06,1069.8258056640625,1086.37060546875,1069.8258056640625,1080.5787353515625,1068.8638916015625,18435046,RELIANCE.NS
2023-04-10,1084.524658203125,1084.709228515625,1071.3948974609375,1072.9178466796875,1061.2861328125,12961408,RELIANCE.NS
2023-04-11,1077.140625,1080.37109375,1072.5487060546875,1078.22509765625,1066.535888671875,10542367,RELIANCE.NS
2023-04-12,1078.22509765625,1092.7392578125,1075.3177490234375,1082.9786376953125,1071.2379150390625,18179087,RELIANCE.NS
2023-04-13,1085.9090576171875,1091.8162841796875,1080.8326416015625,1087.0628662109375,1075.2777099609375,12378208,RELIANCE.NS
2023-04-17,1119.114013671875,1119.114013671875,1084.086181640625,1092.5777587890625,1080.73291015625,17929479,RELIANCE.NS
2023-04-18,1096.985107421875,1096.985107421875,1073.4486083984375,1080.0711669921875,1068.3619384765625,10405576,RELIANCE.NS
2023-04-19,1079.47119140625,1088.17041015625,1076.3099365234375,1085.4476318359375,1073.68017578125,12273475,RELIANCE.NS
2023-04-20,1086.416748046875,1088.6781005859375,1076.2637939453125,1082.70166015625,1070.9637451171875,7007330,RELIANCE.NS
2023-04-21,1084.8245849609375,1089.60107421875,1078.2481689453125,1084.0631103515625,1072.310546875,7647317,RELIANCE.NS
2023-04-24,1096.0621337890625,1098.784912109375,1083.6015625,1088.2166748046875,1076.4190673828125,12936186,RELIANCE.NS
2023-04-25,1091.9085693359375,1098.646484375,1084.75537109375,1096.546630859375,1084.6588134765625,9236126,RELIANCE.NS
2023-04-26,1097.9080810546875,1101.184814453125,1086.3936767578125,1090.1087646484375,1078.290771484375,8617834,RELIANCE.NS
2023-04-27,1096.0621337890625,1100.215576171875,1090.985595703125,1097.0081787109375,1085.1153564453125,9167125,RELIANCE.NS
2023-04-28,1099.2926025390625,1118.6295166015625,1099.17724609375,1117.060302734375,1104.9500732421875,15565210,RELIANCE.NS
2023-05-02,1124.305908203125,1128.736328125,1120.5677490234375,1126.544189453125,1114.3310546875,12981805,RELIANCE.NS
2023-05-03,1128.3670654296875,1128.3670654296875,1113.6221923828125,1116.875732421875,1104.7674560546875,7061872,RELIANCE.NS
2023-05-04,1117.3603515625,1131.9898681640625,1114.3375244140625,1129.7515869140625,1117.503662109375,8635233,RELIANCE.NS
2023-05-05,1126.5211181640625,1135.91259765625,1124.213623046875,1126.8671875,1114.650634765625,8746585,RELIANCE.NS
2023-05-08,1130.674560546875,1146.2041015625,1127.974853515625,1140.781494140625,1128.4139404296875,9153782,RELIANCE.NS
2023-05-09,1142.2120361328125,1147.6578369140625,1136.7894287109375,1144.3118896484375,1131.9061279296875,6464721,RELIANCE.NS
2023-05-10,1149.1346435546875,1153.680419921875,1145.0733642578125,1152.1805419921875,1139.6895751953125,10872255,RELIANCE.NS
2023-05-11,1153.2650146484375,1158.1337890625,1142.9273681640625,1144.6580810546875,1132.2486572265625,10557860,RELIANCE.NS
2023-05-12,1139.812255859375,1147.9346923828125,1133.67431640625,1146.527099609375,1134.0972900390625,6955341,RELIANCE.NS
2023-05-15,1149.0885009765625,1155.849365234375,1141.3582763671875,1148.7884521484375,1136.3341064453125,6833343,RELIANCE.NS
2023-05-16,1150.9805908203125,1153.56494140625,1130.7437744140625,1132.4283447265625,1120.1514892578125,8717229,RELIANCE.NS
2023-05-17,1136.674072265625,1137.5970458984375,1120.983154296875,1125.736572265625,1113.5322265625,8798967,RELIANCE.NS
2023-05-18,1130.4669189453125,1133.9051513671875,1120.1292724609375,1123.313720703125,1111.1357421875,10525531,RELIANCE.NS
2023-05-19,1123.313720703125,1128.8055419921875,1116.298828125,1126.95947265625,1114.7418212890625,8050447,RELIANCE.NS
2023-05-22,1123.7520751953125,1138.05859375,1122.5291748046875,1132.9820556640625,1120.69921875,7434906,RELIANCE.NS
2023-05-23,1135.589599609375,1138.9815673828125,1131.34375,1132.7744140625,1120.49365234375,6092034,RELIANCE.NS
2023-05-24,1128.782470703125,1137.1356201171875,1123.0367431640625,1126.1749267578125,1113.9658203125,8112254,RELIANCE.NS
2023-05-25,1123.2445068359375,1130.213134765625,1115.0067138671875,1126.0364990234375,1113.8289794921875,11487863,RELIANCE.NS
2023-05-26,1134.3665771484375,1157.903076171875,1131.020751953125,1156.7493896484375,1144.2088623046875,12626260,RELIANCE.NS
2023-05-29,1163.4410400390625,1167.5946044921875,1157.0723876953125,1163.2564697265625,1150.6453857421875,10010304,RELIANCE.NS
2023-05-30,1163.2564697265625,1171.148193359375,1160.3720703125,1162.95654296875,1150.3486328125,11342504,RELIANCE.NS
2023-05-31,1153.7496337890625,1158.29541015625,1135.7510986328125,1139.8583984375,1127.5009765625,27107927,RELIANCE.NS
2023-06-01,1144.5888671875,1146.781005859375,1134.3665771484375,1136.7894287109375,1124.4652099609375,14592692,RELIANCE.NS
2023-06-02,1140.3660888671875,1145.8348388671875,1131.1361083984375,1133.0743408203125,1120.7904052734375,15800644,RELIANCE.NS
2023-06-05,1138.6124267578125,1146.250244140625,1134.57421875,1143.25048828125,1130.856201171875,10908682,RELIANCE.NS
2023-06-06,1146.11181640625,1148.0731201171875,1136.212646484375,1144.2196044921875,1131.81494140625,7493309,RELIANCE.NS
2023-06-07,1147.7501220703125,1153.7496337890625,1141.1044921875,1152.8958740234375,1140.3970947265625,10312545,RELIANCE.NS
2023-06-08,1156.5185546875,1161.52587890625,1149.5960693359375,1153.5880126953125,1141.081787109375,12071109,RELIANCE.NS
2023-06-09,1156.9801025390625,1157.6954345703125,1143.5965576171875,1145.4195556640625,1133.0018310546875,5877018,RELIANCE.NS
2023-06-12,1142.44287109375,1148.765380859375,1137.5970458984375,1146.434814453125,1134.006103515625,6391969,RELIANCE.NS
2023-06-13,1151.442138671875,1164.57177734375,1147.4039306640625,1163.371826171875,1150.759521484375,11248016,RELIANCE.NS
2023-06-14,1163.4410400390625,1179.132080078125,1161.5950927734375,1177.6783447265625,1164.910888671875,13277380,RELIANCE.NS
2023-06-15,1177.6552734375,1182.616455078125,1170.1328125,1178.00146484375,1165.2303466796875,11813494,RELIANCE.NS
2023-06-16,1181.5318603515625,1191.7772216796875,1181.5318603515625,1189.4697265625,1176.574462890625,24171579,RELIANCE.NS
2023-06-19,1192.515625,1192.515625,1173.4326171875,1177.6552734375,1164.8880615234375,6798554,RELIANCE.NS
2023-06-20,1175.6939697265625,1183.2855224609375,1169.902099609375,1180.1011962890625,1167.3074951171875,6921096,RELIANCE.NS
2023-06-21,1180.0550537109375,1185.9853515625,1175.901611328125,1183.424072265625,1170.5943603515625,6961603,RELIANCE.NS
2023-06-22,1179.5936279296875,1187.5775146484375,1168.517578125,1170.1328125,1157.4471435546875,7619166,RELIANCE.NS
2023-06-23,1167.0869140625,1169.1636962890625,1159.28759765625,1160.5567626953125,1147.974853515625,6628570,RELIANCE.NS
2023-06-26,1156.9801025390625,1160.856689453125,1148.53466796875,1151.6959228515625,1139.210205078125,12641159,RELIANCE.NS
2023-06-27,1152.157470703125,1158.1337890625,1147.588623046875,1152.111328125,1139.62109375,9689466,RELIANCE.NS
2023-06-28,1159.7491455078125,1171.2174072265625,1152.75732421875,1167.3638916015625,1154.708251953125,11354006,RELIANCE.NS
2023-06-30,1175.1632080078125,1179.8935546875,1169.186767578125,1176.93994140625,1164.1805419921875,11151555,RELIANCE.NS
2023-07-03,1180.5396728515625,1210.0526123046875,1179.2935791015625,1207.1451416015625,1194.0582275390625,12154387,RELIANCE.NS
2023-07-04,1211.4371337890625,1211.4371337890625,1187.554443359375,1194.707763671875,1181.7557373046875,8061643,RELIANCE.NS
2023-07-05,1204.0531005859375,1204.0531005859375,1188.7313232421875,1192.746337890625,1179.8155517578125,10248062,RELIANCE.NS
2023-07-06,1188.8466796875,1220.4132080078125,1188.8466796875,1217.78271484375,1204.5804443359375,19117987,RELIANCE.NS
2023-07-07,1216.0521240234375,1229.8740234375,1212.821533203125,1215.406005859375,1202.2294921875,13375267,RELIANCE.NS
2023-07-10,1240.9268798828125,1271.8935546875,1234.5120849609375,1262.22509765625,1248.541015625,33240016,RELIANCE.NS
2023-07-11,1270.462890625,1278.3544921875,1263.4019775390625,1275.9085693359375,1262.076171875,20069348,RELIANCE.NS
2023-07-12,1276.64697265625,1293.12255859375,1274.5009765625,1277.316162109375,1263.468505859375,18733835,RELIANCE.NS
2023-07-13,1284.7694091796875,1291.738037109375,1263.240478515625,1265.89404296875,1252.170166015625,14682934,RELIANCE.NS
2023-07-14,1269.12451171875,1274.1549072265625,1257.6331787109375,1264.8326416015625,1251.1202392578125,15124144,RELIANCE.NS
2023-07-17,1267.7401123046875,1299.1451416015625,1258.9715576171875,1290.6766357421875,1276.6842041015625,22220040,RELIANCE.NS
2023-07-18,1300.0450439453125,1309.482666015625,1288.968994140625,1301.63720703125,1287.5257568359375,25867313,RELIANCE.NS
2023-07-19,1306.0445556640625,1318.0435791015625,1290.8150634765625,1311.5133056640625,1297.2950439453125,39122156,RELIANCE.NS
2023-07-20,1290.0,1315.4749755859375,1290.0,1309.925048828125,1295.7237548828125,38717624,RELIANCE.NS
2023-07-21,1304.5,1307.449951171875,1261.800048828125,1269.375,1255.613525390625,30249238,RELIANCE.NS
2023-07-24,1240.5,1257.4749755859375,1234.6500244140625,1243.699951171875,1230.2166748046875,23727866,RELIANCE.NS
2023-07-25,1247.0,1252.5999755859375,1240.0,1242.9000244140625,1229.425537109375,12026020,RELIANCE.NS
2023-07-26,1242.5,1273.5,1242.5,1263.0999755859375,1249.4063720703125,12911012,RELIANCE.NS
2023-07-27,1267.0250244140625,1268.824951171875,1245.175048828125,1251.3499755859375,1237.7838134765625,17226898,RELIANCE.NS
2023-07-28,1256.0250244140625,1271.425048828125,1250.2750244140625,1263.925048828125,1250.2225341796875,20827852,RELIANCE.NS
2023-07-31,1263.925048828125,1276.949951171875,1258.9749755859375,1274.625,1260.8065185546875,8551174,RELIANCE.NS
2023-08-01,1277.5,1279.5,1252.6500244140625,1256.5999755859375,1242.9769287109375,9536632,RELIANCE.NS
2023-08-02,1254.5999755859375,1256.0,1231.800048828125,1243.175048828125,1229.697509765625,12748214,RELIANCE.NS
2023-08-03,1237.6500244140625,1250.449951171875,1229.0250244140625,1237.949951171875,1224.5291748046875,10168350,RELIANCE.NS
2023-08-04,1249.4000244140625,1258.0,1235.800048828125,1254.7750244140625,1241.1717529296875,22885610,RELIANCE.NS
2023-08-07,1260.5,1264.199951171875,1252.5,1261.925048828125,1248.2442626953125,5982870,RELIANCE.NS
2023-08-08,1264.0,1267.2249755859375,1249.7750244140625,1254.324951171875,1240.7264404296875,9844072,RELIANCE.NS
2023-08-09,1252.425048828125,1264.5,1240.550048828125,1262.5999755859375,1248.9119873046875,11486586,RELIANCE.NS
2023-08-10,1262.4749755859375,1275.0,1254.2249755859375,1268.2249755859375,1254.475830078125,15470598,RELIANCE.NS
2023-08-11,1266.2249755859375,1279.425048828125,1256.175048828125,1273.574951171875,1259.767822265625,22179330,RELIANCE.NS
2023-08-14,1269.5,1291.1500244140625,1262.5,1288.625,1274.6546630859375,9575812,RELIANCE.NS
2023-08-16,1275.5,1291.4000244140625,1275.5,1287.574951171875,1273.6160888671875,10203112,RELIANCE.NS
2023-08-17,1283.550048828125,1289.050048828125,1266.425048828125,1269.0,1255.2425537109375,13673744,RELIANCE.NS
2023-08-18,1265.625,1288.800048828125,1254.2750244140625,1278.4000244140625,1264.5406494140625,18639978,RELIANCE.NS
2023-08-21,1269.9749755859375,1277.7249755859375,1257.824951171875,1260.0,1250.74267578125,9221746,RELIANCE.NS
2023-08-22,1258.449951171875,1268.9749755859375,1249.5,1259.699951171875,1250.44482421875,7713044,RELIANCE.NS
2023-08-23,1262.0999755859375,1271.425048828125,1258.4749755859375,1261.0999755859375,1251.8345947265625,9517952,RELIANCE.NS
2023-08-24,1269.949951171875,1269.949951171875,1235.5,1239.9000244140625,1230.7904052734375,14140020,RELIANCE.NS
2023-08-25,1228.0,1252.5,1221.300048828125,1234.175048828125,1225.1075439453125,22222400,RELIANCE.NS
2023-08-28,1236.0,1242.0,1215.550048828125,1221.875,1212.8978271484375,12580826,RELIANCE.NS
2023-08-29,1226.0250244140625,1226.7249755859375,1204.074951171875,1210.175048828125,1201.2838134765625,16876644,RELIANCE.NS
2023-08-30,1216.0,1221.5,1207.5,1209.0250244140625,1200.1422119140625,12168946,RELIANCE.NS
2023-08-31,1211.5,1212.5,1199.949951171875,1203.5,1194.65771484375,21638600,RELIANCE.NS
2023-09-01,1203.2750244140625,1212.824951171875,1200.824951171875,1206.324951171875,1197.4619140625,18112842,RELIANCE.NS
2023-09-04,1206.324951171875,1211.824951171875,1202.6500244140625,1205.3499755859375,1196.494140625,9347626,RELIANCE.NS
2023-09-05,1210.0,1216.9749755859375,1206.2249755859375,1211.800048828125,1202.8968505859375,8675876,RELIANCE.NS
2023-09-06,1210.550048828125,1218.074951171875,1208.625,1214.3499755859375,1205.4281005859375,8200370,RELIANCE.NS
2023-09-07,1210.8499755859375,1219.125,1205.5,1216.0,1207.06591796875,13652572,RELIANCE.NS
2023-09-08,1220.0,1228.0,1211.4749755859375,1224.0999755859375,1215.1064453125,23109288,RELIANCE.NS
2023-09-11,1226.0,1238.425048828125,1226.0,1237.300048828125,1228.20947265625,13271074,RELIANCE.NS
2023-09-12,1241.5,1241.5,1217.9749755859375,1219.425048828125,1210.4659423828125,16255666,RELIANCE.NS
2023-09-13,1220.0,1231.324951171875,1213.125,1225.5250244140625,1216.52099609375,12803338,RELIANCE.NS
2023-09-14,1230.0,1232.9000244140625,1222.5,1226.6500244140625,1217.6376953125,9209636,RELIANCE.NS
2023-09-15,1234.0,1234.0,1224.75,1228.925048828125,1219.8961181640625,25468592,RELIANCE.NS
2023-09-18,1220.0250244140625,1225.5,1216.0250244140625,1218.2249755859375,1209.274658203125,7516300,RELIANCE.NS
2023-09-20,1211.5250244140625,1213.800048828125,1177.5,1191.074951171875,1182.323974609375,57081884,RELIANCE.NS
2023-09-21,1187.4749755859375,1195.050048828125,1180.0,1182.4000244140625,1173.712890625,12226182,RELIANCE.NS
2023-09-22,1188.0,1191.2249755859375,1175.0,1177.4749755859375,1168.8240966796875,19176786,RELIANCE.NS
2023-09-25,1175.199951171875,1180.3499755859375,1167.550048828125,1170.2249755859375,1161.6273193359375,14254884,RELIANCE.NS
2023-09-26,1169.2750244140625,1175.0999755859375,1167.800048828125,1171.25,1162.6446533203125,10087782,RELIANCE.NS
2023-09-27,1171.75,1185.9000244140625,1169.25,1184.449951171875,1175.7476806640625,11722778,RELIANCE.NS
2023-09-28,1191.5,1191.5,1162.5,1167.050048828125,1158.4755859375,14518346,RELIANCE.NS
2023-09-29,1170.9000244140625,1184.550048828125,1167.050048828125,1172.5,1163.8856201171875,12342014,RELIANCE.NS
2023-10-03,1164.9749755859375,1167.800048828125,1158.0,1159.074951171875,1150.55908203125,8859056,RELIANCE.NS
2023-10-04,1154.5,1159.5,1147.550048828125,1157.074951171875,1148.5738525390625,10286386,RELIANCE.NS
2023-10-05,1159.625,1164.699951171875,1154.5,1157.050048828125,1148.549072265625,10953682,RELIANCE.NS
2023-10-06,1158.5250244140625,1162.4000244140625,1156.0250244140625,1159.0,1150.4847412109375,5431026,RELIANCE.NS
2023-10-09,1154.050048828125,1155.9749755859375,1147.5,1149.125,1140.6822509765625,7576878,RELIANCE.NS
2023-10-10,1153.2750244140625,1158.949951171875,1151.875,1154.199951171875,1145.719970703125,10236032,RELIANCE.NS
2023-10-11,1157.2249755859375,1174.8499755859375,1156.5,1172.5250244140625,1163.910400390625,9814118,RELIANCE.NS
2023-10-12,1171.925048828125,1179.675048828125,1169.074951171875,1174.699951171875,1166.0693359375,12554450,RELIANCE.NS
2023-10-13,1170.0,1178.75,1164.574951171875,1174.6500244140625,1166.0198974609375,10150316,RELIANCE.NS
2023-10-16,1172.5,1177.2750244140625,1168.0,1172.0250244140625,1163.4140625,5929036,RELIANCE.NS
2023-10-17,1178.0,1179.8499755859375,1170.6500244140625,1177.625,1168.972900390625,7928180,RELIANCE.NS
2023-10-18,1177.625,1183.5,1160.5,1162.0,1153.4627685546875,8918320,RELIANCE.NS
2023-10-19,1156.0,1160.9000244140625,1150.5,1153.074951171875,1144.603271484375,12032556,RELIANCE.NS
2023-10-20,1150.0,1157.3499755859375,1148.1500244140625,1149.550048828125,1141.104248046875,8913312,RELIANCE.NS
2023-10-23,1145.0,1153.125,1127.625,1131.5999755859375,1123.2861328125,7853962,RELIANCE.NS
2023-10-25,1125.0250244140625,1140.5999755859375,1121.5,1128.9749755859375,1120.6802978515625,11620688,RELIANCE.NS
2023-10-26,1125.5,1129.0,1110.1500244140625,1113.25,1105.0709228515625,15222534,RELIANCE.NS
2023-10-27,1120.0,1136.75,1117.9749755859375,1132.9000244140625,1124.5765380859375,11771084,RELIANCE.NS
2023-10-30,1137.0,1162.5,1134.9749755859375,1156.25,1147.7548828125,16813304,RELIANCE.NS
2023-10-31,1164.0,1164.0,1141.449951171875,1143.949951171875,1135.5452880859375,12808438,RELIANCE.NS
2023-11-01,1144.574951171875,1158.75,1137.5999755859375,1148.699951171875,1140.2603759765625,10309190,RELIANCE.NS
2023-11-02,1156.9749755859375,1162.1500244140625,1153.9749755859375,1160.0999755859375,1151.57666015625,10562104,RELIANCE.NS
2023-11-03,1163.5999755859375,1167.4749755859375,1157.875,1159.8499755859375,1151.3284912109375,8850156,RELIANCE.NS
2023-11-06,1166.1500244140625,1170.0,1162.800048828125,1169.5,1160.9075927734375,10647304,RELIANCE.NS
2023-11-07,1167.0250244140625,1169.550048828125,1159.7750244140625,1161.9000244140625,1153.3634033203125,6960204,RELIANCE.NS
2023-11-08,1166.0,1170.5,1160.875,1167.949951171875,1159.368896484375,7884494,RELIANCE.NS
2023-11-09,1167.925048828125,1167.949951171875,1152.0999755859375,1155.2750244140625,1146.787109375,14513610,RELIANCE.NS
2023-11-10,1152.7750244140625,1158.175048828125,1149.0250244140625,1157.449951171875,1148.946044921875,7734954,RELIANCE.NS
2023-11-13,1161.449951171875,1162.300048828125,1155.8499755859375,1157.300048828125,1148.7972412109375,3854810,RELIANCE.NS
2023-11-15,1170.0,1180.9749755859375,1163.5,1178.2249755859375,1169.5684814453125,12220648,RELIANCE.NS
2023-11-16,1175.550048828125,1187.074951171875,1173.4749755859375,1180.3499755859375,1171.6778564453125,13134910,RELIANCE.NS
2023-11-17,1176.449951171875,1186.625,1176.0250244140625,1177.7750244140625,1169.121826171875,7758634,RELIANCE.NS
2023-11-20,1174.2750244140625,1179.199951171875,1168.199951171875,1174.675048828125,1166.044677734375,4490186,RELIANCE.NS
2023-11-21,1183.0,1194.0,1180.0999755859375,1189.449951171875,1180.7109375,8214450,RELIANCE.NS
2023-11-22,1187.5,1197.2249755859375,1186.0999755859375,1194.0999755859375,1185.326904296875,8534814,RELIANCE.NS
2023-11-23,1194.0999755859375,1200.0,1194.0999755859375,1197.75,1188.9500732421875,8531542,RELIANCE.NS
2023-11-24,1195.800048828125,1201.300048828125,1195.5250244140625,1196.949951171875,1188.1558837890625,6749486,RELIANCE.NS
2023-11-28,1196.949951171875,1199.8499755859375,1187.625,1197.199951171875,1188.404052734375,13792174,RELIANCE.NS
2023-11-29,1204.0,1205.9749755859375,1199.0250244140625,1200.3499755859375,1191.5308837890625,12531306,RELIANCE.NS
2023-11-30,1197.3499755859375,1200.3499755859375,1184.949951171875,1188.7249755859375,1179.9913330078125,28439984,RELIANCE.NS
2023-12-01,1189.0,1198.199951171875,1188.800048828125,1197.1500244140625,1188.3544921875,14342842,RELIANCE.NS
2023-12-04,1225.0,1225.0,1199.300048828125,1210.0999755859375,1201.209228515625,15590990,RELIANCE.NS
2023-12-05,1219.5,1220.425048828125,1210.824951171875,1218.875,1209.9197998046875,12693624,RELIANCE.NS
2023-12-06,1223.550048828125,1236.4749755859375,1217.5,1230.550048828125,1221.5091552734375,16422442,RELIANCE.NS
2023-12-07,1230.0,1230.4749755859375,1221.0,1228.5250244140625,1219.4990234375,8142096,RELIANCE.NS
2023-12-08,1231.925048828125,1238.3499755859375,1222.5,1227.875,1218.853759765625,10204894,RELIANCE.NS
2023-12-11,1228.0,1233.800048828125,1226.199951171875,1229.675048828125,1220.6405029296875,7066138,RELIANCE.NS
2023-12-12,1230.0,1232.4749755859375,1210.074951171875,1212.0250244140625,1203.1202392578125,9197124,RELIANCE.NS
2023-12-13,1211.0,1219.175048828125,1203.1500244140625,1216.9749755859375,1208.03369140625,10031182,RELIANCE.NS
2023-12-14,1227.0,1237.4749755859375,1221.324951171875,1232.074951171875,1223.0228271484375,16972354,RELIANCE.NS
2023-12-15,1239.0,1250.0,1235.0250244140625,1247.800048828125,1238.6324462890625,15932152,RELIANCE.NS
2023-12-18,1247.800048828125,1267.449951171875,1245.4749755859375,1260.5,1251.239013671875,14165188,RELIANCE.NS
2023-12-19,1277.5,1286.949951171875,1262.5999755859375,1279.050048828125,1269.6527099609375,16820604,RELIANCE.NS
2023-12-20,1285.5250244140625,1299.425048828125,1260.0,1263.574951171875,1254.2913818359375,17736722,RELIANCE.NS
2023-12-21,1263.5,1286.75,1259.125,1281.2750244140625,1271.8614501953125,13765454,RELIANCE.NS
2023-12-22,1279.800048828125,1290.449951171875,1273.824951171875,1282.5250244140625,1273.1021728515625,16541784,RELIANCE.NS
2023-12-26,1284.0,1295.9749755859375,1281.3499755859375,1289.0250244140625,1279.554443359375,7465664,RELIANCE.NS
2023-12-27,1291.0,1299.949951171875,1286.550048828125,1293.425048828125,1283.922119140625,9204156,RELIANCE.NS
2023-12-28,1294.9000244140625,1306.0,1293.425048828125,1302.7750244140625,1293.203369140625,12302636,RELIANCE.NS
2023-12-29,1305.550048828125,1307.0,1289.6500244140625,1292.4749755859375,1282.9791259765625,10864584,RELIANCE.NS
2024-01-01,1290.2750244140625,1303.425048828125,1286.574951171875,1295.125,1285.6097412109375,4030540,RELIANCE.NS
2024-01-02,1292.5,1307.5,1286.5,1305.8499755859375,1296.255859375,7448800,RELIANCE.NS
2024-01-03,1305.0,1317.0,1288.5999755859375,1291.6500244140625,1282.16015625,9037536,RELIANCE.NS
2024-01-04,1294.0,1304.925048828125,1289.550048828125,1298.324951171875,1288.7860107421875,9612778,RELIANCE.NS
2024-01-05,1301.449951171875,1309.925048828125,1299.0,1303.8499755859375,1294.2705078125,8086406,RELIANCE.NS
2024-01-08,1305.0,1315.9749755859375,1284.4749755859375,1293.675048828125,1284.17041015625,7734652,RELIANCE.NS
2024-01-09,1300.0,1303.4000244140625,1288.5999755859375,1290.25,1280.7703857421875,5403074,RELIANCE.NS
2024-01-10,1288.5,1329.5,1287.5250244140625,1325.050048828125,1315.3148193359375,11102740,RELIANCE.NS
2024-01-11,1329.5,1362.5,1328.5,1359.9000244140625,1349.9088134765625,23725852,RELIANCE.NS
2024-01-12,1359.9000244140625,1373.324951171875,1345.75,1370.7249755859375,1360.6541748046875,15012164,RELIANCE.NS
2024-01-15,1375.0,1396.449951171875,1366.0,1394.125,1383.8822021484375,8610594,RELIANCE.NS
2024-01-16,1389.9749755859375,1396.300048828125,1370.5,1374.625,1364.5255126953125,9069024,RELIANCE.NS
2024-01-17,1359.5,1386.2750244140625,1355.0250244140625,1361.574951171875,1351.5714111328125,12197382,RELIANCE.NS
2024-01-18,1351.4000244140625,1371.0,1351.25,1367.949951171875,1357.8995361328125,10279438,RELIANCE.NS
2024-01-19,1376.0,1376.0,1359.0,1367.449951171875,1357.4031982421875,10422704,RELIANCE.NS
2024-01-23,1371.75,1371.75,1322.550048828125,1328.574951171875,1318.8138427734375,20055420,RELIANCE.NS
2024-01-24,1335.2249755859375,1349.5,1323.925048828125,1343.875,1334.00146484375,21919128,RELIANCE.NS
2024-01-25,1342.949951171875,1364.1500244140625,1335.199951171875,1353.074951171875,1343.1337890625,11808872,RELIANCE.NS
2024-01-29,1364.5,1452.5,1360.175048828125,1448.050048828125,1437.4111328125,23893438,RELIANCE.NS
2024-01-30,1459.949951171875,1459.9749755859375,1404.425048828125,1407.625,1397.2830810546875,14093978,RELIANCE.NS
2024-01-31,1404.0,1434.25,1402.5,1426.625,1416.1434326171875,15130226,RELIANCE.NS
2024-02-01,1435.0,1443.3499755859375,1418.050048828125,1426.6500244140625,1416.1683349609375,13349362,RELIANCE.NS
2024-02-02,1433.175048828125,1474.9000244140625,1433.175048828125,1457.699951171875,1446.990234375,19652588,RELIANCE.NS
2024-02-05,1460.75,1470.5,1431.5250244140625,1439.0250244140625,1428.452392578125,8814432,RELIANCE.NS
2024-02-06,1441.8499755859375,1441.8499755859375,1419.824951171875,1427.800048828125,1417.3099365234375,9047984,RELIANCE.NS
2024-02-07,1435.925048828125,1449.5,1429.25,1442.1500244140625,1431.554443359375,9296568,RELIANCE.NS
2024-02-08,1450.0,1459.4749755859375,1427.5250244140625,1450.125,1439.4708251953125,14694634,RELIANCE.NS
2024-02-09,1454.0,1471.9749755859375,1450.949951171875,1460.75,1450.0177001953125,12556798,RELIANCE.NS
2024-02-12,1460.75,1461.0,1442.3499755859375,1452.3499755859375,1441.679443359375,6674430,RELIANCE.NS
2024-02-13,1455.5,1479.0,1454.0,1465.0999755859375,1454.335693359375,7715594,RELIANCE.NS
2024-02-14,1457.5,1483.6500244140625,1457.5,1481.375,1470.4912109375,7117888,RELIANCE.NS
2024-02-15,1483.3499755859375,1484.7249755859375,1466.5250244140625,1470.5999755859375,1459.79541015625,10006782,RELIANCE.NS
2024-02-16,1476.4749755859375,1477.0,1458.550048828125,1460.574951171875,1449.843994140625,9767498,RELIANCE.NS
2024-02-19,1462.050048828125,1479.5,1453.5250244140625,1474.0,1463.17041015625,6729828,RELIANCE.NS
2024-02-20,1475.0250244140625,1475.5,1461.800048828125,1471.0250244140625,1460.21728515625,7117496,RELIANCE.NS
2024-02-21,1474.0,1488.5250244140625,1457.550048828125,1467.699951171875,1456.916748046875,12720292,RELIANCE.NS
2024-02-22,1468.1500244140625,1484.949951171875,1458.0,1481.75,1470.863525390625,18493728,RELIANCE.NS
2024-02-23,1489.5,1497.550048828125,1483.3499755859375,1493.625,1482.6512451171875,14438584,RELIANCE.NS
2024-02-26,1493.550048828125,1494.5250244140625,1482.5,1487.324951171875,1476.3974609375,7513106,RELIANCE.NS
2024-02-27,1483.0250244140625,1499.949951171875,1478.050048828125,1485.6500244140625,1474.73486328125,10826044,RELIANCE.NS
2024-02-28,1483.0,1491.2750244140625,1450.175048828125,1455.625,1444.930419921875,8647950,RELIANCE.NS
2024-02-29,1465.0,1478.9749755859375,1454.5250244140625,1460.800048828125,1450.0675048828125,23628976,RELIANCE.NS
2024-03-01,1463.5,1500.0,1462.5,1492.125,1481.1622314453125,12132926,RELIANCE.NS
2024-03-04,1490.4749755859375,1512.449951171875,1487.2249755859375,1507.4000244140625,1496.3250732421875,10024420,RELIANCE.NS
2024-03-05,1505.7750244140625,1507.4000244140625,1486.050048828125,1500.199951171875,1489.177978515625,7107668,RELIANCE.NS
2024-03-06,1493.449951171875,1509.0,1478.5,1503.0,1491.957275390625,7805676,RELIANCE.NS
2024-03-07,1502.9749755859375,1503.0999755859375,1475.550048828125,1478.925048828125,1468.059326171875,8315726,RELIANCE.NS
2024-03-11,1489.0,1489.0,1463.5,1466.5999755859375,1455.8248291015625,11277130,RELIANCE.NS
2024-03-12,1466.5999755859375,1488.0,1465.0250244140625,1475.425048828125,1464.5849609375,9432678,RELIANCE.NS
2024-03-13,1479.7750244140625,1483.0999755859375,1427.7750244140625,1432.175048828125,1421.6527099609375,13522134,RELIANCE.NS
2024-03-14,1439.699951171875,1448.5250244140625,1425.5,1431.4749755859375,1420.957763671875,18571102,RELIANCE.NS
2024-03-15,1425.949951171875,1433.2249755859375,1412.9000244140625,1418.2249755859375,1407.80517578125,19223818,RELIANCE.NS
2024-03-18,1420.0,1441.7249755859375,1416.5250244140625,1439.4749755859375,1428.899169921875,9169392,RELIANCE.NS
2024-03-19,1428.75,1437.5999755859375,1417.25,1425.25,1414.778564453125,8275764,RELIANCE.NS
2024-03-20,1427.949951171875,1445.0,1424.0250244140625,1443.75,1433.1427001953125,8488806,RELIANCE.NS
2024-03-21,1452.5250244140625,1457.9000244140625,1444.675048828125,1450.9749755859375,1440.3145751953125,13006936,RELIANCE.NS
2024-03-22,1449.9749755859375,1460.0,1447.3499755859375,1455.0250244140625,1444.3348388671875,19527608,RELIANCE.NS
2024-03-26,1445.0,1452.4000244140625,1439.0,1441.574951171875,1430.983642578125,11415906,RELIANCE.NS
2024-03-27,1448.0,1500.0,1447.0,1492.8499755859375,1481.8818359375,16326644,RELIANCE.NS
2024-03-28,1492.875,1505.949951171875,1478.6500244140625,1485.8499755859375,1474.933349609375,21854364,RELIANCE.NS
2024-04-01,1492.4749755859375,1493.9749755859375,1482.5,1484.7750244140625,1473.8662109375,5013880,RELIANCE.NS
2024-04-02,1484.0,1494.0,1475.0,1486.949951171875,1476.025146484375,8910166,RELIANCE.NS
2024-04-03,1482.074951171875,1484.449951171875,1468.9000244140625,1471.5999755859375,1460.7880859375,7008292,RELIANCE.NS
2024-04-04,1479.75,1479.75,1450.0,1462.925048828125,1452.1767578125,14490272,RELIANCE.NS
2024-04-05,1460.875,1470.800048828125,1456.0,1460.0999755859375,1449.3724365234375,7442298,RELIANCE.NS
2024-04-08,1462.9749755859375,1490.9749755859375,1461.0,1485.9749755859375,1475.057373046875,8357118,RELIANCE.NS
2024-04-09,1489.0,1489.800048828125,1462.5,1463.6500244140625,1452.896484375,7071414,RELIANCE.NS
2024-04-10,1466.3499755859375,1487.0,1466.3499755859375,1479.574951171875,1468.7044677734375,9138330,RELIANCE.NS
2024-04-12,1475.875,1486.4749755859375,1463.074951171875,1467.1500244140625,1456.370849609375,15551012,RELIANCE.NS
2024-04-15,1461.0,1482.125,1446.324951171875,1464.824951171875,1454.062744140625,12902062,RELIANCE.NS
2024-04-16,1453.3499755859375,1471.175048828125,1450.925048828125,1465.75,1454.98095703125,9366184,RELIANCE.NS
2024-04-18,1463.5,1486.0,1459.3499755859375,1464.324951171875,1453.5665283203125,19005692,RELIANCE.NS
2024-04-19,1456.7750244140625,1474.0,1443.0250244140625,1470.125,1459.323974609375,15741778,RELIANCE.NS
2024-04-22,1472.449951171875,1482.824951171875,1467.800048828125,1479.8499755859375,1468.9774169921875,10350362,RELIANCE.NS
2024-04-23,1479.0,1493.5,1455.550048828125,1459.324951171875,1448.603271484375,14605554,RELIANCE.NS
2024-04-24,1463.5,1468.550048828125,1449.5,1450.175048828125,1439.5205078125,10462776,RELIANCE.NS
2024-04-25,1442.5,1467.9749755859375,1441.5,1459.9749755859375,1449.2484130859375,15943926,RELIANCE.NS
2024-04-26,1463.949951171875,1465.0,1450.0,1452.550048828125,1441.8780517578125,9413848,RELIANCE.NS
2024-04-29,1450.0,1467.9000244140625,1450.0,1465.0250244140625,1454.2613525390625,7247974,RELIANCE.NS
2024-04-30,1468.0,1483.074951171875,1462.875,1467.0,1456.221923828125,11474262,RELIANCE.NS
2024-05-02,1472.0,1477.324951171875,1464.125,1466.550048828125,1455.775146484375,14512646,RELIANCE.NS
2024-05-03,1471.0,1474.949951171875,1416.1500244140625,1434.0,1423.46435546875,17226958,RELIANCE.NS
2024-05-06,1435.5,1440.0,1418.0,1419.5250244140625,1409.095703125,7394208,RELIANCE.NS
2024-05-07,1415.9749755859375,1420.75,1392.0,1401.4749755859375,1391.17822265625,14517472,RELIANCE.NS
2024-05-08,1397.5,1432.949951171875,1397.5,1418.550048828125,1408.1278076171875,9439002,RELIANCE.NS
2024-05-09,1413.0,1423.75,1390.0,1394.125,1383.8822021484375,11009612,RELIANCE.NS
2024-05-10,1396.75,1410.0,1388.074951171875,1407.425048828125,1397.0845947265625,10505096,RELIANCE.NS
2024-05-13,1399.9000244140625,1406.9749755859375,1384.0,1402.699951171875,1392.394287109375,8456620,RELIANCE.NS
2024-05-14,1400.9749755859375,1427.074951171875,1400.0250244140625,1420.074951171875,1409.6416015625,7188300,RELIANCE.NS
2024-05-15,1420.5,1429.9749755859375,1413.0250244140625,1416.2750244140625,1405.86962890625,5046534,RELIANCE.NS
2024-05-16,1418.550048828125,1427.5,1398.0250244140625,1425.3499755859375,1414.8778076171875,14711774,RELIANCE.NS
2024-05-17,1423.050048828125,1437.199951171875,1413.25,1435.699951171875,1425.15185546875,10916476,RELIANCE.NS
2024-05-21,1425.5999755859375,1441.824951171875,1425.5999755859375,1436.125,1425.57373046875,11176128,RELIANCE.NS
2024-05-22,1436.2750244140625,1468.7750244140625,1436.2750244140625,1460.6500244140625,1449.91845703125,10281604,RELIANCE.NS
2024-05-23,1458.550048828125,1492.2249755859375,1455.0,1486.050048828125,1475.1319580078125,14608260,RELIANCE.NS
2024-05-24,1483.625,1488.5,1476.0999755859375,1480.25,1469.37451171875,7094776,RELIANCE.NS
2024-05-27,1480.2249755859375,1484.9000244140625,1461.550048828125,1466.25,1455.4774169921875,6629010,RELIANCE.NS
2024-05-28,1468.0,1478.5,1452.75,1456.199951171875,1445.501220703125,7820162,RELIANCE.NS
2024-05-29,1446.5,1458.0,1438.449951171875,1440.7750244140625,1430.1895751953125,7383556,RELIANCE.NS
2024-05-30,1435.5,1440.4000244140625,1420.0999755859375,1424.8499755859375,1414.3814697265625,13206858,RELIANCE.NS
2024-05-31,1431.300048828125,1442.25,1422.25,1430.4000244140625,1419.8907470703125,31069832,RELIANCE.NS
2024-06-03,1483.0,1514.5,1459.0,1510.324951171875,1499.228515625,21527942,RELIANCE.NS
2024-06-04,1498.050048828125,1498.050048828125,1359.300048828125,1397.2750244140625,1387.0091552734375,36709098,RELIANCE.NS
2024-06-05,1422.0,1431.1500244140625,1384.0999755859375,1420.75,1410.3116455078125,17464890,RELIANCE.NS
2024-06-06,1435.0,1443.699951171875,1421.3499755859375,1431.5999755859375,1421.0819091796875,17855722,RELIANCE.NS
2024-06-07,1428.5,1472.0,1426.5,1469.949951171875,1459.1500244140625,18558696,RELIANCE.NS
2024-06-10,1469.949951171875,1493.3499755859375,1468.074951171875,1471.4000244140625,1460.5894775390625,9251760,RELIANCE.NS
2024-06-11,1469.0,1473.675048828125,1454.675048828125,1456.675048828125,1445.9727783203125,11774902,RELIANCE.NS
2024-06-12,1457.5,1476.0,1455.175048828125,1463.324951171875,1452.57373046875,10081742,RELIANCE.NS
2024-06-13,1472.0,1472.25,1460.0999755859375,1465.25,1454.4847412109375,9181160,RELIANCE.NS
2024-06-14,1470.0,1479.675048828125,1457.2249755859375,1477.550048828125,1466.6944580078125,8157998,RELIANCE.NS
2024-06-18,1487.3499755859375,1487.4000244140625,1471.3499755859375,1481.0250244140625,1470.1439208984375,7196766,RELIANCE.NS
2024-06-19,1487.5,1487.5,1456.0,1458.6500244140625,1447.9332275390625,8725874,RELIANCE.NS
2024-06-20,1459.0,1482.8499755859375,1450.0999755859375,1473.699951171875,1462.87255859375,16113776,RELIANCE.NS
2024-06-21,1473.625,1474.699951171875,1440.574951171875,1454.199951171875,1443.515869140625,31170360,RELIANCE.NS
2024-06-24,1445.5250244140625,1449.5,1437.5,1441.4749755859375,1430.88427734375,8878386,RELIANCE.NS
2024-06-25,1443.0,1455.925048828125,1441.0,1454.1500244140625,1443.46630859375,7045386,RELIANCE.NS
2024-06-26,1446.050048828125,1518.9749755859375,1445.125,1514.0250244140625,1502.9013671875,22014882,RELIANCE.NS
2024-06-27,1513.75,1537.5,1506.0,1530.550048828125,1519.3050537109375,28383030,RELIANCE.NS
2024-06-28,1531.0250244140625,1581.0,1531.0250244140625,1565.4000244140625,1553.89892578125,28957336,RELIANCE.NS
2024-07-01,1562.5250244140625,1579.4000244140625,1555.675048828125,1560.1500244140625,1548.6875,7724306,RELIANCE.NS
2024-07-02,1569.5,1573.5,1557.0,1565.175048828125,1553.675537109375,7749246,RELIANCE.NS
2024-07-03,1566.324951171875,1575.0,1542.7750244140625,1552.425048828125,1541.019287109375,9049620,RELIANCE.NS
2024-07-04,1557.0,1567.5,1550.800048828125,1554.0250244140625,1542.6075439453125,6837176,RELIANCE.NS
2024-07-05,1553.824951171875,1598.5,1548.0,1588.625,1576.9532470703125,12269710,RELIANCE.NS
2024-07-08,1589.0,1608.800048828125,1582.5250244140625,1600.9000244140625,1589.1380615234375,9500806,RELIANCE.NS
2024-07-09,1597.5999755859375,1600.5,1580.5,1590.2750244140625,1578.5911865234375,6960002,RELIANCE.NS
2024-07-10,1595.0,1597.5,1563.1500244140625,1584.2249755859375,1572.5855712890625,7134578,RELIANCE.NS
2024-07-11,1587.5,1604.25,1570.5,1580.6500244140625,1569.036865234375,11940946,RELIANCE.NS
2024-07-12,1584.5,1605.1500244140625,1574.5,1596.7249755859375,1584.9937744140625,12924784,RELIANCE.NS
2024-07-15,1604.449951171875,1605.8499755859375,1585.5,1597.2249755859375,1585.4901123046875,5329688,RELIANCE.NS
2024-07-16,1593.5,1600.0,1569.125,1576.25,1564.669189453125,9386838,RELIANCE.NS
2024-07-18,1576.0,1593.9000244140625,1557.824951171875,1586.675048828125,1575.0177001953125,12298374,RELIANCE.NS
2024-07-19,1586.0,1589.9749755859375,1552.800048828125,1555.1500244140625,1543.7242431640625,13140390,RELIANCE.NS
2024-07-22,1537.25,1537.5,1499.2750244140625,1500.675048828125,1489.6495361328125,19674376,RELIANCE.NS
2024-07-23,1501.0,1505.75,1463.0,1487.9000244140625,1476.96826171875,18052044,RELIANCE.NS
2024-07-24,1485.0,1509.5,1476.4000244140625,1495.699951171875,1484.7109375,11913362,RELIANCE.NS
2024-07-25,1481.0,1500.4749755859375,1477.074951171875,1492.4000244140625,1481.435302734375,12519876,RELIANCE.NS
2024-07-26,1492.4000244140625,1512.425048828125,1490.3499755859375,1509.0250244140625,1497.9381103515625,9859940,RELIANCE.NS
2024-07-29,1511.949951171875,1527.5,1511.7750244140625,1520.0999755859375,1508.931640625,7538550,RELIANCE.NS
2024-07-30,1517.0250244140625,1525.0,1510.0,1513.1500244140625,1502.0328369140625,8228208,RELIANCE.NS
2024-07-31,1504.0,1510.449951171875,1501.1500244140625,1505.425048828125,1494.364501953125,10057346,RELIANCE.NS
2024-08-01,1512.0,1518.0,1504.300048828125,1515.300048828125,1504.1671142578125,10764222,RELIANCE.NS
2024-08-02,1505.0,1509.324951171875,1493.2750244140625,1499.324951171875,1488.309326171875,10268248,RELIANCE.NS
2024-08-05,1480.0,1483.9000244140625,1433.25,1447.324951171875,1436.69140625,17046704,RELIANCE.NS
2024-08-06,1455.1500244140625,1477.5,1451.324951171875,1456.050048828125,1445.352294921875,10236186,RELIANCE.NS
2024-08-07,1469.0,1472.5,1461.5,1464.824951171875,1454.062744140625,8174568,RELIANCE.NS
2024-08-08,1457.5250244140625,1465.0,1445.925048828125,1449.125,1438.4781494140625,12387192,RELIANCE.NS
2024-08-09,1460.0,1476.5,1456.0,1474.300048828125,1463.46826171875,6249776,RELIANCE.NS
2024-08-12,1470.0,1473.0,1457.75,1460.625,1449.8936767578125,8184584,RELIANCE.NS
2024-08-13,1460.75,1470.074951171875,1458.0,1463.625,1452.8717041015625,6265064,RELIANCE.NS
2024-08-14,1463.550048828125,1472.0,1453.699951171875,1461.8499755859375,1451.109619140625,6267466,RELIANCE.NS
2024-08-16,1468.6500244140625,1480.4000244140625,1458.050048828125,1478.199951171875,1467.339599609375,9416902,RELIANCE.NS
2024-08-19,1482.5,1498.300048828125,1480.5,1488.4000244140625,1482.4791259765625,13797742,RELIANCE.NS
2024-08-20,1497.2249755859375,1503.925048828125,1490.0250244140625,1495.949951171875,1489.9990234375,8411808,RELIANCE.NS
2024-08-21,1493.25,1507.875,1490.0,1498.675048828125,1492.7132568359375,7769996,RELIANCE.NS
2024-08-22,1503.0,1506.5,1490.6500244140625,1498.125,1492.1654052734375,10445782,RELIANCE.NS
2024-08-23,1503.75,1511.324951171875,1498.425048828125,1499.9749755859375,1494.008056640625,9249654,RELIANCE.NS
2024-08-26,1506.9749755859375,1523.0,1503.0,1512.5999755859375,1506.5828857421875,8816114,RELIANCE.NS
2024-08-27,1510.5,1513.4749755859375,1499.449951171875,1500.449951171875,1494.481201171875,6251156,RELIANCE.NS
2024-08-28,1505.0,1507.4749755859375,1493.0,1498.300048828125,1492.33984375,9610286,RELIANCE.NS
2024-08-29,1503.0999755859375,1537.0,1494.0,1520.925048828125,1514.874755859375,38335358,RELIANCE.NS
2024-08-30,1534.0,1539.7249755859375,1503.324951171875,1509.625,1503.6197509765625,41620730,RELIANCE.NS
2024-09-02,1510.875,1526.800048828125,1506.625,1516.25,1510.2183837890625,11240852,RELIANCE.NS
2024-09-03,1521.25,1523.0,1507.5,1509.125,1503.1217041015625,10923800,RELIANCE.NS
2024-09-04,1500.699951171875,1517.5,1499.5,1514.550048828125,1508.525146484375,11983304,RELIANCE.NS
2024-09-05,1519.050048828125,1525.7750244140625,1487.050048828125,1492.9749755859375,1487.035888671875,16264168,RELIANCE.NS
2024-09-06,1492.5,1497.0,1461.625,1464.824951171875,1458.997802734375,19394228,RELIANCE.NS
2024-09-09,1466.5,1469.925048828125,1455.5999755859375,1462.449951171875,1456.63232421875,9010298,RELIANCE.NS
2024-09-10,1460.5,1472.050048828125,1457.574951171875,1461.5250244140625,1455.7110595703125,10768260,RELIANCE.NS
2024-09-11,1463.050048828125,1468.75,1447.550048828125,1451.5,1445.7259521484375,9760202,RELIANCE.NS
2024-09-12,1457.0,1486.0,1445.875,1479.800048828125,1473.913330078125,22349376,RELIANCE.NS
2024-09-13,1476.4000244140625,1483.1500244140625,1469.5,1472.625,1466.766845703125,8711328,RELIANCE.NS
2024-09-16,1477.550048828125,1480.9000244140625,1464.75,1471.3499755859375,1465.4969482421875,5481774,RELIANCE.NS
2024-09-17,1474.0,1477.4749755859375,1466.625,1472.300048828125,1466.4432373046875,5935328,RELIANCE.NS
2024-09-18,1470.0,1482.0,1460.550048828125,1463.449951171875,1457.6282958984375,8574714,RELIANCE.NS
2024-09-19,1466.25,1476.5,1455.550048828125,1469.675048828125,1463.82861328125,16955902,RELIANCE.NS
2024-09-20,1474.0,1495.0,1471.375,1485.925048828125,1480.0140380859375,30897320,RELIANCE.NS
2024-09-23,1491.0,1501.5,1488.949951171875,1493.375,1487.434326171875,8832314,RELIANCE.NS
2024-09-24,1488.5,1500.5,1487.875,1489.375,1483.4501953125,17137444,RELIANCE.NS
2024-09-25,1483.9000244140625,1496.5,1480.199951171875,1493.949951171875,1488.0069580078125,7069002,RELIANCE.NS
2024-09-26,1490.6500244140625,1504.0,1488.050048828125,1497.949951171875,1491.9910888671875,18818998,RELIANCE.NS
2024-09-27,1499.0,1533.4749755859375,1492.0,1526.175048828125,1520.1038818359375,20597478,RELIANCE.NS
2024-09-30,1519.4000244140625,1524.9749755859375,1474.4000244140625,1476.574951171875,1470.701171875,27008814,RELIANCE.NS
2024-10-01,1480.6500244140625,1487.949951171875,1462.824951171875,1464.824951171875,1458.997802734375,16431642,RELIANCE.NS
2024-10-03,1436.574951171875,1449.4000244140625,1402.074951171875,1406.9749755859375,1401.3780517578125,37757294,RELIANCE.NS
2024-10-04,1403.925048828125,1417.3499755859375,1381.7750244140625,1386.5250244140625,1381.0093994140625,37072876,RELIANCE.NS
2024-10-07,1393.5,1396.5,1361.375,1370.7249755859375,1365.272216796875,22181340,RELIANCE.NS
2024-10-08,1372.9749755859375,1401.0,1365.0999755859375,1397.3499755859375,1391.791259765625,17020808,RELIANCE.NS
2024-10-09,1397.5250244140625,1400.9749755859375,1372.5,1374.5999755859375,1369.1318359375,14310610,RELIANCE.NS
2024-10-10,1380.0250244140625,1386.0,1369.425048828125,1371.050048828125,1365.595947265625,22358646,RELIANCE.NS
2024-10-11,1370.0,1383.2750244140625,1368.824951171875,1372.0999755859375,1366.6417236328125,7980122,RELIANCE.NS
2024-10-14,1379.449951171875,1380.074951171875,1368.25,1372.5250244140625,1367.0650634765625,12221432,RELIANCE.NS
2024-10-15,1358.5250244140625,1371.699951171875,1340.699951171875,1344.0250244140625,1338.678466796875,33762794,RELIANCE.NS
2024-10-16,1340.0,1364.0,1337.625,1354.074951171875,1348.6884765625,20034438,RELIANCE.NS
2024-10-17,1365.699951171875,1368.449951171875,1352.050048828125,1356.425048828125,1351.0291748046875,15543660,RELIANCE.NS
2024-10-18,1352.175048828125,1368.425048828125,1341.324951171875,1359.300048828125,1353.8927001953125,12082452,RELIANCE.NS
2024-10-21,1367.125,1374.0,1357.7249755859375,1369.199951171875,1363.7532958984375,14067408,RELIANCE.NS
2024-10-22,1369.199951171875,1376.0,1340.2249755859375,1343.3499755859375,1338.006103515625,15831960,RELIANCE.NS
2024-10-23,1337.5,1357.4749755859375,1335.0,1338.5250244140625,1333.2003173828125,17214742,RELIANCE.NS
2024-10-24,1335.2750244140625,1343.699951171875,1323.125,1339.800048828125,1334.4703369140625,22155934,RELIANCE.NS
2024-10-25,1343.5,1344.3499755859375,1322.0,1327.8499755859375,1322.5677490234375,18597496,RELIANCE.NS
2024-10-28,1337.0,1353.0,1322.0999755859375,1334.3499755859375,1329.0418701171875,10824350,RELIANCE.NS
2024-10-29,1328.0999755859375,1343.199951171875,1320.300048828125,1340.0,1334.66943359375,12008361,RELIANCE.NS
2024-10-30,1335.0,1350.0,1325.3499755859375,1343.9000244140625,1338.553955078125,11984423,RELIANCE.NS
2024-10-31,1340.0,1343.0,1326.1500244140625,1332.050048828125,1326.7510986328125,9331650,RELIANCE.NS
2024-11-01,1333.050048828125,1341.949951171875,1333.0,1338.6500244140625,1333.3248291015625,2127335,RELIANCE.NS
2024-11-04,1337.8499755859375,1340.0,1285.0999755859375,1302.1500244140625,1296.9700927734375,19796890,RELIANCE.NS
2024-11-05,1293.0,1309.550048828125,1286.1500244140625,1305.300048828125,1300.1075439453125,16267479,RELIANCE.NS
2024-11-06,1310.0,1328.300048828125,1300.199951171875,1325.3499755859375,1320.0777587890625,21625209,RELIANCE.NS
2024-11-07,1324.0,1324.0,1302.5999755859375,1305.6500244140625,1300.4561767578125,9611974,RELIANCE.NS
2024-11-08,1297.6500244140625,1301.6500244140625,1275.0,1283.75,1278.6431884765625,19814406,RELIANCE.NS
2024-11-11,1278.949951171875,1286.0,1267.0,1272.699951171875,1267.6370849609375,9056552,RELIANCE.NS
2024-11-12,1275.550048828125,1289.300048828125,1267.5,1274.25,1269.1810302734375,10671091,RELIANCE.NS
2024-11-13,1270.25,1275.449951171875,1249.5,1252.050048828125,1247.0693359375,14633633,RELIANCE.NS
2024-11-14,1253.5999755859375,1272.5999755859375,1251.0999755859375,1267.5999755859375,1262.5574951171875,12612633,RELIANCE.NS
2024-11-18,1267.5999755859375,1272.9000244140625,1243.9000244140625,1260.75,1255.7347412109375,13620611,RELIANCE.NS
2024-11-19,1260.75,1281.5,1235.1500244140625,1241.6500244140625,1236.710693359375,14183746,RELIANCE.NS
2024-11-21,1241.6500244140625,1243.949951171875,1217.25,1223.0,1218.1348876953125,19433843,RELIANCE.NS
2024-11-22,1229.4000244140625,1268.8499755859375,1222.449951171875,1265.4000244140625,1260.3662109375,20471957,RELIANCE.NS
2024-11-25,1290.0,1304.449951171875,1282.449951171875,1287.0,1281.8802490234375,28923341,RELIANCE.NS
2024-11-26,1294.949951171875,1297.8499755859375,1284.199951171875,1295.699951171875,1290.545654296875,9247557,RELIANCE.NS
2024-11-27,1293.5,1303.8499755859375,1286.0,1293.199951171875,1288.0555419921875,9572746,RELIANCE.NS
2024-11-28,1289.949951171875,1296.5999755859375,1269.050048828125,1270.800048828125,1265.7447509765625,15027412,RELIANCE.NS
2024-11-29,1280.0,1299.5,1275.25,1292.199951171875,1287.0595703125,13202307,RELIANCE.NS
2024-12-02,1288.0,1311.3499755859375,1277.050048828125,1309.1500244140625,1303.9422607421875,11024152,RELIANCE.NS
2024-12-03,1317.0,1326.800048828125,1307.0,1323.300048828125,1318.035888671875,16869482,RELIANCE.NS
2024-12-04,1326.0,1328.4000244140625,1304.050048828125,1308.949951171875,1303.742919921875,19608540,RELIANCE.NS
2024-12-05,1314.3499755859375,1329.949951171875,1306.1500244140625,1322.050048828125,1316.7908935546875,16858723,RELIANCE.NS
2024-12-06,1323.9000244140625,1323.9000244140625,1310.0,1311.550048828125,1306.3326416015625,9037514,RELIANCE.NS
2024-12-09,1303.0,1315.0,1293.0999755859375,1295.1500244140625,1289.9979248046875,14650002,RELIANCE.NS
2024-12-10,1289.25,1294.9000244140625,1280.199951171875,1284.8499755859375,1279.73876953125,16043729,RELIANCE.NS
2024-12-11,1285.0,1290.0,1276.050048828125,1278.199951171875,1273.115234375,11724373,RELIANCE.NS
2024-12-12,1270.0,1278.199951171875,1260.5999755859375,1262.9000244140625,1257.876220703125,20906813,RELIANCE.NS
2024-12-13,1260.0,1275.199951171875,1239.5999755859375,1272.8499755859375,1267.78662109375,28630222,RELIANCE.NS
2024-12-16,1275.0,1281.0,1266.550048828125,1268.300048828125,1263.2547607421875,9486781,RELIANCE.NS
2024-12-17,1261.050048828125,1263.9000244140625,1242.800048828125,1245.300048828125,1240.34619140625,17462791,RELIANCE.NS
2024-12-18,1240.6500244140625,1259.949951171875,1240.6500244140625,1253.25,1248.2645263671875,12670179,RELIANCE.NS
2024-12-19,1239.0,1244.9000244140625,1229.0,1230.449951171875,1225.55517578125,14244653,RELIANCE.NS
2024-12-20,1224.0,1239.5,1201.5,1205.300048828125,1200.50537109375,20312896,RELIANCE.NS
2024-12-23,1215.0,1227.199951171875,1213.199951171875,1222.300048828125,1217.437744140625,10052824,RELIANCE.NS
2024-12-24,1222.300048828125,1233.550048828125,1221.0,1222.75,1217.8858642578125,6734917,RELIANCE.NS
2024-12-26,1224.25,1227.699951171875,1214.25,1216.550048828125,1211.7105712890625,10016178,RELIANCE.NS
2024-12-27,1218.300048828125,1227.9000244140625,1217.0,1221.050048828125,1216.1927490234375,7000397,RELIANCE.NS
2024-12-30,1216.4000244140625,1223.199951171875,1208.0999755859375,1210.699951171875,1205.8837890625,8818766,RELIANCE.NS
2024-12-31,1208.0,1219.0999755859375,1206.1500244140625,1215.449951171875,1210.6148681640625,6405475,RELIANCE.NS
2025-01-01,1214.8499755859375,1226.300048828125,1211.5999755859375,1221.25,1216.391845703125,5892590,RELIANCE.NS
2025-01-02,1221.25,1244.449951171875,1220.0,1241.800048828125,1236.860107421875,15486276,RELIANCE.NS
2025-01-03,1243.9000244140625,1262.050048828125,1235.5,1251.1500244140625,1246.1729736328125,15521102,RELIANCE.NS
2025-01-06,1253.949951171875,1262.0,1215.0,1218.0,1213.15478515625,14816766,RELIANCE.NS
2025-01-07,1222.0,1244.5,1221.25,1240.8499755859375,1235.913818359375,10070505,RELIANCE.NS
2025-01-08,1249.0,1271.050048828125,1245.3499755859375,1265.5,1260.4658203125,19346579,RELIANCE.NS
2025-01-09,1267.0,1269.75,1248.050048828125,1254.75,1249.758544921875,12794704,RELIANCE.NS
2025-01-10,1253.8499755859375,1256.75,1236.0,1241.9000244140625,1236.959716796875,8120332,RELIANCE.NS
2025-01-13,1230.0,1245.25,1226.4000244140625,1239.8499755859375,1234.9178466796875,13764861,RELIANCE.NS
2025-01-14,1244.0999755859375,1253.3499755859375,1227.25,1238.75,1233.822265625,13095266,RELIANCE.NS
2025-01-15,1244.949951171875,1257.0,1241.8499755859375,1252.199951171875,1247.2186279296875,9578856,RELIANCE.NS
2025-01-16,1258.9000244140625,1275.0,1251.300048828125,1266.449951171875,1261.4119873046875,14117603,RELIANCE.NS
2025-01-17,1322.25,1326.0,1285.0,1302.3499755859375,1297.169189453125,29366277,RELIANCE.NS
2025-01-20,1316.0,1316.0,1300.25,1305.449951171875,1300.2568359375,14040244,RELIANCE.NS
2025-01-21,1310.5,1313.0,1270.199951171875,1273.699951171875,1268.6331787109375,14562976,RELIANCE.NS
2025-01-22,1278.300048828125,1282.9000244140625,1268.699951171875,1277.0999755859375,1272.0196533203125,10273590,RELIANCE.NS
2025-01-23,1270.0,1277.3499755859375,1261.5999755859375,1263.6500244140625,1258.6231689453125,8720682,RELIANCE.NS
2025-01-24,1266.0,1273.0,1243.5,1246.300048828125,1241.34228515625,14235970,RELIANCE.NS
2025-01-27,1239.0999755859375,1240.449951171875,1220.0,1229.3499755859375,1224.4595947265625,9536019,RELIANCE.NS
2025-01-28,1238.0,1244.75,1218.5,1234.4000244140625,1229.4896240234375,10568025,RELIANCE.NS
2025-01-29,1236.0,1242.75,1228.050048828125,1235.5,1230.585205078125,5928156,RELIANCE.NS
2025-01-30,1235.550048828125,1257.0,1232.4000244140625,1253.050048828125,1248.0654296875,9269259,RELIANCE.NS
2025-01-31,1255.8499755859375,1267.0,1249.0,1265.0999755859375,1260.0673828125,6584612,RELIANCE.NS
2025-02-01,1265.0999755859375,1270.550048828125,1241.0,1264.5999755859375,1259.5693359375,7118453,RELIANCE.NS
2025-02-03,1251.0,1256.0,1237.550048828125,1245.9000244140625,1240.94384765625,9252345,RELIANCE.NS
2025-02-04,1248.050048828125,1288.800048828125,1246.5999755859375,1285.199951171875,1280.08740234375,16691069,RELIANCE.NS
2025-02-05,1282.6500244140625,1290.5,1276.699951171875,1278.199951171875,1273.115234375,10112028,RELIANCE.NS
2025-02-06,1273.699951171875,1288.0,1270.3499755859375,1281.550048828125,1276.4520263671875,9956001,RELIANCE.NS
2025-02-07,1276.1500244140625,1283.699951171875,1262.0,1266.699951171875,1261.6610107421875,8764283,RELIANCE.NS
2025-02-10,1264.5,1266.5,1245.550048828125,1253.6500244140625,1248.6629638671875,6970972,RELIANCE.NS
2025-02-11,1264.550048828125,1264.550048828125,1230.0999755859375,1234.8499755859375,1229.937744140625,8859714,RELIANCE.NS
2025-02-12,1219.449951171875,1226.9000244140625,1193.3499755859375,1216.550048828125,1211.7105712890625,21131654,RELIANCE.NS
2025-02-13,1217.050048828125,1228.0,1212.0,1216.0999755859375,1211.2623291015625,8511216,RELIANCE.NS
2025-02-14,1219.0,1224.0,1205.449951171875,1217.25,1212.40771484375,10298145,RELIANCE.NS
2025-02-17,1211.0999755859375,1227.5,1204.5,1224.9000244140625,1220.02734375,8166683,RELIANCE.NS
2025-02-18,1224.8499755859375,1229.9000244140625,1216.0999755859375,1225.4000244140625,1220.525390625,6673250,RELIANCE.NS
2025-02-19,1219.5,1232.75,1217.550048828125,1227.449951171875,1222.567138671875,6217338,RELIANCE.NS
2025-02-20,1223.949951171875,1239.3499755859375,1222.0,1233.0,1228.0950927734375,7795582,RELIANCE.NS
2025-02-21,1228.699951171875,1240.0,1222.1500244140625,1228.1500244140625,1223.264404296875,6904025,RELIANCE.NS
2025-02-24,1216.550048828125,1223.25,1210.5,1214.550048828125,1209.718505859375,7172498,RELIANCE.NS
2025-02-25,1211.0,1221.0,1201.5,1204.0,1199.21044921875,11552182,RELIANCE.NS
2025-02-27,1212.800048828125,1215.0,1200.6500244140625,1207.0999755859375,1202.298095703125,11509215,RELIANCE.NS
2025-02-28,1202.0,1217.3499755859375,1193.300048828125,1200.0999755859375,1195.325927734375,23007298,RELIANCE.NS
2025-03-03,1204.0,1206.449951171875,1156.0,1171.25,1166.5906982421875,17944938,RELIANCE.NS
2025-03-04,1162.199951171875,1174.0,1159.550048828125,1161.9000244140625,1157.2779541015625,11377373,RELIANCE.NS
2025-03-05,1161.0,1183.0,1157.0,1175.5999755859375,1170.9234619140625,8664095,RELIANCE.NS
2025-03-06,1197.0,1213.949951171875,1185.1500244140625,1209.5999755859375,1204.7882080078125,14468014,RELIANCE.NS
2025-03-07,1216.0,1254.800048828125,1212.0,1249.800048828125,1244.828369140625,16474965,RELIANCE.NS
2025-03-10,1245.0,1258.0,1235.4000244140625,1238.4000244140625,1233.4736328125,11931051,RELIANCE.NS
2025-03-11,1240.0,1249.5,1229.75,1247.300048828125,1242.3382568359375,10089838,RELIANCE.NS
2025-03-12,1258.0,1263.0,1244.0,1257.050048828125,1252.0494384765625,11977555,RELIANCE.NS
2025-03-13,1260.050048828125,1264.1500244140625,1243.8499755859375,1247.9000244140625,1242.9359130859375,9505270,RELIANCE.NS
2025-03-17,1242.1500244140625,1257.4000244140625,1233.0999755859375,1238.8499755859375,1233.9217529296875,16640917,RELIANCE.NS
2025-03-18,1238.8499755859375,1238.8499755859375,1238.8499755859375,1238.8499755859375,1233.9217529296875,0,RELIANCE.NS
2025-03-19,1241.050048828125,1253.25,1238.800048828125,1247.1500244140625,1242.1888427734375,16162399,RELIANCE.NS
2025-03-20,1251.8499755859375,1273.0,1250.050048828125,1269.1500244140625,1264.101318359375,15971477,RELIANCE.NS
2025-03-21,1275.0,1281.0,1270.0999755859375,1276.3499755859375,1271.2725830078125,21780769,RELIANCE.NS
2025-03-24,1291.0,1306.0,1284.25,1302.0999755859375,1296.920166015625,20299319,RELIANCE.NS
2025-03-25,1307.699951171875,1307.699951171875,1282.5999755859375,1285.449951171875,1280.33642578125,13713899,RELIANCE.NS
2025-03-26,1291.0,1293.800048828125,1268.75,1273.050048828125,1267.98583984375,12074747,RELIANCE.NS
2025-03-27,1278.1500244140625,1285.0,1271.300048828125,1278.199951171875,1273.115234375,15028056,RELIANCE.NS
2025-03-28,1280.0,1295.75,1269.0,1275.0999755859375,1270.027587890625,18147129,RELIANCE.NS
2025-04-01,1264.5999755859375,1277.9000244140625,1249.300048828125,1252.5999755859375,1247.6170654296875,12099648,RELIANCE.NS
2025-04-02,1247.550048828125,1255.550048828125,1243.9000244140625,1251.1500244140625,1246.1729736328125,10142590,RELIANCE.NS
2025-04-03,1233.050048828125,1251.800048828125,1233.050048828125,1248.699951171875,1243.732666015625,7434366,RELIANCE.NS
2025-04-04,1241.0999755859375,1245.449951171875,1193.1500244140625,1204.699951171875,1199.9075927734375,17908652,RELIANCE.NS
2025-04-07,1132.199951171875,1171.25,1114.8499755859375,1165.699951171875,1161.062744140625,22156106,RELIANCE.NS
2025-04-08,1172.0,1196.5999755859375,1163.300048828125,1182.199951171875,1177.4971923828125,19555040,RELIANCE.NS
2025-04-09,1169.5,1189.800048828125,1168.0,1185.3499755859375,1180.6346435546875,10223104,RELIANCE.NS
2025-04-11,1195.1500244140625,1222.6500244140625,1195.1500244140625,1218.949951171875,1214.1009521484375,11224242,RELIANCE.NS
2025-04-15,1251.0,1251.0,1237.0999755859375,1240.0999755859375,1235.1668701171875,13378535,RELIANCE.NS
2025-04-16,1234.0999755859375,1240.9000244140625,1229.0,1239.300048828125,1234.3701171875,8248464,RELIANCE.NS
2025-04-17,1240.199951171875,1280.199951171875,1227.5999755859375,1274.5,1269.4300537109375,15398401,RELIANCE.NS
2025-04-21,1270.0,1300.9000244140625,1267.0,1295.5,1290.346435546875,10429964,RELIANCE.NS
2025-04-22,1300.0,1303.9000244140625,1286.300048828125,1291.199951171875,1286.0635986328125,13051707,RELIANCE.NS
2025-04-23,1297.0,1306.0,1285.4000244140625,1300.0,1294.82861328125,10480888,RELIANCE.NS
2025-04-24,1292.4000244140625,1304.5,1290.300048828125,1301.5999755859375,1296.4222412109375,10468940,RELIANCE.NS
2025-04-25,1303.5,1325.199951171875,1288.0999755859375,1300.4000244140625,1295.22705078125,14431012,RELIANCE.NS
2025-04-28,1340.0,1374.5999755859375,1320.199951171875,1368.800048828125,1363.35498046875,31104496,RELIANCE.NS
2025-04-29,1371.0,1410.9000244140625,1370.0,1399.699951171875,1394.1319580078125,32538970,RELIANCE.NS
2025-04-30,1402.0,1412.4000244140625,1369.0,1405.0,1399.410888671875,25480745,RELIANCE.NS
2025-05-02,1414.0,1426.699951171875,1409.0999755859375,1419.800048828125,1414.152099609375,13007841,RELIANCE.NS
2025-05-05,1431.0,1439.5,1426.9000244140625,1431.300048828125,1425.6063232421875,12685649,RELIANCE.NS
2025-05-06,1431.0,1432.0,1410.5999755859375,1420.9000244140625,1415.2476806640625,14084117,RELIANCE.NS
2025-05-07,1420.9000244140625,1424.4000244140625,1402.699951171875,1406.0,1400.4068603515625,13440169,RELIANCE.NS
2025-05-08,1404.0999755859375,1420.800048828125,1398.0,1407.0,1401.4029541015625,16106175,RELIANCE.NS
2025-05-09,1385.5,1394.800048828125,1374.5,1377.199951171875,1371.721435546875,13668904,RELIANCE.NS
2025-05-12,1400.0,1439.0,1400.0,1436.5,1430.7855224609375,10674081,RELIANCE.NS
2025-05-13,1433.5,1447.699951171875,1412.4000244140625,1415.699951171875,1410.0682373046875,11407896,RELIANCE.NS
2025-05-14,1420.0,1429.9000244140625,1415.5,1424.4000244140625,1418.7337646484375,5570160,RELIANCE.NS
2025-05-15,1425.0,1461.4000244140625,1412.699951171875,1454.199951171875,1448.4151611328125,20177211,RELIANCE.NS
2025-05-16,1453.199951171875,1461.0,1447.300048828125,1456.4000244140625,1450.6064453125,9036695,RELIANCE.NS
2025-05-19,1452.0999755859375,1454.5999755859375,1438.199951171875,1440.800048828125,1435.0684814453125,6195791,RELIANCE.NS
2025-05-20,1438.199951171875,1445.0,1421.800048828125,1424.5999755859375,1418.932861328125,11270560,RELIANCE.NS
2025-05-21,1423.9000244140625,1436.199951171875,1418.0999755859375,1429.199951171875,1423.5145263671875,6136364,RELIANCE.NS
2025-05-22,1421.199951171875,1423.800048828125,1396.9000244140625,1409.4000244140625,1403.79345703125,12134466,RELIANCE.NS
2025-05-23,1406.5999755859375,1433.800048828125,1406.5999755859375,1426.800048828125,1421.124267578125,6474883,RELIANCE.NS
2025-05-26,1432.0,1441.0,1425.0999755859375,1434.800048828125,1429.0924072265625,4842944,RELIANCE.NS
2025-05-27,1426.0999755859375,1437.0,1413.9000244140625,1422.0999755859375,1416.44287109375,12640414,RELIANCE.NS
2025-05-28,1420.0999755859375,1422.5999755859375,1410.699951171875,1412.9000244140625,1407.279541015625,5944611,RELIANCE.NS
2025-05-29,1412.0999755859375,1420.0,1408.5999755859375,1417.800048828125,1412.1600341796875,13771917,RELIANCE.NS
2025-05-30,1418.0,1430.5999755859375,1409.699951171875,1420.9000244140625,1415.2476806640625,13788484,RELIANCE.NS
2025-06-02,1412.0999755859375,1417.5,1395.5999755859375,1413.699951171875,1408.0762939453125,8098668,RELIANCE.NS
2025-06-03,1422.300048828125,1426.5,1403.4000244140625,1405.5,1399.908935546875,11252626,RELIANCE.NS
2025-06-04,1414.699951171875,1425.699951171875,1406.0999755859375,1423.5,1417.8372802734375,8126827,RELIANCE.NS
2025-06-05,1428.0,1454.699951171875,1423.5999755859375,1442.4000244140625,1436.662109375,13716817,RELIANCE.NS
2025-06-06,1441.0,1451.5,1437.0,1443.5,1437.7576904296875,8182161,RELIANCE.NS
2025-06-09,1457.0,1457.5,1445.300048828125,1448.800048828125,1443.0367431640625,7885125,RELIANCE.NS
2025-06-10,1450.0,1453.9000244140625,1436.0,1438.5,1432.777587890625,7913181,RELIANCE.NS
2025-06-11,1445.800048828125,1468.5999755859375,1443.0999755859375,1448.9000244140625,1443.13623046875,8195700,RELIANCE.NS
2025-06-12,1453.5,1457.0,1434.4000244140625,1441.5999755859375,1435.865234375,8828114,RELIANCE.NS
2025-06-13,1424.0,1435.5,1414.300048828125,1427.9000244140625,1422.2198486328125,9757276,RELIANCE.NS
2025-06-16,1426.9000244140625,1442.4000244140625,1424.4000244140625,1437.800048828125,1432.0804443359375,8458093,RELIANCE.NS
2025-06-17,1448.0,1448.0,1425.800048828125,1431.199951171875,1425.506591796875,10366599,RELIANCE.NS
2025-06-18,1430.0,1442.800048828125,1425.699951171875,1430.0999755859375,1424.4110107421875,6681735,RELIANCE.NS
2025-06-19,1430.0999755859375,1439.9000244140625,1425.699951171875,1433.300048828125,1427.598388671875,10007230,RELIANCE.NS
2025-06-20,1431.0,1471.0,1428.0999755859375,1466.199951171875,1460.367431640625,29010635,RELIANCE.NS
2025-06-23,1453.0,1463.800048828125,1442.0,1456.800048828125,1451.0048828125,5989078,RELIANCE.NS
2025-06-24,1465.0,1475.0,1443.0999755859375,1450.800048828125,1445.0286865234375,16402744,RELIANCE.NS
2025-06-25,1464.0,1472.4000244140625,1460.5,1467.300048828125,1461.463134765625,7525851,RELIANCE.NS
2025-06-26,1469.0999755859375,1498.800048828125,1465.0999755859375,1495.300048828125,1489.3516845703125,14657893,RELIANCE.NS
2025-06-27,1499.4000244140625,1522.0,1496.9000244140625,1515.4000244140625,1509.3717041015625,11117052,RELIANCE.NS
2025-06-30,1513.800048828125,1524.800048828125,1496.0,1500.5999755859375,1494.630615234375,8409527,RELIANCE.NS
2025-07-01,1500.5999755859375,1531.4000244140625,1500.0999755859375,1528.4000244140625,1522.320068359375,10368523,RELIANCE.NS
2025-07-02,1528.4000244140625,1530.0,1508.699951171875,1518.800048828125,1512.75830078125,6361002,RELIANCE.NS
2025-07-03,1520.800048828125,1531.9000244140625,1513.0,1517.800048828125,1511.76220703125,11283291,RELIANCE.NS
2025-07-04,1524.0,1530.0,1517.199951171875,1527.300048828125,1521.2244873046875,6603501,RELIANCE.NS
2025-07-07,1526.5999755859375,1544.800048828125,1525.0,1541.5,1535.367919921875,7251074,RELIANCE.NS
2025-07-08,1536.0,1544.9000244140625,1530.199951171875,1537.5999755859375,1531.4833984375,7171261,RELIANCE.NS
2025-07-09,1536.699951171875,1551.0,1510.0999755859375,1519.0,1512.9573974609375,8870660,RELIANCE.NS
2025-07-10,1519.699951171875,1524.699951171875,1507.5,1517.199951171875,1511.16455078125,10047129,RELIANCE.NS
2025-07-11,1512.0,1515.0,1490.300048828125,1495.199951171875,1489.2520751953125,7234991,RELIANCE.NS
2025-07-14,1492.199951171875,1500.0,1479.0999755859375,1483.699951171875,1477.7977294921875,10311846,RELIANCE.NS
2025-07-15,1486.199951171875,1496.5,1482.4000244140625,1485.4000244140625,1479.4910888671875,8132454,RELIANCE.NS
2025-07-16,1473.0,1491.0,1471.5,1485.5999755859375,1479.690185546875,10409983,RELIANCE.NS
2025-07-17,1487.4000244140625,1489.5999755859375,1473.9000244140625,1476.4000244140625,1470.52685546875,11854613,RELIANCE.NS
2025-07-18,1484.800048828125,1484.800048828125,1469.0999755859375,1476.0,1470.12841796875,10296318,RELIANCE.NS
2025-07-21,1465.0,1476.0,1423.0999755859375,1428.5999755859375,1422.9169921875,22442744,RELIANCE.NS
2025-07-22,1427.4000244140625,1431.9000244140625,1410.699951171875,1412.800048828125,1407.179931640625,20396320,RELIANCE.NS
2025-07-23,1426.0,1426.0,1414.4000244140625,1424.5999755859375,1418.932861328125,8354596,RELIANCE.NS
2025-07-24,1419.199951171875,1423.0,1396.0,1402.9000244140625,1397.3192138671875,14740507,RELIANCE.NS
2025-07-25,1398.9000244140625,1401.0,1384.0999755859375,1391.699951171875,1386.1636962890625,11854722,RELIANCE.NS
2025-07-28,1392.300048828125,1407.800048828125,1385.0,1387.5999755859375,1382.080078125,7748361,RELIANCE.NS
2025-07-29,1383.0,1420.199951171875,1383.0,1417.0999755859375,1411.4627685546875,10750072,RELIANCE.NS
2025-07-30,1418.0999755859375,1423.300048828125,1401.300048828125,1410.0999755859375,1404.4906005859375,7209849,RELIANCE.NS
2025-07-31,1388.0999755859375,1402.5999755859375,1382.199951171875,1390.199951171875,1384.669677734375,17065827,RELIANCE.NS
2025-08-01,1386.9000244140625,1405.9000244140625,1384.300048828125,1393.699951171875,1388.15576171875,10321171,RELIANCE.NS
2025-08-04,1395.0999755859375,1416.0999755859375,1391.699951171875,1411.5,1405.885009765625,6312820,RELIANCE.NS
2025-08-05,1411.0,1411.0,1388.0999755859375,1391.699951171875,1386.1636962890625,9315972,RELIANCE.NS
2025-08-06,1391.9000244140625,1395.9000244140625,1383.300048828125,1392.800048828125,1387.259521484375,5834312,RELIANCE.NS
2025-08-07,1387.699951171875,1393.699951171875,1366.0,1389.4000244140625,1383.8729248046875,9976705,RELIANCE.NS
2025-08-08,1385.0,1397.199951171875,1365.0,1367.800048828125,1362.35888671875,8793606,RELIANCE.NS
2025-08-11,1370.0,1388.0,1361.199951171875,1386.199951171875,1380.6856689453125,9997486,RELIANCE.NS
2025-08-12,1381.9000244140625,1401.9000244140625,1375.199951171875,1380.4000244140625,1374.9088134765625,12244664,RELIANCE.NS
2025-08-13,1388.0,1391.800048828125,1377.5,1382.5999755859375,1377.0999755859375,7457021,RELIANCE.NS
2025-08-14,1377.300048828125,1380.699951171875,1370.0999755859375,1373.800048828125,1373.800048828125,7126128,RELIANCE.NS
2025-08-18,1390.0,1394.9000244140625,1377.0,1381.699951171875,1381.699951171875,11785109,RELIANCE.NS
2025-08-19,1390.0,1421.0,1389.0999755859375,1420.0999755859375,1420.0999755859375,14384719,RELIANCE.NS
2025-08-20,1413.0,1424.9000244140625,1410.0,1413.0,1413.0,8725641,RELIANCE.NS
2025-08-21,1425.0,1431.9000244140625,1420.300048828125,1424.800048828125,1424.800048828125,11021323,RELIANCE.NS
2025-08-22,1420.0,1423.4000244140625,1407.9000244140625,1409.199951171875,1409.199951171875,5818868,RELIANCE.NS
2025-08-25,1414.699951171875,1419.5,1405.699951171875,1412.5999755859375,1412.5999755859375,5979407,RELIANCE.NS
2025-08-26,1408.0,1410.0,1381.5999755859375,1384.9000244140625,1384.9000244140625,12145259,RELIANCE.NS
2025-08-27,1384.9000244140625,1384.9000244140625,1384.9000244140625,1384.9000244140625,1384.9000244140625,0,RELIANCE.NS
2025-08-28,1389.9000244140625,1392.199951171875,1366.5,1385.9000244140625,1385.9000244140625,13161813,RELIANCE.NS
2025-08-29,1381.0999755859375,1403.5,1350.0,1357.199951171875,1357.199951171875,18758842,RELIANCE.NS
2025-09-01,1356.0,1363.199951171875,1340.5999755859375,1353.9000244140625,1353.9000244140625,11232238,RELIANCE.NS
2025-09-02,1354.800048828125,1384.5,1354.5,1366.5,1366.5,11517006,RELIANCE.NS
2025-09-03,1369.699951171875,1376.5,1360.5,1372.5999755859375,1372.5999755859375,7847563,RELIANCE.NS
2025-09-04,1371.800048828125,1374.0,1357.0999755859375,1359.300048828125,1359.300048828125,13223177,RELIANCE.NS
2025-09-05,1363.0,1381.0,1359.300048828125,1375.0,1375.0,5777575,RELIANCE.NS
2025-09-08,1380.0,1386.0,1372.4000244140625,1378.5,1378.5,6986720,RELIANCE.NS
2025-09-09,1376.5999755859375,1381.199951171875,1368.699951171875,1376.199951171875,1376.199951171875,9754452,RELIANCE.NS
