date,open,high,low,close,adj_close,volume,ticker
2020-09-11,2330.949951171875,2383.0,2330.14990234375,2374.10009765625,2207.603515625,4145424,TCS.NS
2020-09-14,2384.10009765625,2505.75,2381.85009765625,2491.39990234375,2316.6767578125,7512131,TCS.NS
2020-09-15,2491.39990234375,2538.0,2464.60009765625,2491.39990234375,2316.6767578125,7318770,TCS.NS
2020-09-16,2488.949951171875,2507.60009765625,2477.300048828125,2503.0,2327.463623046875,3074003,TCS.NS
2020-09-17,2480.0,2495.75,2450.60009765625,2460.949951171875,2288.36279296875,4828176,TCS.NS
2020-09-18,2485.0,2500.39990234375,2436.39990234375,2449.89990234375,2278.087158203125,4183256,TCS.NS
2020-09-21,2465.0,2504.89990234375,2452.14990234375,2465.300048828125,2292.407958984375,4598809,TCS.NS
2020-09-22,2485.0,2555.0,2458.0,2522.949951171875,2346.014404296875,7499613,TCS.NS
2020-09-23,2510.0,2519.85009765625,2409.0,2467.449951171875,2294.40625,7502280,TCS.NS
2020-09-24,2450.0,2450.0,2302.60009765625,2332.25,2168.68896484375,8424708,TCS.NS
2020-09-25,2368.0,2440.0,2352.10009765625,2422.300048828125,2252.423095703125,8228267,TCS.NS
2020-09-28,2440.0,2444.0,2366.0,2426.300048828125,2256.142578125,4347166,TCS.NS
2020-09-29,2434.85009765625,2511.050048828125,2426.300048828125,2488.39990234375,2313.887451171875,6995811,TCS.NS
2020-09-30,2489.0,2505.0,2460.0,2492.300048828125,2317.513427734375,3917166,TCS.NS
2020-10-01,2510.0,2540.0,2492.300048828125,2523.449951171875,2346.47900390625,2610337,TCS.NS
2020-10-05,2620.0,2728.10009765625,2603.050048828125,2705.800048828125,2516.041015625,17412105,TCS.NS
2020-10-06,2736.0,2736.0,2650.10009765625,2714.300048828125,2523.9453125,9846367,TCS.NS
2020-10-07,2742.0,2770.0,2703.0,2735.949951171875,2544.076904296875,9656101,TCS.NS
2020-10-08,2800.0,2885.0,2800.0,2825.699951171875,2627.5322265625,19839329,TCS.NS
2020-10-09,2810.0,2829.85009765625,2780.0,2812.949951171875,2615.677001953125,7739245,TCS.NS
2020-10-12,2815.5,2854.0,2800.75,2830.0,2631.531005859375,4623203,TCS.NS
2020-10-13,2845.0,2854.89990234375,2812.199951171875,2826.550048828125,2628.322509765625,4209878,TCS.NS
2020-10-14,2842.0,2842.0,2787.550048828125,2809.60009765625,2623.7001953125,4395936,TCS.NS
2020-10-15,2811.0,2827.75,2727.0,2740.60009765625,2559.26611328125,6629355,TCS.NS
2020-10-16,2750.10009765625,2771.64990234375,2731.300048828125,2763.300048828125,2580.463623046875,5273773,TCS.NS
2020-10-19,2774.0,2774.0,2706.60009765625,2711.550048828125,2532.138671875,3331194,TCS.NS
2020-10-20,2725.0,2759.89990234375,2717.949951171875,2739.0,2557.77197265625,3406273,TCS.NS
2020-10-21,2739.0,2749.0,2663.050048828125,2675.39990234375,2498.37939453125,4570143,TCS.NS
2020-10-22,2661.0,2686.64990234375,2638.10009765625,2671.14990234375,2494.4111328125,5262294,TCS.NS
2020-10-23,2687.800048828125,2702.0,2670.10009765625,2686.800048828125,2509.02587890625,3499091,TCS.NS
2020-10-26,2689.949951171875,2709.949951171875,2670.5,2688.199951171875,2510.3330078125,2672752,TCS.NS
2020-10-27,2699.75,2718.14990234375,2624.10009765625,2630.14990234375,2456.12353515625,3537502,TCS.NS
2020-10-28,2650.0,2655.949951171875,2606.0,2622.199951171875,2448.7001953125,3569445,TCS.NS
2020-10-29,2608.0,2655.0,2600.25,2632.64990234375,2458.458251953125,3105968,TCS.NS
2020-10-30,2636.10009765625,2674.35009765625,2621.60009765625,2664.85009765625,2488.5283203125,3427003,TCS.NS
2020-11-02,2660.0,2664.85009765625,2600.050048828125,2604.60009765625,2432.2646484375,2571196,TCS.NS
2020-11-03,2604.0,2665.0,2601.050048828125,2633.60009765625,2459.345703125,2879269,TCS.NS
2020-11-04,2610.0,2721.85009765625,2610.0,2653.14990234375,2477.601806640625,4893928,TCS.NS
2020-11-05,2685.0,2710.0,2667.0,2685.699951171875,2507.998291015625,2816502,TCS.NS
2020-11-06,2699.0,2713.25,2681.300048828125,2707.449951171875,2528.3095703125,3884421,TCS.NS
2020-11-09,2731.10009765625,2744.0,2695.10009765625,2726.60009765625,2546.1923828125,3646592,TCS.NS
2020-11-10,2697.199951171875,2713.14990234375,2638.35009765625,2649.60009765625,2474.287353515625,4760020,TCS.NS
2020-11-11,2667.949951171875,2692.800048828125,2643.39990234375,2687.800048828125,2509.95947265625,3242441,TCS.NS
2020-11-12,2686.0,2713.0,2661.75,2671.050048828125,2494.317626953125,2437505,TCS.NS
2020-11-13,2655.75,2664.89990234375,2636.0,2656.85009765625,2481.056884765625,2548093,TCS.NS
2020-11-14,2677.949951171875,2689.0,2660.050048828125,2670.35009765625,2493.663818359375,298819,TCS.NS
2020-11-17,2695.0,2695.0,2650.050048828125,2666.050048828125,2489.648681640625,2827273,TCS.NS
2020-11-18,2661.0,2664.199951171875,2607.050048828125,2626.64990234375,2452.855712890625,2893762,TCS.NS
2020-11-19,2637.0,2676.14990234375,2630.85009765625,2636.89990234375,2462.427001953125,4167501,TCS.NS
2020-11-20,2655.0,2676.0,2627.550048828125,2660.25,2484.233154296875,2711471,TCS.NS
2020-11-23,2690.0,2730.0,2665.0,2724.25,2543.99755859375,3706418,TCS.NS
2020-11-24,2734.39990234375,2743.0,2705.0,2722.050048828125,2541.943115234375,3120516,TCS.NS
2020-11-25,2729.0,2732.949951171875,2688.199951171875,2701.300048828125,2522.56689453125,3302249,TCS.NS
2020-11-26,2686.0,2730.949951171875,2680.0,2720.60009765625,2540.58935546875,2341099,TCS.NS
2020-11-27,2705.0,2717.699951171875,2669.050048828125,2679.64990234375,2502.3486328125,6086808,TCS.NS
2020-12-01,2679.0,2735.89990234375,2624.449951171875,2726.800048828125,2546.379638671875,3605017,TCS.NS
2020-12-02,2719.0,2754.699951171875,2702.449951171875,2749.550048828125,2567.623779296875,2509032,TCS.NS
2020-12-03,2773.89990234375,2773.89990234375,2700.800048828125,2709.449951171875,2530.1767578125,2852548,TCS.NS
2020-12-04,2710.800048828125,2738.85009765625,2699.0,2727.550048828125,2547.07958984375,2686527,TCS.NS
2020-12-07,2715.0,2744.0,2706.14990234375,2737.699951171875,2556.5576171875,1996400,TCS.NS
2020-12-08,2740.0,2805.550048828125,2732.449951171875,2797.300048828125,2612.21435546875,4277818,TCS.NS
2020-12-09,2815.0,2840.0,2793.14990234375,2810.800048828125,2624.821044921875,3659996,TCS.NS
2020-12-10,2818.0,2827.300048828125,2780.25,2784.300048828125,2600.0751953125,2127801,TCS.NS
2020-12-11,2792.699951171875,2807.699951171875,2764.550048828125,2783.60009765625,2599.42041015625,1795408,TCS.NS
2020-12-14,2802.0,2804.0,2756.25,2797.699951171875,2612.58740234375,2483658,TCS.NS
2020-12-15,2786.0,2794.699951171875,2755.0,2761.550048828125,2578.830322265625,2365509,TCS.NS
2020-12-16,2779.0,2819.800048828125,2760.449951171875,2814.199951171875,2627.995849609375,2565149,TCS.NS
2020-12-17,2811.0,2853.699951171875,2805.0,2838.199951171875,2650.407958984375,2863460,TCS.NS
2020-12-18,2868.0,2898.0,2846.199951171875,2861.0,2671.699462890625,6076692,TCS.NS
2020-12-21,2861.0,2886.5,2785.0,2820.14990234375,2633.552490234375,2705195,TCS.NS
2020-12-22,2834.0,2883.64990234375,2818.64990234375,2872.5,2682.438232421875,2881737,TCS.NS
2020-12-23,2876.050048828125,2919.0,2865.449951171875,2908.75,2716.2900390625,2790988,TCS.NS
2020-12-24,2909.0,2921.35009765625,2883.199951171875,2909.35009765625,2716.850341796875,1807144,TCS.NS
2020-12-28,2910.0,2949.699951171875,2902.0,2929.39990234375,2735.573486328125,2108994,TCS.NS
2020-12-29,2920.0,2952.0,2920.0,2930.5,2736.6005859375,1994151,TCS.NS
2020-12-30,2934.39990234375,2947.699951171875,2902.0,2909.300048828125,2716.803955078125,2637968,TCS.NS
2020-12-31,2900.0,2905.0,2845.0,2862.75,2673.33349609375,4040956,TCS.NS
2021-01-01,2880.0,2940.0,2879.0,2928.25,2734.50048828125,2681440,TCS.NS
2021-01-04,2950.0,3050.75,2940.949951171875,3039.449951171875,2838.342529296875,5113293,TCS.NS
2021-01-05,3039.60009765625,3114.25,3039.60009765625,3093.0,2888.3486328125,5801309,TCS.NS
2021-01-06,3100.0,3113.5,3037.199951171875,3051.5,2849.59521484375,3726716,TCS.NS
2021-01-07,3075.0,3080.85009765625,3000.25,3032.800048828125,2832.13134765625,3717827,TCS.NS
2021-01-08,3090.0,3128.0,3060.0,3120.89990234375,2914.40283203125,5879039,TCS.NS
2021-01-11,3230.0,3230.0,3146.550048828125,3176.449951171875,2966.27783203125,9508039,TCS.NS
2021-01-12,3176.449951171875,3210.0,3150.0,3174.85009765625,2964.783447265625,3611458,TCS.NS
2021-01-13,3175.0,3177.0,3126.25,3158.949951171875,2949.93603515625,3572801,TCS.NS
2021-01-14,3155.0,3266.5,3120.39990234375,3250.699951171875,3041.3916015625,6931542,TCS.NS
2021-01-15,3235.0,3274.0,3210.0,3233.35009765625,3025.158935546875,4131692,TCS.NS
2021-01-18,3250.0,3256.75,3187.39990234375,3221.75,3014.3056640625,4160906,TCS.NS
2021-01-19,3233.0,3279.0,3232.0,3260.699951171875,3050.7470703125,2975735,TCS.NS
2021-01-20,3270.0,3327.949951171875,3267.10009765625,3308.800048828125,3095.75048828125,3453446,TCS.NS
2021-01-21,3305.0,3309.14990234375,3262.10009765625,3273.85009765625,3063.05078125,2778546,TCS.NS
2021-01-22,3241.89990234375,3325.0,3241.89990234375,3303.10009765625,3090.417724609375,3052459,TCS.NS
2021-01-25,3308.949951171875,3339.800048828125,3278.64990234375,3291.300048828125,3079.377685546875,2272887,TCS.NS
2021-01-27,3300.0,3306.449951171875,3227.0,3261.050048828125,3051.075439453125,2786662,TCS.NS
2021-01-28,3230.0,3275.0,3183.800048828125,3196.550048828125,2990.72802734375,3083938,TCS.NS
2021-01-29,3210.050048828125,3216.85009765625,3100.0,3111.35009765625,2911.013916015625,5445659,TCS.NS
2021-02-01,3100.0,3165.0,3044.10009765625,3139.35009765625,2937.211669921875,3985846,TCS.NS
2021-02-02,3174.0,3224.0,3150.0,3203.449951171875,2997.183837890625,2881837,TCS.NS
2021-02-03,3213.0,3236.0,3162.64990234375,3200.050048828125,2994.0029296875,2505866,TCS.NS
2021-02-04,3216.050048828125,3237.85009765625,3176.0,3188.449951171875,2983.149658203125,2057261,TCS.NS
2021-02-05,3198.949951171875,3205.85009765625,3129.0,3157.949951171875,2954.613525390625,2366135,TCS.NS
2021-02-08,3189.5,3226.0,3155.14990234375,3214.10009765625,3007.148681640625,2526592,TCS.NS
2021-02-09,3195.0,3245.800048828125,3164.0,3176.89990234375,2972.343505859375,2658751,TCS.NS
2021-02-10,3185.0,3219.39990234375,3157.300048828125,3213.300048828125,3006.399658203125,2127983,TCS.NS
2021-02-11,3215.0,3219.300048828125,3185.050048828125,3206.0,2999.5693359375,1165882,TCS.NS
2021-02-12,3184.199951171875,3245.5,3182.0,3190.800048828125,2985.3486328125,2777404,TCS.NS
2021-02-15,3209.0,3209.0,3131.550048828125,3139.85009765625,2937.678955078125,2630853,TCS.NS
2021-02-16,3150.0,3167.64990234375,3100.0,3108.800048828125,2908.629150390625,3435770,TCS.NS
2021-02-17,3105.10009765625,3132.85009765625,3045.550048828125,3073.10009765625,2875.226806640625,3678426,TCS.NS
2021-02-18,3065.0,3097.89990234375,3031.0,3057.35009765625,2860.4912109375,4189909,TCS.NS
2021-02-19,3058.0,3087.14990234375,3016.14990234375,3071.85009765625,2874.056884765625,3725028,TCS.NS
2021-02-22,3096.0,3096.0,2943.14990234375,2958.449951171875,2767.958984375,5366696,TCS.NS
2021-02-23,2970.0,3028.0,2968.0,2980.199951171875,2788.30908203125,3832829,TCS.NS
2021-02-24,2972.0,3003.35009765625,2921.14990234375,2948.10009765625,2758.275634765625,3774549,TCS.NS
2021-02-25,2974.0,3029.89990234375,2968.449951171875,2995.300048828125,2802.4365234375,4224073,TCS.NS
2021-02-26,2960.0,2972.35009765625,2880.0,2894.300048828125,2707.93896484375,5553153,TCS.NS
2021-03-01,2926.0,2965.0,2901.800048828125,2924.199951171875,2735.9140625,3265871,TCS.NS
2021-03-02,2960.0,3025.0,2948.0,3006.35009765625,2812.775146484375,3306469,TCS.NS
2021-03-03,3035.0,3064.0,2996.89990234375,3059.10009765625,2862.12841796875,3509857,TCS.NS
2021-03-04,3023.0,3081.449951171875,3016.050048828125,3049.699951171875,2853.333251953125,3916760,TCS.NS
2021-03-05,3016.10009765625,3063.199951171875,2996.60009765625,3008.050048828125,2814.365234375,3203686,TCS.NS
2021-03-08,3016.0,3033.0,2996.0,3006.949951171875,2813.336181640625,2003125,TCS.NS
2021-03-09,3006.949951171875,3066.89990234375,2992.10009765625,3050.949951171875,2854.50341796875,1942397,TCS.NS
2021-03-10,3075.0,3093.199951171875,3060.0,3070.949951171875,2873.21484375,3053778,TCS.NS
2021-03-12,3075.0,3117.0,3041.35009765625,3057.949951171875,2861.05224609375,2938317,TCS.NS
2021-03-15,3041.0,3099.0,3041.0,3066.14990234375,2868.724365234375,3097083,TCS.NS
2021-03-16,3060.0,3141.0,3060.0,3110.050048828125,2909.79833984375,4894756,TCS.NS
2021-03-17,3105.0,3155.0,3085.300048828125,3112.949951171875,2912.510986328125,3838390,TCS.NS
2021-03-18,3125.949951171875,3146.449951171875,2987.050048828125,3036.5,2840.983642578125,3656306,TCS.NS
2021-03-19,3030.0,3099.0,3005.0,3050.199951171875,2853.80126953125,5776626,TCS.NS
2021-03-22,3048.699951171875,3139.449951171875,3018.64990234375,3129.64990234375,2928.1357421875,2821646,TCS.NS
2021-03-23,3140.0,3169.0,3122.85009765625,3142.60009765625,2940.251953125,3305973,TCS.NS
2021-03-24,3111.199951171875,3152.300048828125,3111.14990234375,3121.10009765625,2920.13671875,2207104,TCS.NS
2021-03-25,3112.199951171875,3130.85009765625,3050.0,3064.85009765625,2867.50830078125,3179786,TCS.NS
2021-03-26,3090.64990234375,3118.0,3043.050048828125,3066.800048828125,2869.332275390625,3697370,TCS.NS
2021-03-30,3083.0,3188.449951171875,3060.89990234375,3158.550048828125,2955.17529296875,4694008,TCS.NS
2021-03-31,3155.0,3205.0,3132.0,3177.85009765625,2973.232177734375,3530069,TCS.NS
2021-04-01,3191.10009765625,3215.0,3145.0,3165.0,2961.20947265625,4285076,TCS.NS
2021-04-05,3171.0,3263.0,3151.0,3238.89990234375,3030.35107421875,5317862,TCS.NS
2021-04-06,3275.0,3275.0,3230.0,3264.699951171875,3054.490234375,2291562,TCS.NS
2021-04-07,3259.0,3277.550048828125,3234.800048828125,3271.39990234375,3060.7587890625,2491268,TCS.NS
2021-04-08,3270.0,3335.0,3266.050048828125,3317.35009765625,3103.750244140625,2578118,TCS.NS
2021-04-09,3354.0,3354.35009765625,3308.0,3322.25,3108.33447265625,2911129,TCS.NS
2021-04-12,3322.25,3338.10009765625,3213.199951171875,3246.550048828125,3037.508544921875,3791828,TCS.NS
2021-04-13,3214.0,3214.0,3073.050048828125,3104.050048828125,2904.184326171875,8654596,TCS.NS
2021-04-15,3160.300048828125,3237.25,3087.449951171875,3218.949951171875,3011.685791015625,6062760,TCS.NS
2021-04-16,3229.0,3247.0,3182.60009765625,3195.14990234375,2989.418212890625,3224657,TCS.NS
2021-04-19,3169.0,3189.0,3135.10009765625,3161.800048828125,2958.215087890625,2679106,TCS.NS
2021-04-20,3225.0,3225.35009765625,3126.35009765625,3144.550048828125,2942.076171875,3141893,TCS.NS
2021-04-22,3148.0,3148.0,3105.25,3118.800048828125,2917.984619140625,1988980,TCS.NS
2021-04-23,3105.0,3119.0,3091.050048828125,3109.5,2909.282958984375,1615309,TCS.NS
2021-04-26,3102.050048828125,3153.0,3088.050048828125,3100.800048828125,2901.14306640625,2490260,TCS.NS
2021-04-27,3106.0,3136.10009765625,3103.0,3132.0,2930.334228515625,1471417,TCS.NS
2021-04-28,3149.949951171875,3151.0,3112.0,3124.10009765625,2922.943359375,1639037,TCS.NS
2021-04-29,3145.60009765625,3157.35009765625,3105.5,3115.25,2914.66259765625,1621395,TCS.NS
2021-04-30,3099.0,3132.050048828125,3020.0,3035.64990234375,2840.188232421875,3072305,TCS.NS
2021-05-03,3024.89990234375,3055.0,3004.0,3037.0,2841.451171875,1545831,TCS.NS
2021-05-04,3062.800048828125,3090.0,3035.0,3049.75,2853.380615234375,1990777,TCS.NS
2021-05-05,3070.0,3099.39990234375,3052.39990234375,3095.699951171875,2896.371337890625,1939289,TCS.NS
2021-05-06,3105.5,3134.0,3074.0,3111.449951171875,2911.10791015625,1791671,TCS.NS
2021-05-07,3133.0,3159.85009765625,3111.800048828125,3132.89990234375,2931.17578125,1912540,TCS.NS
2021-05-10,3145.949951171875,3164.199951171875,3125.0,3145.5,2942.9658203125,2137153,TCS.NS
2021-05-11,3125.0,3128.10009765625,3091.14990234375,3122.60009765625,2921.539794921875,2415625,TCS.NS
2021-05-12,3120.0,3120.0,3070.60009765625,3087.60009765625,2888.79345703125,1978558,TCS.NS
2021-05-14,3098.5,3098.5,3040.0,3051.5,2855.017822265625,2043935,TCS.NS
2021-05-17,3055.0,3075.199951171875,3036.0,3069.75,2872.092529296875,2890462,TCS.NS
2021-05-18,3100.0,3124.0,3078.0,3088.800048828125,2889.916015625,2098538,TCS.NS
2021-05-19,3084.0,3118.0,3067.10009765625,3082.0,2883.553466796875,1986041,TCS.NS
2021-05-20,3067.10009765625,3088.800048828125,3052.10009765625,3060.0,2862.969970703125,2329027,TCS.NS
2021-05-21,3061.0,3088.199951171875,3055.10009765625,3080.5,2882.15087890625,1685566,TCS.NS
2021-05-24,3081.5,3105.0,3072.0,3081.5,2883.085693359375,1652260,TCS.NS
2021-05-25,3092.0,3128.25,3082.10009765625,3114.0,2927.744873046875,1841613,TCS.NS
2021-05-26,3120.0,3165.0,3103.800048828125,3158.5,2969.582763671875,1923753,TCS.NS
2021-05-27,3161.949951171875,3217.75,3161.800048828125,3180.0,2989.796875,5959785,TCS.NS
2021-05-28,3189.5,3198.0,3135.64990234375,3143.60009765625,2955.57421875,1763701,TCS.NS
2021-05-31,3150.0,3170.35009765625,3128.60009765625,3159.14990234375,2970.194091796875,1652799,TCS.NS
2021-06-01,3168.60009765625,3169.949951171875,3132.0,3153.0,2964.411865234375,1377441,TCS.NS
2021-06-02,3150.85009765625,3159.449951171875,3115.0,3129.449951171875,2942.270263671875,2240078,TCS.NS
2021-06-03,3154.550048828125,3154.550048828125,3122.64990234375,3141.25,2953.365234375,1281706,TCS.NS
2021-06-04,3128.0,3156.85009765625,3125.0,3143.75,2955.715576171875,1836060,TCS.NS
2021-06-07,3145.0,3190.449951171875,3133.60009765625,3183.199951171875,2992.8056640625,2559821,TCS.NS
2021-06-08,3198.0,3231.0,3187.199951171875,3200.14990234375,3008.741943359375,2574057,TCS.NS
2021-06-09,3202.0,3220.0,3186.199951171875,3200.25,3008.836181640625,1710925,TCS.NS
2021-06-10,3210.0,3224.0,3193.0,3216.800048828125,3024.396240234375,1874324,TCS.NS
2021-06-11,3211.550048828125,3309.0,3211.0,3273.800048828125,3077.98681640625,3452954,TCS.NS
2021-06-14,3279.0,3308.699951171875,3270.35009765625,3276.35009765625,3080.384765625,1847360,TCS.NS
2021-06-15,3298.0,3298.0,3251.550048828125,3262.75,3067.59814453125,1304985,TCS.NS
2021-06-16,3262.10009765625,3294.699951171875,3253.0,3274.35009765625,3078.504150390625,1635552,TCS.NS
2021-06-17,3265.5,3336.050048828125,3260.0,3317.75,3119.30859375,2273413,TCS.NS
2021-06-18,3350.89990234375,3358.0,3275.0,3297.300048828125,3100.0810546875,3380431,TCS.NS
2021-06-21,3265.0,3286.0,3251.699951171875,3273.10009765625,3077.328857421875,1130569,TCS.NS
2021-06-22,3304.0,3327.050048828125,3285.0,3301.199951171875,3103.74755859375,1708688,TCS.NS
2021-06-23,3329.0,3329.0,3256.39990234375,3261.39990234375,3066.328857421875,1467104,TCS.NS
2021-06-24,3284.0,3383.0,3278.5,3373.60009765625,3171.817626953125,4155204,TCS.NS
2021-06-25,3375.25,3399.64990234375,3350.0,3380.800048828125,3178.587158203125,2722861,TCS.NS
2021-06-28,3391.5,3391.5,3333.0,3336.75,3137.171875,1355238,TCS.NS
2021-06-29,3342.0,3366.300048828125,3326.5,3340.85009765625,3141.0263671875,1497322,TCS.NS
2021-06-30,3346.0,3382.0,3338.5,3345.75,3145.6337890625,1693146,TCS.NS
2021-07-01,3358.0,3362.0,3332.35009765625,3341.5,3141.637939453125,990310,TCS.NS
2021-07-02,3331.0,3339.699951171875,3295.199951171875,3325.449951171875,3126.547607421875,1682274,TCS.NS
2021-07-05,3342.0,3374.0,3302.0,3321.0,3122.36376953125,1972858,TCS.NS
2021-07-06,3313.0,3328.0,3256.10009765625,3262.300048828125,3067.175537109375,2159420,TCS.NS
2021-07-07,3275.0,3282.699951171875,3241.60009765625,3274.949951171875,3079.06787109375,2640710,TCS.NS
2021-07-08,3298.0,3298.0,3231.89990234375,3258.5,3063.60205078125,2485811,TCS.NS
2021-07-09,3250.0,3282.0,3201.0,3208.14990234375,3016.26318359375,6365067,TCS.NS
2021-07-12,3235.0,3236.0,3188.35009765625,3193.10009765625,3002.114013671875,1892226,TCS.NS
2021-07-13,3214.0,3214.0,3175.0,3187.550048828125,2996.89599609375,1809339,TCS.NS
2021-07-14,3187.0,3222.0,3185.0,3214.550048828125,3022.28076171875,2044279,TCS.NS
2021-07-15,3227.60009765625,3231.85009765625,3194.0,3202.949951171875,3017.94677734375,2232968,TCS.NS
2021-07-16,3213.0,3219.85009765625,3192.0,3194.800048828125,3010.26708984375,1256526,TCS.NS
2021-07-19,3180.0,3199.800048828125,3176.0,3184.60009765625,3000.65625,1597058,TCS.NS
2021-07-20,3184.60009765625,3215.0,3156.14990234375,3205.800048828125,3020.632080078125,1811945,TCS.NS
2021-07-22,3190.0,3224.949951171875,3190.0,3216.35009765625,3030.572509765625,2859334,TCS.NS
2021-07-23,3230.0,3241.550048828125,3206.64990234375,3212.85009765625,3027.27490234375,1776193,TCS.NS
2021-07-26,3200.0,3224.25,3190.85009765625,3197.550048828125,3012.8583984375,1259611,TCS.NS
2021-07-27,3200.0,3210.0,3161.14990234375,3182.949951171875,2999.101806640625,1121367,TCS.NS
2021-07-28,3188.0,3204.449951171875,3132.39990234375,3197.800048828125,3013.09375,1660654,TCS.NS
2021-07-29,3200.25,3225.449951171875,3190.300048828125,3195.800048828125,3011.209228515625,1731997,TCS.NS
2021-07-30,3219.0,3223.5,3162.35009765625,3167.449951171875,2984.496826171875,2999943,TCS.NS
2021-08-02,3180.0,3224.89990234375,3167.0,3219.39990234375,3033.4462890625,2608669,TCS.NS
2021-08-03,3229.0,3290.0,3218.949951171875,3284.89990234375,3095.162841796875,3804735,TCS.NS
2021-08-04,3300.0,3305.199951171875,3261.199951171875,3273.949951171875,3084.84521484375,2929598,TCS.NS
2021-08-05,3275.0,3315.0,3262.5,3283.949951171875,3094.267333984375,2534521,TCS.NS
2021-08-06,3272.550048828125,3324.0,3265.0,3309.800048828125,3118.624755859375,2292362,TCS.NS
2021-08-09,3323.89990234375,3337.0,3310.0,3322.699951171875,3130.779541015625,1510489,TCS.NS
2021-08-10,3315.60009765625,3349.89990234375,3315.60009765625,3333.89990234375,3141.333251953125,2040777,TCS.NS
2021-08-11,3350.0,3360.0,3327.10009765625,3344.199951171875,3151.03759765625,1929707,TCS.NS
2021-08-12,3326.0,3368.0,3326.0,3351.75,3158.151611328125,1310205,TCS.NS
2021-08-13,3360.75,3480.0,3357.5,3463.39990234375,3263.3525390625,4363584,TCS.NS
2021-08-16,3460.0,3494.35009765625,3436.5,3472.949951171875,3272.350830078125,2083489,TCS.NS
2021-08-17,3482.10009765625,3560.800048828125,3463.0,3553.050048828125,3347.82470703125,4336019,TCS.NS
2021-08-18,3573.85009765625,3595.0,3536.60009765625,3560.550048828125,3354.89111328125,2631309,TCS.NS
2021-08-20,3506.0,3575.0,3500.0,3559.5,3353.90185546875,2836148,TCS.NS
2021-08-23,3580.0,3673.0,3561.89990234375,3637.39990234375,3427.30224609375,3744176,TCS.NS
2021-08-24,3657.0,3667.35009765625,3594.39990234375,3613.199951171875,3404.5,2511141,TCS.NS
2021-08-25,3610.0,3697.75,3607.050048828125,3659.0,3447.65478515625,2123263,TCS.NS
2021-08-26,3660.0,3687.60009765625,3647.89990234375,3671.85009765625,3459.762451171875,1902533,TCS.NS
2021-08-27,3666.0,3729.5,3651.10009765625,3720.14990234375,3505.2724609375,3944728,TCS.NS
2021-08-30,3715.0,3740.35009765625,3687.60009765625,3701.300048828125,3487.511474609375,2033114,TCS.NS
2021-08-31,3709.39990234375,3804.10009765625,3703.449951171875,3786.449951171875,3567.7431640625,3207480,TCS.NS
2021-09-01,3796.0,3816.699951171875,3707.0,3714.949951171875,3500.372802734375,2643336,TCS.NS
2021-09-02,3734.0,3859.14990234375,3722.0,3836.75,3615.137939453125,3403717,TCS.NS
2021-09-03,3825.0,3856.89990234375,3804.550048828125,3842.050048828125,3620.132080078125,1746812,TCS.NS
2021-09-06,3849.699951171875,3877.60009765625,3814.0,3852.0,3629.507080078125,1723693,TCS.NS
2021-09-07,3864.0,3869.949951171875,3808.25,3815.89990234375,3595.49169921875,1585039,TCS.NS
2021-09-08,3810.0,3815.0,3756.0,3774.14990234375,3556.1533203125,4147175,TCS.NS
2021-09-09,3789.699951171875,3808.699951171875,3765.0,3791.39990234375,3572.40771484375,1441148,TCS.NS
2021-09-13,3767.0,3852.39990234375,3767.0,3845.35009765625,3623.2412109375,1691473,TCS.NS
2021-09-14,3849.949951171875,3896.5,3825.0,3885.89990234375,3661.44921875,1991188,TCS.NS
2021-09-15,3882.10009765625,3980.0,3866.0,3954.550048828125,3726.133544921875,2461369,TCS.NS
2021-09-16,3930.0,3981.75,3892.10009765625,3903.300048828125,3677.843994140625,2946666,TCS.NS
2021-09-17,3920.0,3945.0,3805.0,3827.85009765625,3606.75244140625,6477148,TCS.NS
2021-09-20,3809.0,3871.0,3807.85009765625,3823.5,3602.653564453125,2002008,TCS.NS
2021-09-21,3858.0,3871.550048828125,3821.64990234375,3862.949951171875,3639.82470703125,1568129,TCS.NS
2021-09-22,3862.5,3896.85009765625,3852.449951171875,3862.14990234375,3639.07080078125,1744067,TCS.NS
2021-09-23,3870.0,3879.0,3835.0,3869.25,3645.760986328125,2003869,TCS.NS
2021-09-24,3890.0,3944.39990234375,3855.0,3871.300048828125,3647.692626953125,2320754,TCS.NS
2021-09-27,3900.0,3904.0,3802.89990234375,3836.949951171875,3615.326416015625,1673362,TCS.NS
2021-09-28,3850.0,3850.0,3751.25,3779.14990234375,3560.8642578125,2253075,TCS.NS
2021-09-29,3759.800048828125,3806.0,3722.14990234375,3791.89990234375,3572.87841796875,2489161,TCS.NS
2021-09-30,3805.0,3805.0,3750.10009765625,3775.550048828125,3557.472900390625,2252412,TCS.NS
2021-10-01,3781.75,3810.0,3725.0,3730.199951171875,3514.74169921875,1578374,TCS.NS
2021-10-04,3724.800048828125,3783.64990234375,3707.449951171875,3773.300048828125,3555.353271484375,1356860,TCS.NS
2021-10-05,3754.0,3840.0,3741.60009765625,3833.300048828125,3611.88720703125,1877966,TCS.NS
2021-10-06,3836.0,3857.449951171875,3795.0,3810.89990234375,3590.781005859375,1678154,TCS.NS
2021-10-07,3830.0,3899.0,3820.050048828125,3892.89990234375,3668.04443359375,1647233,TCS.NS
2021-10-08,3925.0,3989.89990234375,3900.0,3935.64990234375,3708.32568359375,2934339,TCS.NS
2021-10-11,3755.0,3757.5,3660.0,3685.60009765625,3472.71826171875,11845402,TCS.NS
2021-10-12,3706.0,3707.0,3630.60009765625,3652.85009765625,3441.860107421875,5752877,TCS.NS
2021-10-13,3650.0,3675.449951171875,3645.0,3655.199951171875,3444.07421875,3545655,TCS.NS
2021-10-14,3625.0,3670.0,3608.199951171875,3611.449951171875,3409.380615234375,6442299,TCS.NS
2021-10-18,3603.449951171875,3652.699951171875,3601.449951171875,3647.14990234375,3443.083251953125,3590107,TCS.NS
2021-10-19,3669.0,3690.10009765625,3625.199951171875,3634.14990234375,3430.810302734375,3135441,TCS.NS
2021-10-20,3612.0,3630.0,3578.300048828125,3608.85009765625,3406.926513671875,2933693,TCS.NS
2021-10-21,3604.10009765625,3607.449951171875,3511.25,3532.5,3334.84814453125,4871211,TCS.NS
2021-10-22,3560.0,3561.60009765625,3485.0,3498.85009765625,3303.08056640625,2691670,TCS.NS
2021-10-25,3503.0,3514.550048828125,3450.0,3492.949951171875,3297.510986328125,2595594,TCS.NS
2021-10-26,3494.5,3529.0,3475.0,3482.60009765625,3287.740478515625,3878763,TCS.NS
2021-10-27,3483.0,3511.25,3483.0,3489.75,3294.490234375,2510813,TCS.NS
2021-10-28,3518.0,3518.0,3415.0,3421.64990234375,3230.200439453125,2424942,TCS.NS
2021-10-29,3400.050048828125,3461.0,3385.949951171875,3397.75,3207.636962890625,3960501,TCS.NS
2021-11-01,3437.949951171875,3487.0,3412.949951171875,3476.39990234375,3281.886962890625,2020718,TCS.NS
2021-11-02,3494.0,3513.60009765625,3469.75,3484.199951171875,3289.250732421875,3087414,TCS.NS
2021-11-03,3504.199951171875,3519.89990234375,3466.050048828125,3492.25,3296.850341796875,1537639,TCS.NS
2021-11-04,3512.949951171875,3513.25,3505.0,3508.64990234375,3312.33251953125,328991,TCS.NS
2021-11-08,3548.0,3548.0,3481.199951171875,3502.75,3306.7626953125,2526082,TCS.NS
2021-11-09,3508.0,3535.0,3496.0,3505.699951171875,3309.5478515625,1782692,TCS.NS
2021-11-10,3498.0,3519.699951171875,3480.199951171875,3484.300048828125,3289.344970703125,1516489,TCS.NS
2021-11-11,3480.0,3510.050048828125,3436.0,3488.199951171875,3293.026611328125,1284514,TCS.NS
2021-11-12,3506.0,3534.14990234375,3485.699951171875,3526.050048828125,3328.7587890625,1747259,TCS.NS
2021-11-15,3528.0,3569.60009765625,3528.0,3553.300048828125,3354.484130859375,1809157,TCS.NS
2021-11-16,3569.0,3575.550048828125,3542.0,3556.39990234375,3357.41064453125,2013204,TCS.NS
2021-11-17,3550.60009765625,3562.85009765625,3506.39990234375,3521.89990234375,3324.84130859375,1632914,TCS.NS
2021-11-18,3515.14990234375,3520.85009765625,3451.60009765625,3475.699951171875,3281.225830078125,2136598,TCS.NS
2021-11-22,3478.39990234375,3515.949951171875,3440.300048828125,3458.39990234375,3264.893798828125,3167936,TCS.NS
2021-11-23,3445.0,3480.949951171875,3407.800048828125,3464.25,3270.41650390625,2153461,TCS.NS
2021-11-24,3472.199951171875,3493.050048828125,3424.0,3443.300048828125,3250.639404296875,2161746,TCS.NS
2021-11-25,3443.89990234375,3463.0,3434.050048828125,3445.89990234375,3253.09375,1849619,TCS.NS
2021-11-26,3425.0,3490.0,3411.89990234375,3446.85009765625,3253.990478515625,1941251,TCS.NS
2021-11-29,3447.14990234375,3529.35009765625,3406.449951171875,3502.0,3306.054443359375,2981745,TCS.NS
2021-11-30,3491.0,3563.75,3491.0,3529.14990234375,3331.685791015625,5588446,TCS.NS
2021-12-01,3535.0,3590.0,3535.0,3577.800048828125,3377.61328125,2102118,TCS.NS
2021-12-02,3589.199951171875,3648.0,3574.10009765625,3642.89990234375,3439.071044921875,3152938,TCS.NS
2021-12-03,3646.449951171875,3665.949951171875,3630.85009765625,3640.449951171875,3436.7578125,2486263,TCS.NS
2021-12-06,3640.449951171875,3658.0,3522.0,3536.39990234375,3338.529541015625,1849642,TCS.NS
2021-12-07,3562.5,3598.0,3524.300048828125,3584.5,3383.93798828125,1484458,TCS.NS
2021-12-08,3601.0,3646.449951171875,3601.0,3626.89990234375,3423.966064453125,1428660,TCS.NS
2021-12-09,3610.0,3634.75,3566.0,3601.75,3400.22314453125,1567957,TCS.NS
2021-12-10,3585.0,3642.0,3575.10009765625,3636.800048828125,3433.3125,1510718,TCS.NS
2021-12-13,3650.0,3662.0,3601.699951171875,3609.64990234375,3407.68115234375,1883864,TCS.NS
2021-12-14,3605.0,3635.0,3576.699951171875,3623.800048828125,3421.0400390625,1747007,TCS.NS
2021-12-15,3620.0,3623.0,3558.14990234375,3570.35009765625,3370.58056640625,1603233,TCS.NS
2021-12-16,3582.0,3608.449951171875,3570.0,3581.60009765625,3381.201171875,2072320,TCS.NS
2021-12-17,3602.5,3651.35009765625,3573.699951171875,3584.35009765625,3383.796875,4333992,TCS.NS
2021-12-20,3589.0,3606.0,3510.14990234375,3556.89990234375,3357.8828125,2312310,TCS.NS
2021-12-21,3582.64990234375,3641.199951171875,3566.39990234375,3608.300048828125,3406.406982421875,2340989,TCS.NS
2021-12-22,3624.0,3636.800048828125,3606.25,3630.75,3427.6005859375,1224328,TCS.NS
2021-12-23,3648.0,3670.5,3630.0,3662.699951171875,3457.76318359375,1792861,TCS.NS
2021-12-24,3685.0,3705.0,3644.800048828125,3670.89990234375,3465.50439453125,2209923,TCS.NS
2021-12-27,3671.0,3700.0,3653.10009765625,3696.10009765625,3489.2939453125,1534135,TCS.NS
2021-12-28,3710.0,3725.0,3693.85009765625,3706.550048828125,3499.159423828125,1456218,TCS.NS
2021-12-29,3692.25,3719.949951171875,3685.0,3694.699951171875,3487.97265625,1456923,TCS.NS
2021-12-30,3681.35009765625,3740.0,3680.0,3733.75,3524.83740234375,1966475,TCS.NS
2021-12-31,3742.800048828125,3760.0,3731.300048828125,3738.35009765625,3529.180908203125,1207141,TCS.NS
2022-01-03,3750.0,3830.0,3745.0,3817.75,3604.137939453125,2346158,TCS.NS
2022-01-04,3831.10009765625,3889.14990234375,3811.699951171875,3884.75,3667.388427734375,2488606,TCS.NS
2022-01-05,3865.0,3870.0,3812.39990234375,3860.949951171875,3644.920654296875,1733031,TCS.NS
2022-01-06,3812.0,3835.0,3772.0,3807.449951171875,3594.413818359375,1810293,TCS.NS
2022-01-07,3820.0,3864.89990234375,3796.39990234375,3853.5,3637.88720703125,2460591,TCS.NS
2022-01-10,3978.0,3978.0,3861.0,3879.85009765625,3662.763427734375,3937092,TCS.NS
2022-01-11,3856.0,3925.0,3856.0,3915.89990234375,3696.79541015625,1906106,TCS.NS
2022-01-12,3925.0,3929.0,3836.550048828125,3859.89990234375,3643.92919921875,3203744,TCS.NS
2022-01-13,3918.0,3923.0,3857.0,3897.89990234375,3679.802734375,6684507,TCS.NS
2022-01-14,3877.85009765625,3977.0,3860.050048828125,3968.14990234375,3746.122802734375,3348123,TCS.NS
2022-01-17,3992.699951171875,4043.0,3962.300048828125,4019.14990234375,3794.267822265625,3442604,TCS.NS
2022-01-18,4033.949951171875,4041.699951171875,3980.0,3990.60009765625,3767.31640625,2389041,TCS.NS
2022-01-19,4012.0,4012.0,3910.5,3914.64990234375,3702.10986328125,3102539,TCS.NS
2022-01-20,3910.0,3920.0,3811.0,3826.550048828125,3618.79248046875,6176776,TCS.NS
2022-01-21,3807.0,3851.550048828125,3771.10009765625,3833.5,3625.365966796875,3112358,TCS.NS
2022-01-24,3840.0,3849.64990234375,3740.10009765625,3771.35009765625,3566.590576171875,3258414,TCS.NS
2022-01-25,3769.5,3809.39990234375,3722.199951171875,3769.89990234375,3565.21875,3330501,TCS.NS
2022-01-27,3731.0,3733.39990234375,3625.10009765625,3649.25,3451.119384765625,5718297,TCS.NS
2022-01-28,3646.0,3729.800048828125,3646.0,3690.050048828125,3489.704345703125,3143862,TCS.NS
2022-01-31,3749.0,3758.0,3721.39990234375,3736.25,3533.396484375,2739393,TCS.NS
2022-02-01,3770.0,3808.0,3736.39990234375,3800.64990234375,3594.299072265625,2105169,TCS.NS
2022-02-02,3827.89990234375,3864.0,3800.64990234375,3856.199951171875,3646.8330078125,1984212,TCS.NS
2022-02-03,3851.0,3882.5,3816.050048828125,3824.60009765625,3616.9482421875,1960538,TCS.NS
2022-02-04,3815.300048828125,3824.699951171875,3769.0,3814.89990234375,3607.77587890625,2307366,TCS.NS
2022-02-07,3791.0,3831.800048828125,3756.14990234375,3779.0,3573.824462890625,1919149,TCS.NS
2022-02-08,3791.550048828125,3799.699951171875,3721.0,3743.449951171875,3540.20458984375,2946443,TCS.NS
2022-02-09,3750.0,3777.949951171875,3746.10009765625,3760.550048828125,3556.37646484375,1638721,TCS.NS
2022-02-10,3789.800048828125,3789.800048828125,3758.0,3770.35009765625,3565.64404296875,2112459,TCS.NS
2022-02-11,3752.5,3752.5,3690.0,3694.949951171875,3494.33837890625,3851488,TCS.NS
2022-02-14,3724.0,3793.25,3710.0,3733.75,3531.03125,5951745,TCS.NS
2022-02-15,3786.0,3835.0,3748.0,3817.800048828125,3610.518310546875,3931683,TCS.NS
2022-02-16,3844.0,3854.10009765625,3806.0,3813.10009765625,3606.0732421875,3256906,TCS.NS
2022-02-17,3825.0,3835.0,3779.0,3784.199951171875,3578.7421875,3134372,TCS.NS
2022-02-18,3769.0,3815.949951171875,3757.60009765625,3793.89990234375,3587.915771484375,3688883,TCS.NS
2022-02-21,3810.0,3827.800048828125,3705.550048828125,3719.39990234375,3517.461181640625,7465922,TCS.NS
2022-02-22,3650.0,3667.89990234375,3570.0,3586.39990234375,3391.681640625,5408531,TCS.NS
2022-02-23,3611.0,3622.89990234375,3555.64990234375,3563.800048828125,3370.30908203125,2426203,TCS.NS
2022-02-24,3474.0,3483.85009765625,3391.10009765625,3401.64990234375,3216.96240234375,5039136,TCS.NS
2022-02-25,3468.0,3530.0,3462.0,3520.75,3329.595947265625,2549723,TCS.NS
2022-02-28,3490.0,3563.75,3455.89990234375,3554.199951171875,3361.2294921875,3288942,TCS.NS
2022-03-02,3552.5,3571.949951171875,3506.0,3546.14990234375,3353.616455078125,2761341,TCS.NS
2022-03-03,3562.85009765625,3578.60009765625,3530.10009765625,3544.39990234375,3351.96240234375,1928039,TCS.NS
2022-03-04,3501.5,3561.199951171875,3487.050048828125,3524.35009765625,3333.00048828125,2370257,TCS.NS
2022-03-07,3450.0,3548.0,3431.550048828125,3484.89990234375,3295.692626953125,3054130,TCS.NS
2022-03-08,3460.0,3609.0,3460.0,3599.949951171875,3404.49560546875,3300992,TCS.NS
2022-03-09,3605.0,3654.0,3597.050048828125,3632.60009765625,3435.373779296875,2719654,TCS.NS
2022-03-10,3684.0,3684.0,3615.0,3620.949951171875,3424.355712890625,2005441,TCS.NS
2022-03-11,3603.25,3639.85009765625,3592.85009765625,3599.14990234375,3403.739990234375,1623423,TCS.NS
2022-03-14,3580.0,3648.35009765625,3580.0,3643.0,3445.208251953125,1765688,TCS.NS
2022-03-15,3659.0,3659.0,3585.39990234375,3593.89990234375,3398.7744140625,3651133,TCS.NS
2022-03-16,3640.5,3668.0,3616.25,3655.89990234375,3457.407958984375,3090475,TCS.NS
2022-03-17,3696.60009765625,3710.0,3660.300048828125,3672.75,3473.343017578125,3600452,TCS.NS
2022-03-21,3696.0,3713.949951171875,3615.0,3626.699951171875,3429.793701171875,2413831,TCS.NS
2022-03-22,3640.0,3711.0,3625.0,3700.949951171875,3500.012451171875,2907611,TCS.NS
2022-03-23,3708.0,3729.800048828125,3690.0,3712.39990234375,3510.841064453125,1596195,TCS.NS
2022-03-24,3700.0,3758.199951171875,3695.0,3749.85009765625,3546.25732421875,1879046,TCS.NS
2022-03-25,3759.89990234375,3779.5,3672.0,3707.449951171875,3506.159423828125,1690133,TCS.NS
2022-03-28,3695.0,3713.0,3661.199951171875,3707.699951171875,3506.395263671875,1760990,TCS.NS
2022-03-29,3694.75,3722.0,3691.0,3705.35009765625,3504.17333984375,2689063,TCS.NS
2022-03-30,3738.0,3738.0,3706.199951171875,3731.550048828125,3528.950927734375,1583455,TCS.NS
2022-03-31,3740.0,3754.64990234375,3720.199951171875,3739.949951171875,3536.89501953125,2168110,TCS.NS
2022-04-01,3748.0,3763.0,3728.050048828125,3758.75,3554.674072265625,1387014,TCS.NS
2022-04-04,3762.0,3780.0,3737.10009765625,3770.35009765625,3565.64404296875,1472994,TCS.NS
2022-04-05,3772.0,3835.60009765625,3772.0,3814.800048828125,3607.68115234375,2314947,TCS.NS
2022-04-06,3809.300048828125,3809.300048828125,3731.14990234375,3755.35009765625,3551.458984375,2051729,TCS.NS
2022-04-07,3745.5,3745.5,3679.0,3684.14990234375,3484.124267578125,2494829,TCS.NS
2022-04-08,3690.0,3705.0,3642.5,3685.64990234375,3485.54296875,2296773,TCS.NS
2022-04-11,3690.0,3712.35009765625,3656.10009765625,3696.39990234375,3495.708984375,2291660,TCS.NS
2022-04-12,3683.0,3739.0,3648.35009765625,3691.10009765625,3490.697021484375,4483476,TCS.NS
2022-04-13,3707.0,3709.85009765625,3655.550048828125,3661.949951171875,3463.129638671875,1621672,TCS.NS
2022-04-18,3610.0,3610.0,3522.5,3528.050048828125,3336.499755859375,3820792,TCS.NS
2022-04-19,3550.0,3563.550048828125,3439.14990234375,3471.89990234375,3283.397705078125,3170014,TCS.NS
2022-04-20,3500.0,3569.14990234375,3480.0,3556.800048828125,3363.688720703125,2640370,TCS.NS
2022-04-21,3580.0,3644.0,3567.39990234375,3628.64990234375,3431.637451171875,2280996,TCS.NS
2022-04-22,3581.10009765625,3617.0,3571.5,3612.550048828125,3416.411865234375,1581465,TCS.NS
2022-04-25,3558.0,3584.0,3533.10009765625,3548.199951171875,3355.55615234375,1960694,TCS.NS
2022-04-26,3575.14990234375,3587.89990234375,3518.14990234375,3546.300048828125,3353.7587890625,1943469,TCS.NS
2022-04-27,3546.0,3568.449951171875,3506.300048828125,3561.199951171875,3367.849365234375,1727648,TCS.NS
2022-04-28,3588.0,3604.39990234375,3538.050048828125,3584.300048828125,3389.6953125,1703660,TCS.NS
2022-04-29,3597.0,3623.25,3536.85009765625,3546.699951171875,3354.136962890625,2051115,TCS.NS
2022-05-02,3519.89990234375,3547.949951171875,3492.75,3542.39990234375,3350.0703125,1324161,TCS.NS
2022-05-04,3538.5,3545.449951171875,3465.300048828125,3479.75,3290.82177734375,2305825,TCS.NS
2022-05-05,3512.10009765625,3533.0,3485.35009765625,3513.39990234375,3322.645263671875,1612262,TCS.NS
2022-05-06,3459.0,3474.5,3424.5,3432.60009765625,3246.232177734375,2010812,TCS.NS
2022-05-09,3398.0,3456.0,3346.85009765625,3445.10009765625,3258.05322265625,2481830,TCS.NS
2022-05-10,3434.0,3464.800048828125,3422.0,3438.75,3252.0478515625,1622685,TCS.NS
2022-05-11,3435.0,3448.449951171875,3382.14990234375,3412.0,3226.75048828125,1841769,TCS.NS
2022-05-12,3378.0,3449.699951171875,3350.10009765625,3408.64990234375,3223.582275390625,2807195,TCS.NS
2022-05-13,3435.0,3439.89990234375,3382.14990234375,3414.89990234375,3229.4931640625,2187823,TCS.NS
2022-05-16,3415.0,3430.0,3366.60009765625,3376.800048828125,3193.46142578125,1195813,TCS.NS
2022-05-17,3370.0,3467.0,3350.39990234375,3451.60009765625,3264.20068359375,1754076,TCS.NS
2022-05-18,3465.0,3495.0,3443.050048828125,3448.800048828125,3261.552978515625,1866781,TCS.NS
2022-05-19,3397.0,3405.0,3230.0,3261.949951171875,3084.84716796875,4642963,TCS.NS
2022-05-20,3310.0,3313.89990234375,3270.050048828125,3293.0,3114.21142578125,3065125,TCS.NS
2022-05-23,3304.800048828125,3338.89990234375,3267.0,3321.75,3141.400634765625,2293690,TCS.NS
2022-05-24,3315.14990234375,3324.85009765625,3275.60009765625,3288.0,3109.48291015625,1711510,TCS.NS
2022-05-25,3292.85009765625,3292.85009765625,3154.050048828125,3167.64990234375,3015.845947265625,3548046,TCS.NS
2022-05-26,3191.0,3241.5,3180.550048828125,3226.949951171875,3072.30419921875,2813186,TCS.NS
2022-05-27,3253.199951171875,3278.89990234375,3229.199951171875,3261.300048828125,3105.00830078125,3103153,TCS.NS
2022-05-30,3297.0,3386.60009765625,3286.35009765625,3375.25,3213.4970703125,2094624,TCS.NS
2022-05-31,3354.14990234375,3383.39990234375,3325.0,3364.35009765625,3203.11962890625,4840965,TCS.NS
2022-06-01,3388.0,3388.0,3340.050048828125,3355.199951171875,3194.407958984375,1493835,TCS.NS
2022-06-02,3355.0,3432.0,3346.300048828125,3423.0,3258.95849609375,2657939,TCS.NS
2022-06-03,3459.39990234375,3477.300048828125,3431.199951171875,3440.14990234375,3275.287109375,1913622,TCS.NS
2022-06-06,3418.0,3453.0,3377.14990234375,3430.949951171875,3266.52783203125,1084210,TCS.NS
2022-06-07,3401.050048828125,3418.85009765625,3356.0,3362.699951171875,3201.548583984375,2308256,TCS.NS
2022-06-08,3380.14990234375,3413.949951171875,3346.5,3404.14990234375,3241.0126953125,2185707,TCS.NS
2022-06-09,3385.0,3437.0,3353.10009765625,3427.10009765625,3262.862060546875,1279197,TCS.NS
2022-06-10,3382.0,3393.0,3352.0,3359.89990234375,3198.88232421875,1527582,TCS.NS
2022-06-13,3290.0,3293.0,3192.449951171875,3219.60009765625,3065.306396484375,3030921,TCS.NS
2022-06-14,3190.0,3238.89990234375,3174.699951171875,3210.550048828125,3056.68994140625,2611493,TCS.NS
2022-06-15,3218.5,3234.0,3201.0,3206.300048828125,3052.643798828125,1404536,TCS.NS
2022-06-16,3240.0,3244.85009765625,3133.050048828125,3142.0,2991.42529296875,2032028,TCS.NS
2022-06-17,3092.0,3118.75,3023.85009765625,3088.89990234375,2940.869873046875,5240434,TCS.NS
2022-06-20,3094.0,3138.75,3069.0,3112.39990234375,2963.24365234375,1502769,TCS.NS
2022-06-21,3130.0,3237.75,3125.39990234375,3211.949951171875,3058.02294921875,2964461,TCS.NS
2022-06-22,3199.89990234375,3250.550048828125,3183.0,3222.949951171875,3068.49560546875,3336315,TCS.NS
2022-06-23,3222.949951171875,3318.0,3222.949951171875,3308.800048828125,3150.231689453125,3692578,TCS.NS
2022-06-24,3339.0,3345.0,3277.5,3293.10009765625,3135.2841796875,2132118,TCS.NS
2022-06-27,3350.0,3362.89990234375,3306.5,3314.699951171875,3155.8486328125,2037686,TCS.NS
2022-06-28,3307.0,3330.0,3272.60009765625,3318.14990234375,3159.13330078125,1400046,TCS.NS
2022-06-29,3271.0,3333.0,3271.0,3290.5,3132.808349609375,2133994,TCS.NS
2022-06-30,3272.0,3310.89990234375,3255.0,3267.10009765625,3110.52978515625,2719603,TCS.NS
2022-07-01,3260.0,3333.0,3252.050048828125,3315.10009765625,3156.22998046875,1502879,TCS.NS
2022-07-04,3312.0,3317.949951171875,3225.050048828125,3235.050048828125,3080.016357421875,2622535,TCS.NS
2022-07-05,3255.0,3272.0,3206.949951171875,3216.300048828125,3062.16455078125,2170627,TCS.NS
2022-07-06,3218.5,3268.5,3202.25,3260.75,3104.483642578125,2182144,TCS.NS
2022-07-07,3271.0,3319.39990234375,3265.050048828125,3287.85009765625,3130.28564453125,1989921,TCS.NS
2022-07-08,3300.0,3305.0,3250.0,3265.449951171875,3108.959228515625,2136916,TCS.NS
2022-07-11,3206.14990234375,3225.0,3106.0,3113.800048828125,2964.576416015625,6974600,TCS.NS
2022-07-12,3114.89990234375,3136.199951171875,3080.25,3084.699951171875,2936.87109375,3734815,TCS.NS
2022-07-13,3104.0,3110.0,3035.0,3038.75,2893.123291015625,3863530,TCS.NS
2022-07-14,3056.0,3057.0,2967.0,2998.75,2862.57666015625,4764908,TCS.NS
2022-07-15,3018.550048828125,3028.89990234375,2953.0,2994.60009765625,2858.614990234375,4574806,TCS.NS
2022-07-18,3023.0,3076.949951171875,3014.300048828125,3063.5,2924.38623046875,3202795,TCS.NS
2022-07-19,3030.050048828125,3078.949951171875,3030.050048828125,3074.25,2934.64794921875,1865074,TCS.NS
2022-07-20,3107.800048828125,3171.949951171875,3098.050048828125,3164.800048828125,3021.086181640625,3402251,TCS.NS
2022-07-21,3167.0,3184.0,3144.050048828125,3177.300048828125,3033.0185546875,2420640,TCS.NS
2022-07-22,3185.0,3197.0,3143.5,3171.0,3027.004638671875,2075886,TCS.NS
2022-07-25,3165.0,3186.449951171875,3149.10009765625,3166.75,3022.94775390625,1797504,TCS.NS
2022-07-26,3164.699951171875,3168.89990234375,3096.5,3115.89990234375,2974.406982421875,2639367,TCS.NS
2022-07-27,3115.0,3194.10009765625,3110.0,3188.85009765625,3044.044189453125,1389808,TCS.NS
2022-07-28,3216.0,3264.0,3201.64990234375,3260.5,3112.4404296875,2106333,TCS.NS
2022-07-29,3290.0,3317.300048828125,3275.0,3301.89990234375,3151.9599609375,2430257,TCS.NS
2022-08-01,3327.0,3327.0,3271.0,3298.800048828125,3149.000732421875,1306913,TCS.NS
2022-08-02,3290.0,3312.89990234375,3271.64990234375,3291.800048828125,3142.31884765625,1269114,TCS.NS
2022-08-03,3280.0,3349.0,3277.050048828125,3339.5,3187.85302734375,2895824,TCS.NS
2022-08-04,3350.0,3387.89990234375,3307.35009765625,3354.949951171875,3202.601318359375,2150567,TCS.NS
2022-08-05,3361.199951171875,3377.0,3355.0,3365.050048828125,3212.242919921875,1106933,TCS.NS
2022-08-08,3365.0,3378.89990234375,3336.0,3374.449951171875,3221.2158203125,1068836,TCS.NS
2022-08-10,3385.0,3385.0,3335.0,3354.25,3201.93310546875,1878359,TCS.NS
2022-08-11,3400.0,3428.699951171875,3375.050048828125,3422.5,3267.083984375,1449248,TCS.NS
2022-08-12,3419.0,3419.0,3381.25,3401.550048828125,3247.0849609375,1472354,TCS.NS
2022-08-16,3411.0,3414.85009765625,3387.5,3392.699951171875,3238.6376953125,839942,TCS.NS
2022-08-17,3385.10009765625,3417.949951171875,3371.10009765625,3401.10009765625,3246.65576171875,1622326,TCS.NS
2022-08-18,3390.0,3392.0,3362.0,3381.25,3227.707275390625,1430659,TCS.NS
2022-08-19,3387.0,3421.5,3371.25,3385.75,3232.002685546875,1398410,TCS.NS
2022-08-22,3365.0,3384.10009765625,3347.39990234375,3354.550048828125,3202.219482421875,1536532,TCS.NS
2022-08-23,3319.949951171875,3341.89990234375,3270.0,3284.60009765625,3135.445556640625,1849256,TCS.NS
2022-08-24,3292.0,3308.0,3250.199951171875,3255.35009765625,3107.52392578125,1691923,TCS.NS
2022-08-25,3276.0,3278.14990234375,3214.75,3218.199951171875,3072.061279296875,1946930,TCS.NS
2022-08-26,3234.300048828125,3257.0,3216.800048828125,3222.199951171875,3075.879638671875,1457962,TCS.NS
2022-08-29,3125.0,3142.699951171875,3081.0,3132.550048828125,2990.301025390625,2539173,TCS.NS
2022-08-30,3155.0,3226.5,3142.10009765625,3211.14990234375,3065.331298828125,3431525,TCS.NS
2022-09-01,3190.0,3190.0,3121.0,3131.699951171875,2989.489013671875,3546935,TCS.NS
2022-09-02,3163.0,3163.0,3120.300048828125,3130.39990234375,2988.248046875,2052900,TCS.NS
2022-09-05,3123.64990234375,3147.949951171875,3112.25,3133.39990234375,2991.112060546875,2147912,TCS.NS
2022-09-06,3135.5,3140.85009765625,3106.35009765625,3127.050048828125,2985.050048828125,1936453,TCS.NS
2022-09-07,3102.0,3161.89990234375,3102.0,3149.60009765625,3006.57666015625,1291534,TCS.NS
2022-09-08,3170.0,3183.5,3160.10009765625,3169.64990234375,3025.715576171875,1346113,TCS.NS
2022-09-09,3195.0,3233.5,3168.5,3217.64990234375,3071.5361328125,1561185,TCS.NS
2022-09-12,3239.89990234375,3269.800048828125,3225.0,3242.949951171875,3095.6875,1785928,TCS.NS
2022-09-13,3263.449951171875,3263.449951171875,3225.0,3229.35009765625,3082.70458984375,1972678,TCS.NS
2022-09-14,3135.0,3141.39990234375,3113.800048828125,3120.39990234375,2978.7021484375,5090269,TCS.NS
2022-09-15,3130.0,3137.75,3100.0,3104.35009765625,2963.381103515625,2138023,TCS.NS
2022-09-16,3076.0,3094.35009765625,3000.0,3008.699951171875,2872.074462890625,5322221,TCS.NS
2022-09-19,3036.0,3042.0,2987.800048828125,3028.800048828125,2891.261962890625,2072220,TCS.NS
2022-09-20,3050.0,3079.949951171875,3030.0,3040.300048828125,2902.23974609375,1544295,TCS.NS
2022-09-21,3028.0,3041.39990234375,2998.14990234375,3001.199951171875,2864.915283203125,2253818,TCS.NS
2022-09-22,2990.0,3029.949951171875,2979.300048828125,3007.39990234375,2870.833251953125,2017983,TCS.NS
2022-09-23,3004.0,3022.5,2979.0,2982.050048828125,2846.634765625,2652374,TCS.NS
2022-09-26,2959.85009765625,3025.85009765625,2926.10009765625,2994.39990234375,2858.42333984375,2925489,TCS.NS
2022-09-27,3009.39990234375,3025.0,2976.0,3017.449951171875,2880.4267578125,2227447,TCS.NS
2022-09-28,2980.0,3049.949951171875,2980.0,3035.64990234375,2897.80078125,2739767,TCS.NS
2022-09-29,3054.0,3055.85009765625,2990.0,2997.300048828125,2861.192626953125,2493902,TCS.NS
2022-09-30,2990.85009765625,3019.699951171875,2950.10009765625,3004.550048828125,2868.11279296875,2817353,TCS.NS
2022-10-03,2995.0,3020.699951171875,2974.0,2984.949951171875,2849.403076171875,1763331,TCS.NS
2022-10-04,3029.949951171875,3098.0,3023.0,3091.14990234375,2950.780517578125,2145875,TCS.NS
2022-10-06,3111.0,3124.0,3092.449951171875,3101.949951171875,2961.08984375,1790816,TCS.NS
2022-10-07,3097.39990234375,3105.0,3058.10009765625,3064.89990234375,2925.72265625,1939879,TCS.NS
2022-10-10,3010.0,3127.0,3005.0,3118.550048828125,2976.936767578125,3064063,TCS.NS
2022-10-11,3100.0,3145.0,3053.35009765625,3069.550048828125,2930.161865234375,4730645,TCS.NS
2022-10-12,3084.89990234375,3109.89990234375,3062.050048828125,3100.75,2959.944580078125,1665247,TCS.NS
2022-10-13,3100.75,3110.0,3052.35009765625,3103.300048828125,2962.378662109375,2054781,TCS.NS
2022-10-14,3145.0,3150.0,3071.0,3099.14990234375,2958.4169921875,2245977,TCS.NS
2022-10-17,3072.64990234375,3128.39990234375,3071.449951171875,3111.75,2978.1328125,1517005,TCS.NS
2022-10-18,3150.0,3155.35009765625,3128.550048828125,3144.699951171875,3009.66748046875,1793722,TCS.NS
2022-10-19,3159.0,3159.0,3112.0,3121.85009765625,2987.799072265625,1194289,TCS.NS
2022-10-20,3105.0,3160.0,3105.0,3157.300048828125,3021.726806640625,1587601,TCS.NS
2022-10-21,3157.800048828125,3160.39990234375,3127.0,3137.39990234375,3002.68115234375,1021913,TCS.NS
2022-10-24,3170.10009765625,3178.0,3155.0,3161.699951171875,3025.938232421875,260949,TCS.NS
2022-10-25,3180.5,3184.25,3151.14990234375,3162.10009765625,3026.320556640625,2069643,TCS.NS
2022-10-27,3160.699951171875,3174.0,3134.35009765625,3157.39990234375,3021.82275390625,2438421,TCS.NS
2022-10-28,3150.0,3178.5,3145.0,3163.25,3027.421630859375,1355739,TCS.NS
2022-10-31,3199.0,3199.0,3177.800048828125,3193.14990234375,3056.03759765625,1919414,TCS.NS
2022-11-01,3214.5,3262.60009765625,3203.449951171875,3259.699951171875,3119.72998046875,2991060,TCS.NS
2022-11-02,3270.0,3270.0,3222.050048828125,3241.699951171875,3102.5029296875,1405955,TCS.NS
2022-11-03,3228.050048828125,3228.050048828125,3195.0,3206.75,3069.053466796875,1422652,TCS.NS
2022-11-04,3217.0,3220.050048828125,3166.14990234375,3217.39990234375,3079.24609375,1464013,TCS.NS
2022-11-07,3229.0,3242.800048828125,3195.10009765625,3233.699951171875,3094.845947265625,1474498,TCS.NS
2022-11-09,3249.800048828125,3249.800048828125,3201.64990234375,3216.050048828125,3077.954345703125,1162267,TCS.NS
2022-11-10,3170.0,3225.0,3170.0,3205.64990234375,3068.0009765625,1573092,TCS.NS
2022-11-11,3269.60009765625,3341.60009765625,3255.050048828125,3315.949951171875,3173.564697265625,3265394,TCS.NS
2022-11-14,3324.0,3349.0,3309.0,3335.5,3192.27490234375,1342074,TCS.NS
2022-11-15,3321.0,3339.949951171875,3292.0,3332.60009765625,3189.499267578125,1400708,TCS.NS
2022-11-16,3338.89990234375,3367.89990234375,3321.449951171875,3355.35009765625,3211.27294921875,1748235,TCS.NS
2022-11-17,3340.0,3360.0,3317.75,3349.0,3205.19482421875,1417986,TCS.NS
2022-11-18,3350.0,3362.75,3321.0,3343.449951171875,3199.88330078125,1164540,TCS.NS
2022-11-21,3322.5,3333.699951171875,3273.0,3283.5,3142.507568359375,1304194,TCS.NS
2022-11-22,3280.0,3318.949951171875,3255.25,3314.949951171875,3172.607666015625,1149739,TCS.NS
2022-11-23,3330.0,3330.0,3291.0,3308.300048828125,3166.2431640625,1150011,TCS.NS
2022-11-24,3316.25,3392.949951171875,3308.300048828125,3380.14990234375,3235.0078125,1296591,TCS.NS
2022-11-25,3383.0,3403.35009765625,3348.0,3389.64990234375,3244.099365234375,1588981,TCS.NS
2022-11-28,3366.0,3417.0,3365.550048828125,3395.25,3249.459228515625,2195437,TCS.NS
2022-11-29,3383.0,3429.0,3383.0,3397.35009765625,3251.469482421875,1576028,TCS.NS
2022-11-30,3383.0,3414.89990234375,3375.0,3390.800048828125,3245.20068359375,3410702,TCS.NS
2022-12-01,3425.0,3480.0,3420.0,3475.64990234375,3326.406982421875,2180856,TCS.NS
2022-12-02,3458.10009765625,3468.89990234375,3413.0,3439.14990234375,3291.474365234375,2411749,TCS.NS
2022-12-05,3433.0,3439.14990234375,3407.0,3425.89990234375,3278.793212890625,1475065,TCS.NS
2022-12-06,3400.050048828125,3407.949951171875,3368.0,3385.35009765625,3239.984375,1166999,TCS.NS
2022-12-07,3368.300048828125,3393.699951171875,3354.0,3380.60009765625,3235.43896484375,1167505,TCS.NS
2022-12-08,3360.0,3380.60009765625,3339.449951171875,3350.550048828125,3206.6787109375,1285619,TCS.NS
2022-12-09,3374.10009765625,3374.10009765625,3276.35009765625,3292.75,3151.360107421875,1797896,TCS.NS
2022-12-12,3255.5,3296.0,3236.10009765625,3286.449951171875,3145.3310546875,1527610,TCS.NS
2022-12-13,3277.199951171875,3336.449951171875,3267.800048828125,3332.10009765625,3189.02099609375,1378016,TCS.NS
2022-12-14,3348.800048828125,3377.0,3340.89990234375,3365.35009765625,3220.84375,1213311,TCS.NS
2022-12-15,3358.800048828125,3364.75,3298.949951171875,3305.10009765625,3163.180419921875,1415694,TCS.NS
2022-12-16,3275.0,3292.0,3225.199951171875,3240.25,3101.115234375,2703680,TCS.NS
2022-12-19,3227.0,3245.5,3194.5,3202.050048828125,3064.554931640625,2120965,TCS.NS
2022-12-20,3198.89990234375,3249.0,3163.64990234375,3243.949951171875,3104.656005859375,1529971,TCS.NS
2022-12-21,3249.0,3283.050048828125,3240.0,3268.550048828125,3128.19970703125,1432566,TCS.NS
2022-12-22,3294.0,3294.0,3245.10009765625,3259.699951171875,3119.72998046875,1384101,TCS.NS
2022-12-23,3217.0,3266.85009765625,3217.0,3228.35009765625,3089.72607421875,1360281,TCS.NS
2022-12-26,3228.35009765625,3272.0,3225.050048828125,3252.89990234375,3113.221435546875,870157,TCS.NS
2022-12-27,3269.199951171875,3273.800048828125,3231.5,3259.5,3119.538330078125,835883,TCS.NS
2022-12-28,3249.800048828125,3266.10009765625,3226.0,3257.10009765625,3117.2412109375,910795,TCS.NS
2022-12-29,3231.10009765625,3271.5,3228.0,3268.75,3128.39111328125,1037927,TCS.NS
2022-12-30,3286.050048828125,3299.0,3246.199951171875,3256.699951171875,3116.858642578125,1163131,TCS.NS
2023-01-02,3261.0,3266.85009765625,3235.199951171875,3261.449951171875,3121.40478515625,709547,TCS.NS
2023-01-03,3252.0,3320.0,3245.300048828125,3311.35009765625,3169.162109375,1245178,TCS.NS
2023-01-04,3306.699951171875,3327.35009765625,3286.199951171875,3314.64990234375,3172.320068359375,1231668,TCS.NS
2023-01-05,3330.199951171875,3337.300048828125,3281.949951171875,3311.10009765625,3168.922607421875,1826057,TCS.NS
2023-01-06,3300.0,3301.550048828125,3200.0,3211.550048828125,3073.647705078125,2488376,TCS.NS
2023-01-09,3229.0,3327.0,3221.14990234375,3319.949951171875,3177.392578125,2885060,TCS.NS
2023-01-10,3285.0,3298.0,3230.10009765625,3286.39990234375,3145.283447265625,3864655,TCS.NS
2023-01-11,3290.10009765625,3349.5,3271.14990234375,3328.699951171875,3185.76708984375,2720512,TCS.NS
2023-01-12,3329.0,3350.0,3315.550048828125,3334.35009765625,3191.174560546875,2250391,TCS.NS
2023-01-13,3342.89990234375,3379.0,3305.0,3374.550048828125,3229.64794921875,1742837,TCS.NS
2023-01-16,3317.0,3353.0,3298.050048828125,3334.050048828125,3198.469970703125,1843607,TCS.NS
2023-01-17,3330.0,3381.800048828125,3321.0,3378.39990234375,3241.016357421875,1688475,TCS.NS
2023-01-18,3380.0,3408.949951171875,3372.25,3390.0,3252.14453125,2421189,TCS.NS
2023-01-19,3380.0,3387.0,3361.0,3373.10009765625,3235.932373046875,1585044,TCS.NS
2023-01-20,3365.0,3394.64990234375,3355.60009765625,3363.10009765625,3226.3388671875,1529349,TCS.NS
2023-01-23,3388.0,3419.0,3355.60009765625,3414.89990234375,3276.0322265625,1067916,TCS.NS
2023-01-24,3425.0,3451.949951171875,3417.300048828125,3436.300048828125,3296.562255859375,1387863,TCS.NS
2023-01-25,3425.300048828125,3435.0,3405.0,3429.75,3290.278076171875,874110,TCS.NS
2023-01-27,3426.0,3446.0,3382.300048828125,3411.050048828125,3272.338623046875,1785879,TCS.NS
2023-01-30,3420.0,3458.449951171875,3385.550048828125,3433.64990234375,3294.02001953125,1953798,TCS.NS
2023-01-31,3449.0,3449.0,3351.0,3358.699951171875,3222.117431640625,2820375,TCS.NS
2023-02-01,3363.0,3419.0,3355.0,3408.35009765625,3269.748779296875,2205161,TCS.NS
2023-02-02,3427.0,3469.0,3420.10009765625,3460.39990234375,3319.681884765625,1813847,TCS.NS
2023-02-03,3504.0,3504.0,3452.89990234375,3482.300048828125,3340.69140625,1804469,TCS.NS
2023-02-06,3473.14990234375,3473.14990234375,3436.85009765625,3459.949951171875,3319.250244140625,1138714,TCS.NS
2023-02-07,3468.89990234375,3493.0,3461.39990234375,3472.550048828125,3331.337890625,1455647,TCS.NS
2023-02-08,3478.050048828125,3539.89990234375,3478.050048828125,3520.10009765625,3376.953857421875,1986946,TCS.NS
2023-02-09,3515.0,3547.60009765625,3505.300048828125,3540.85009765625,3396.86083984375,1655427,TCS.NS
2023-02-10,3520.0,3542.35009765625,3508.14990234375,3537.550048828125,3393.69482421875,1187821,TCS.NS
2023-02-13,3549.0,3549.0,3473.39990234375,3482.39990234375,3340.786865234375,1087939,TCS.NS
2023-02-14,3505.0,3524.85009765625,3495.0,3500.10009765625,3357.767333984375,1579818,TCS.NS
2023-02-15,3487.0,3526.0,3460.14990234375,3520.64990234375,3377.481689453125,1429449,TCS.NS
2023-02-16,3527.199951171875,3575.0,3527.0,3558.050048828125,3413.361328125,1618931,TCS.NS
2023-02-17,3526.14990234375,3538.89990234375,3490.0,3501.14990234375,3358.774658203125,1061369,TCS.NS
2023-02-20,3502.0,3522.0,3475.050048828125,3487.300048828125,3345.48779296875,1296082,TCS.NS
2023-02-21,3494.0,3508.89990234375,3444.75,3451.0,3310.6640625,1139541,TCS.NS
2023-02-22,3414.949951171875,3447.0,3395.0,3401.550048828125,3263.224853515625,1218430,TCS.NS
2023-02-23,3421.0,3452.39990234375,3408.0,3413.800048828125,3274.976806640625,1441570,TCS.NS
2023-02-24,3422.5,3433.949951171875,3382.300048828125,3400.449951171875,3262.169677734375,977592,TCS.NS
2023-02-27,3390.0,3390.0,3316.0,3331.85009765625,3196.359375,1128022,TCS.NS
2023-02-28,3328.5,3392.0,3299.89990234375,3312.85009765625,3178.13232421875,4116217,TCS.NS
2023-03-01,3323.0,3389.0,3315.0,3385.699951171875,3248.019775390625,1669307,TCS.NS
2023-03-02,3361.0,3369.89990234375,3318.0,3321.449951171875,3186.382568359375,1556538,TCS.NS
2023-03-03,3354.0,3358.0,3331.10009765625,3342.14990234375,3206.24072265625,1043190,TCS.NS
2023-03-06,3361.89990234375,3404.949951171875,3359.0,3371.85009765625,3234.733154296875,1334132,TCS.NS
2023-03-08,3364.0,3396.0,3330.85009765625,3390.39990234375,3252.528564453125,1844590,TCS.NS
2023-03-09,3385.0,3385.0,3330.85009765625,3336.85009765625,3201.15625,1648500,TCS.NS
2023-03-10,3312.89990234375,3337.25,3290.0,3331.0,3195.544189453125,1024404,TCS.NS
2023-03-13,3333.0,3369.800048828125,3272.0,3281.949951171875,3148.48828125,1901233,TCS.NS
2023-03-14,3280.0,3304.39990234375,3209.39990234375,3214.949951171875,3084.21337890625,2670334,TCS.NS
2023-03-15,3250.0,3260.35009765625,3192.0,3198.89990234375,3068.815673828125,1780522,TCS.NS
2023-03-16,3208.0,3219.800048828125,3172.0,3185.0,3055.48095703125,1901060,TCS.NS
2023-03-17,3150.5,3221.39990234375,3144.0,3179.300048828125,3050.012939453125,6739966,TCS.NS
2023-03-20,3169.64990234375,3169.64990234375,3095.050048828125,3143.300048828125,3015.47705078125,2289468,TCS.NS
2023-03-21,3143.300048828125,3156.75,3097.449951171875,3106.10009765625,2979.78955078125,1815297,TCS.NS
2023-03-22,3130.050048828125,3143.5,3106.10009765625,3130.800048828125,3003.485107421875,1123939,TCS.NS
2023-03-23,3114.89990234375,3146.35009765625,3101.0,3124.64990234375,2997.585205078125,1372218,TCS.NS
2023-03-24,3148.89990234375,3170.0,3106.0,3120.5,2993.60400390625,1329577,TCS.NS
2023-03-27,3135.0,3152.75,3106.0,3122.300048828125,2995.330810546875,1524217,TCS.NS
2023-03-28,3127.0,3149.550048828125,3110.14990234375,3115.89990234375,2989.191162109375,1303530,TCS.NS
2023-03-29,3129.0,3150.0,3104.10009765625,3138.89990234375,3011.255615234375,1740616,TCS.NS
2023-03-31,3189.949951171875,3213.0,3152.0,3205.89990234375,3075.531494140625,2382581,TCS.NS
2023-04-03,3224.949951171875,3224.949951171875,3173.75,3200.0,3069.871826171875,1521830,TCS.NS
2023-04-05,3185.5,3264.35009765625,3185.5,3239.800048828125,3108.052490234375,2655065,TCS.NS
2023-04-06,3225.0,3257.35009765625,3215.0,3220.699951171875,3089.729248046875,1703464,TCS.NS
2023-04-10,3220.0,3272.0,3215.0,3263.39990234375,3130.692626953125,2203187,TCS.NS
2023-04-11,3264.0,3272.949951171875,3192.14990234375,3213.800048828125,3083.10986328125,2348779,TCS.NS
2023-04-12,3227.949951171875,3260.949951171875,3199.0,3241.64990234375,3109.8271484375,2417727,TCS.NS
2023-04-13,3210.0,3230.0,3180.0,3188.85009765625,3059.174560546875,4174070,TCS.NS
2023-04-17,3134.10009765625,3163.39990234375,3070.25,3139.5,3011.8310546875,5505048,TCS.NS
2023-04-18,3154.949951171875,3156.85009765625,3110.60009765625,3130.75,3003.437255859375,2617302,TCS.NS
2023-04-19,3130.75,3140.0,3071.5,3089.60009765625,2963.9609375,3298034,TCS.NS
2023-04-20,3090.0,3113.0,3078.0,3104.800048828125,2978.54248046875,2419999,TCS.NS
2023-04-21,3110.0,3164.449951171875,3100.800048828125,3160.85009765625,3032.313232421875,1929184,TCS.NS
2023-04-24,3151.10009765625,3180.949951171875,3126.14990234375,3174.800048828125,3045.696044921875,1640676,TCS.NS
2023-04-25,3183.0,3191.199951171875,3147.5,3176.0,3046.846923828125,2024090,TCS.NS
2023-04-26,3181.0,3208.39990234375,3181.0,3198.14990234375,3068.096435546875,2000029,TCS.NS
2023-04-27,3185.0,3199.199951171875,3170.64990234375,3187.949951171875,3058.311279296875,2434446,TCS.NS
2023-04-28,3200.39990234375,3227.25,3196.25,3219.25,3088.33837890625,2931312,TCS.NS
2023-05-02,3235.0,3235.0,3210.0,3219.39990234375,3088.482177734375,2321159,TCS.NS
2023-05-03,3216.0,3216.0,3173.14990234375,3179.89990234375,3050.588134765625,2468285,TCS.NS
2023-05-04,3180.14990234375,3224.449951171875,3178.0,3220.699951171875,3089.729248046875,1953253,TCS.NS
2023-05-05,3220.0,3244.0,3210.050048828125,3230.699951171875,3099.322998046875,1710027,TCS.NS
2023-05-08,3245.0,3254.85009765625,3231.300048828125,3250.60009765625,3118.41357421875,928235,TCS.NS
2023-05-09,3252.60009765625,3298.0,3246.0,3283.25,3149.736083984375,1107375,TCS.NS
2023-05-10,3290.0,3306.5,3266.050048828125,3286.800048828125,3153.1416015625,1559987,TCS.NS
2023-05-11,3309.0,3309.699951171875,3272.0,3282.14990234375,3148.6806640625,1719623,TCS.NS
2023-05-12,3279.14990234375,3290.0,3260.0,3274.300048828125,3141.1494140625,1027479,TCS.NS
2023-05-15,3284.0,3292.0,3248.35009765625,3255.050048828125,3122.682373046875,1150390,TCS.NS
2023-05-16,3256.199951171875,3285.0,3250.449951171875,3258.14990234375,3125.65625,986306,TCS.NS
2023-05-17,3255.949951171875,3280.0,3198.25,3208.699951171875,3078.21728515625,1588815,TCS.NS
2023-05-18,3225.949951171875,3228.949951171875,3195.0,3199.85009765625,3069.72705078125,1369364,TCS.NS
2023-05-19,3210.0,3234.5,3203.050048828125,3222.85009765625,3091.791748046875,1152449,TCS.NS
2023-05-22,3230.0,3308.449951171875,3217.050048828125,3298.699951171875,3164.55712890625,1333243,TCS.NS
2023-05-23,3306.0,3327.949951171875,3290.10009765625,3297.050048828125,3162.974365234375,1687418,TCS.NS
2023-05-24,3276.0,3317.199951171875,3276.0,3303.35009765625,3169.018310546875,1016555,TCS.NS
2023-05-25,3294.0,3306.0,3267.10009765625,3293.5,3159.56884765625,1374917,TCS.NS
2023-05-26,3293.5,3338.64990234375,3291.0,3328.89990234375,3193.52978515625,1791115,TCS.NS
2023-05-29,3360.800048828125,3372.0,3312.0,3320.35009765625,3185.327392578125,1210372,TCS.NS
2023-05-30,3315.0,3326.949951171875,3301.35009765625,3316.199951171875,3181.345458984375,1344224,TCS.NS
2023-05-31,3309.0,3327.699951171875,3265.14990234375,3289.5,3155.731689453125,5815424,TCS.NS
2023-06-01,3314.0,3340.0,3297.5,3324.0,3188.8291015625,1177314,TCS.NS
2023-06-02,3326.25,3335.89990234375,3297.449951171875,3305.60009765625,3171.177001953125,2030661,TCS.NS
2023-06-05,3315.0,3327.0,3285.050048828125,3288.89990234375,3155.155517578125,1861468,TCS.NS
2023-06-06,3280.0,3288.85009765625,3220.60009765625,3232.300048828125,3100.857421875,2022849,TCS.NS
2023-06-07,3253.0,3278.85009765625,3241.0,3274.89990234375,3141.7255859375,1567196,TCS.NS
2023-06-08,3261.0,3270.0,3233.0,3236.449951171875,3104.8388671875,1759366,TCS.NS
2023-06-09,3245.0,3250.0,3205.35009765625,3209.300048828125,3078.792724609375,1775689,TCS.NS
2023-06-12,3215.0,3254.39990234375,3211.0,3246.89990234375,3114.864013671875,2324605,TCS.NS
2023-06-13,3260.0,3265.0,3239.0,3243.699951171875,3111.79443359375,1371928,TCS.NS
2023-06-14,3243.699951171875,3255.85009765625,3225.85009765625,3251.050048828125,3118.845458984375,1658544,TCS.NS
2023-06-15,3245.300048828125,3247.449951171875,3210.0,3216.300048828125,3108.455810546875,2273810,TCS.NS
2023-06-16,3197.0,3199.39990234375,3156.0,3174.89990234375,3068.443603515625,4156189,TCS.NS
2023-06-19,3190.0,3214.89990234375,3175.0,3210.39990234375,3102.75341796875,1468186,TCS.NS
2023-06-20,3214.0,3232.5,3201.050048828125,3227.699951171875,3119.47314453125,1528452,TCS.NS
2023-06-21,3250.0,3261.39990234375,3223.949951171875,3258.199951171875,3148.950439453125,1645987,TCS.NS
2023-06-22,3260.0,3267.64990234375,3230.10009765625,3238.5,3129.910888671875,1529603,TCS.NS
2023-06-23,3237.300048828125,3249.39990234375,3209.14990234375,3216.35009765625,3108.504150390625,1119505,TCS.NS
2023-06-26,3205.0,3213.89990234375,3173.0,3189.64990234375,3082.698974609375,1978803,TCS.NS
2023-06-27,3202.0,3209.64990234375,3182.300048828125,3197.35009765625,3090.14111328125,863542,TCS.NS
2023-06-28,3208.0,3230.949951171875,3193.39990234375,3215.449951171875,3107.6337890625,1575872,TCS.NS
2023-06-30,3220.0,3310.0,3214.10009765625,3302.25,3191.5234375,2672406,TCS.NS
2023-07-03,3314.300048828125,3318.800048828125,3268.75,3272.300048828125,3162.577880859375,1687264,TCS.NS
2023-07-04,3290.0,3315.0,3277.300048828125,3308.85009765625,3197.90234375,1656681,TCS.NS
2023-07-05,3320.0,3329.0,3305.0,3319.949951171875,3208.630126953125,1453008,TCS.NS
2023-07-06,3306.550048828125,3328.449951171875,3302.0,3322.89990234375,3211.48095703125,1848238,TCS.NS
2023-07-07,3302.0,3356.89990234375,3302.0,3329.25,3217.618408203125,1789326,TCS.NS
2023-07-10,3324.75,3324.75,3265.199951171875,3271.949951171875,3162.2392578125,1407431,TCS.NS
2023-07-11,3295.0,3295.0,3260.800048828125,3272.39990234375,3162.67431640625,1110172,TCS.NS
2023-07-12,3280.949951171875,3289.14990234375,3250.10009765625,3259.89990234375,3150.593505859375,1515240,TCS.NS
2023-07-13,3284.0,3367.449951171875,3272.75,3340.550048828125,3228.539306640625,4585146,TCS.NS
2023-07-14,3365.0,3524.85009765625,3352.0,3514.64990234375,3396.801025390625,6306101,TCS.NS
2023-07-17,3510.0,3549.89990234375,3477.050048828125,3491.699951171875,3374.62109375,2743228,TCS.NS
2023-07-18,3476.0,3524.0,3465.0,3496.85009765625,3379.598388671875,2600090,TCS.NS
2023-07-19,3500.0,3516.85009765625,3445.64990234375,3470.050048828125,3353.697265625,2405370,TCS.NS
2023-07-20,3453.10009765625,3478.89990234375,3436.050048828125,3463.300048828125,3355.87744140625,1715404,TCS.NS
2023-07-21,3404.050048828125,3434.89990234375,3359.050048828125,3368.300048828125,3263.824462890625,3770223,TCS.NS
2023-07-24,3381.0,3413.449951171875,3372.10009765625,3394.75,3289.453857421875,1680132,TCS.NS
2023-07-25,3397.5,3406.800048828125,3380.199951171875,3399.14990234375,3293.716796875,1272980,TCS.NS
2023-07-26,3400.35009765625,3420.85009765625,3385.0,3388.300048828125,3283.20361328125,1066803,TCS.NS
2023-07-27,3394.949951171875,3411.64990234375,3385.050048828125,3396.89990234375,3291.53662109375,1701769,TCS.NS
2023-07-28,3385.0,3393.699951171875,3331.0,3355.39990234375,3251.32421875,2599831,TCS.NS
2023-07-31,3364.39990234375,3426.64990234375,3360.89990234375,3421.449951171875,3315.32568359375,2743678,TCS.NS
2023-08-01,3415.0,3460.0,3415.0,3452.050048828125,3344.97607421875,1956167,TCS.NS
2023-08-02,3434.949951171875,3446.39990234375,3413.60009765625,3440.64990234375,3333.929931640625,1914899,TCS.NS
2023-08-03,3420.0,3433.25,3368.0,3399.949951171875,3294.492431640625,2026351,TCS.NS
2023-08-04,3401.25,3471.0,3401.25,3443.550048828125,3336.739990234375,2248493,TCS.NS
2023-08-07,3453.949951171875,3488.0,3441.25,3484.050048828125,3375.98388671875,1853889,TCS.NS
2023-08-08,3484.050048828125,3489.949951171875,3456.60009765625,3470.60009765625,3362.951171875,1634225,TCS.NS
2023-08-09,3464.89990234375,3467.0,3425.050048828125,3462.5,3355.102294921875,1794589,TCS.NS
2023-08-10,3450.0,3464.89990234375,3430.050048828125,3442.10009765625,3335.335205078125,1096701,TCS.NS
2023-08-11,3438.10009765625,3466.64990234375,3414.0,3448.800048828125,3341.8271484375,1679974,TCS.NS
2023-08-14,3440.699951171875,3455.0,3411.0,3449.85009765625,3342.844482421875,1190425,TCS.NS
2023-08-16,3450.0,3466.0,3435.199951171875,3458.39990234375,3351.129150390625,1328445,TCS.NS
2023-08-17,3455.0,3460.800048828125,3413.199951171875,3435.75,3329.182373046875,1843241,TCS.NS
2023-08-18,3410.0,3410.0,3356.5,3367.10009765625,3262.661376953125,2526749,TCS.NS
2023-08-21,3375.0,3409.75,3372.0,3401.64990234375,3296.139404296875,1375579,TCS.NS
2023-08-22,3400.0,3411.0,3365.050048828125,3382.14990234375,3277.244140625,1222012,TCS.NS
2023-08-23,3388.0,3402.0,3376.0,3398.25,3292.84521484375,1330046,TCS.NS
2023-08-24,3408.0,3413.050048828125,3378.10009765625,3387.75,3282.6708984375,1152881,TCS.NS
2023-08-25,3375.0,3385.800048828125,3350.25,3381.300048828125,3276.4208984375,1158046,TCS.NS
2023-08-28,3394.0,3394.0,3360.10009765625,3375.550048828125,3270.84912109375,1037485,TCS.NS
2023-08-29,3381.050048828125,3389.550048828125,3365.0,3376.14990234375,3271.430419921875,944517,TCS.NS
2023-08-30,3398.0,3408.10009765625,3383.050048828125,3390.949951171875,3285.771484375,1188200,TCS.NS
2023-08-31,3401.0,3417.39990234375,3343.64990234375,3356.800048828125,3252.680908203125,3417652,TCS.NS
2023-09-01,3366.0,3389.0,3356.800048828125,3379.199951171875,3274.3857421875,1277950,TCS.NS
2023-09-04,3378.0,3432.85009765625,3370.050048828125,3418.5,3312.466796875,1828332,TCS.NS
2023-09-05,3420.0,3447.0,3405.14990234375,3429.35009765625,3322.98046875,1501842,TCS.NS
2023-09-06,3434.0,3443.89990234375,3398.10009765625,3429.89990234375,3323.512939453125,1314818,TCS.NS
2023-09-07,3430.800048828125,3460.0,3422.300048828125,3455.25,3348.077392578125,1885092,TCS.NS
2023-09-08,3455.25,3465.0,3435.050048828125,3441.89990234375,3335.141357421875,1518917,TCS.NS
2023-09-11,3462.0,3485.699951171875,3445.0,3480.64990234375,3372.68896484375,1783604,TCS.NS
2023-09-12,3492.0,3589.89990234375,3483.0,3580.800048828125,3469.732666015625,4476016,TCS.NS
2023-09-13,3571.10009765625,3588.85009765625,3545.0,3567.85009765625,3457.184326171875,1754929,TCS.NS
2023-09-14,3570.050048828125,3597.699951171875,3545.60009765625,3560.050048828125,3449.62646484375,2604721,TCS.NS
2023-09-15,3567.85009765625,3607.35009765625,3562.449951171875,3598.300048828125,3486.690185546875,2952897,TCS.NS
2023-09-18,3580.050048828125,3619.300048828125,3575.25,3606.14990234375,3494.296142578125,1395753,TCS.NS
2023-09-20,3580.0,3625.0,3580.0,3606.050048828125,3494.199462890625,1649396,TCS.NS
2023-09-21,3588.550048828125,3605.0,3528.0,3585.300048828125,3474.093505859375,2004073,TCS.NS
2023-09-22,3584.0,3633.75,3565.050048828125,3603.64990234375,3491.874267578125,1989083,TCS.NS
2023-09-25,3602.5,3620.0,3558.64990234375,3577.14990234375,3466.19580078125,1238778,TCS.NS
2023-09-26,3567.60009765625,3594.949951171875,3536.0,3585.699951171875,3474.480712890625,1726062,TCS.NS
2023-09-27,3590.0,3614.0,3555.699951171875,3589.300048828125,3477.96923828125,1541134,TCS.NS
2023-09-28,3600.0,3602.800048828125,3527.35009765625,3536.75,3427.049072265625,1755753,TCS.NS
2023-09-29,3537.199951171875,3568.449951171875,3505.550048828125,3528.60009765625,3419.15234375,2243791,TCS.NS
2023-10-03,3534.199951171875,3534.199951171875,3480.10009765625,3513.85009765625,3404.859375,1948148,TCS.NS
2023-10-04,3486.300048828125,3548.0,3477.300048828125,3537.75,3428.01806640625,1788138,TCS.NS
2023-10-05,3554.0,3624.0,3551.199951171875,3589.35009765625,3478.01806640625,2990768,TCS.NS
2023-10-06,3591.0,3634.949951171875,3575.050048828125,3621.39990234375,3509.073486328125,2075691,TCS.NS
2023-10-09,3645.050048828125,3679.0,3631.0,3638.35009765625,3525.497802734375,4233074,TCS.NS
2023-10-10,3640.050048828125,3648.0,3601.35009765625,3628.89990234375,3516.341064453125,1848148,TCS.NS
2023-10-11,3650.0,3650.0,3605.0,3609.89990234375,3497.930419921875,2426417,TCS.NS
2023-10-12,3575.0,3588.64990234375,3538.10009765625,3542.550048828125,3432.669677734375,4241281,TCS.NS
2023-10-13,3530.0,3577.0,3525.0,3570.85009765625,3460.09130859375,2890357,TCS.NS
2023-10-16,3566.0,3574.64990234375,3519.10009765625,3524.050048828125,3414.743408203125,1671104,TCS.NS
2023-10-17,3530.0,3534.14990234375,3503.35009765625,3507.050048828125,3398.2705078125,1672065,TCS.NS
2023-10-18,3511.0,3522.699951171875,3484.0,3487.25,3379.084716796875,1408245,TCS.NS
2023-10-19,3469.5,3476.85009765625,3451.89990234375,3455.64990234375,3357.128662109375,1514545,TCS.NS
2023-10-20,3450.39990234375,3499.5,3444.050048828125,3494.550048828125,3394.919921875,1481211,TCS.NS
2023-10-23,3473.0,3478.949951171875,3401.300048828125,3410.14990234375,3312.92578125,1106272,TCS.NS
2023-10-25,3390.5,3425.0,3377.199951171875,3390.10009765625,3293.44775390625,1518537,TCS.NS
2023-10-26,3368.050048828125,3373.699951171875,3330.0,3336.75,3241.61865234375,1984471,TCS.NS
2023-10-27,3350.0,3362.0,3337.0,3350.949951171875,3255.413818359375,1108851,TCS.NS
2023-10-30,3350.0,3382.85009765625,3333.75,3378.550048828125,3282.226806640625,910972,TCS.NS
2023-10-31,3399.0,3399.0,3350.050048828125,3368.75,3272.70654296875,999811,TCS.NS
2023-11-01,3355.0,3371.60009765625,3311.0,3330.64990234375,3235.6923828125,1563475,TCS.NS
2023-11-02,3343.199951171875,3375.949951171875,3343.199951171875,3360.10009765625,3264.302978515625,1245384,TCS.NS
2023-11-03,3382.0,3387.89990234375,3344.300048828125,3350.89990234375,3255.364990234375,1402598,TCS.NS
2023-11-06,3375.0,3392.300048828125,3359.0,3380.25,3283.87890625,1099852,TCS.NS
2023-11-07,3378.0,3404.14990234375,3366.0,3370.449951171875,3274.35791015625,1191144,TCS.NS
2023-11-08,3371.449951171875,3401.949951171875,3369.550048828125,3381.550048828125,3285.14208984375,992899,TCS.NS
2023-11-09,3390.10009765625,3391.5,3342.050048828125,3347.449951171875,3252.013671875,2112352,TCS.NS
2023-11-10,3338.0,3347.449951171875,3322.35009765625,3333.449951171875,3238.412841796875,1338557,TCS.NS
2023-11-13,3356.0,3356.0,3327.0,3331.550048828125,3236.5673828125,1030990,TCS.NS
2023-11-15,3383.10009765625,3413.0,3356.050048828125,3404.300048828125,3307.242431640625,2059802,TCS.NS
2023-11-16,3430.050048828125,3529.35009765625,3414.199951171875,3497.85009765625,3398.12548828125,3951984,TCS.NS
2023-11-17,3497.85009765625,3524.5,3492.550048828125,3502.449951171875,3402.5947265625,2021292,TCS.NS
2023-11-20,3491.25,3533.89990234375,3491.25,3519.60009765625,3419.255859375,1475621,TCS.NS
2023-11-21,3519.60009765625,3539.050048828125,3501.0,3510.199951171875,3410.12353515625,1807236,TCS.NS
2023-11-22,3500.0,3532.64990234375,3481.10009765625,3530.14990234375,3429.504638671875,1798051,TCS.NS
2023-11-23,3530.0,3544.0,3500.0,3508.25,3408.228759765625,2729804,TCS.NS
2023-11-24,3494.25,3504.550048828125,3453.0,3457.10009765625,3358.537841796875,1989733,TCS.NS
2023-11-28,3457.10009765625,3481.25,3433.0,3470.14990234375,3371.21533203125,1689195,TCS.NS
2023-11-29,3481.0,3518.0,3475.800048828125,3513.75,3413.572265625,1441634,TCS.NS
2023-11-30,3499.449951171875,3516.64990234375,3481.0,3487.60009765625,3388.16796875,3266235,TCS.NS
2023-12-01,3500.0,3516.949951171875,3490.050048828125,3511.64990234375,3411.5322265625,1172141,TCS.NS
2023-12-04,3544.64990234375,3547.800048828125,3498.0,3512.449951171875,3412.30908203125,1625213,TCS.NS
2023-12-05,3538.0,3538.0,3502.800048828125,3531.60009765625,3430.91357421875,1377656,TCS.NS
2023-12-06,3532.60009765625,3612.85009765625,3525.14990234375,3604.10009765625,3501.346435546875,1896572,TCS.NS
2023-12-07,3605.0,3630.550048828125,3591.699951171875,3614.89990234375,3511.838623046875,1967653,TCS.NS
2023-12-08,3633.0,3645.0,3602.050048828125,3626.699951171875,3523.30224609375,1641155,TCS.NS
2023-12-11,3622.89990234375,3653.0,3615.0,3642.89990234375,3539.040283203125,1102503,TCS.NS
2023-12-12,3638.949951171875,3698.39990234375,3631.0,3672.10009765625,3567.407958984375,2236866,TCS.NS
2023-12-13,3643.550048828125,3650.0,3563.0,3593.550048828125,3491.097412109375,3850968,TCS.NS
2023-12-14,3630.0,3678.0,3627.60009765625,3667.25,3562.696044921875,3290396,TCS.NS
2023-12-15,3666.699951171875,3895.949951171875,3666.699951171875,3861.0,3750.922607421875,8531230,TCS.NS
2023-12-18,3858.10009765625,3929.0,3830.14990234375,3859.199951171875,3749.17333984375,2521612,TCS.NS
2023-12-19,3845.0,3855.10009765625,3790.0,3816.199951171875,3707.3994140625,2004435,TCS.NS
2023-12-20,3827.25,3898.800048828125,3766.550048828125,3780.050048828125,3672.280029296875,2586083,TCS.NS
2023-12-21,3756.25,3806.699951171875,3743.35009765625,3787.5,3679.517822265625,1517562,TCS.NS
2023-12-22,3800.0,3845.949951171875,3762.0,3824.0,3714.976806640625,2413058,TCS.NS
2023-12-26,3819.85009765625,3834.0,3790.14990234375,3795.550048828125,3687.338134765625,1285231,TCS.NS
2023-12-27,3799.0,3818.199951171875,3768.0,3811.199951171875,3702.541748046875,1293976,TCS.NS
2023-12-28,3824.0,3838.0,3792.10009765625,3799.89990234375,3691.56396484375,1682889,TCS.NS
2023-12-29,3792.0,3822.60009765625,3765.39990234375,3793.39990234375,3685.249755859375,1574996,TCS.NS
2024-01-01,3790.0,3832.0,3773.0,3811.10009765625,3702.445068359375,825907,TCS.NS
2024-01-02,3811.10009765625,3811.10009765625,3767.25,3783.199951171875,3675.340087890625,1344068,TCS.NS
2024-01-03,3767.0,3771.85009765625,3687.050048828125,3691.75,3586.497314453125,1803075,TCS.NS
2024-01-04,3701.75,3719.0,3651.0,3666.800048828125,3562.258544921875,3598144,TCS.NS
2024-01-05,3675.0,3747.75,3674.85009765625,3737.89990234375,3631.33203125,1963127,TCS.NS
2024-01-08,3737.89990234375,3739.75,3672.39990234375,3678.300048828125,3573.43115234375,1067805,TCS.NS
2024-01-09,3709.949951171875,3752.35009765625,3682.75,3689.89990234375,3584.7001953125,1370944,TCS.NS
2024-01-10,3690.0,3729.25,3688.0,3713.050048828125,3607.1904296875,1292227,TCS.NS
2024-01-11,3724.0,3773.0,3707.0,3735.550048828125,3629.048828125,1777909,TCS.NS
2024-01-12,3848.0,3905.25,3821.60009765625,3882.800048828125,3772.100830078125,6813450,TCS.NS
2024-01-15,3960.0,3965.0,3885.0,3903.800048828125,3792.502197265625,2801505,TCS.NS
2024-01-16,3899.0,3899.0,3855.550048828125,3861.300048828125,3751.2138671875,1432672,TCS.NS
2024-01-17,3819.0,3909.949951171875,3812.550048828125,3884.60009765625,3773.849609375,3458696,TCS.NS
2024-01-18,3898.0,3908.800048828125,3862.0,3902.60009765625,3791.336181640625,2239110,TCS.NS
2024-01-19,3945.0,3963.550048828125,3915.050048828125,3943.050048828125,3839.487548828125,2941975,TCS.NS
2024-01-23,3900.0,3933.89990234375,3842.75,3858.25,3756.914794921875,2618854,TCS.NS
2024-01-24,3880.0,3883.64990234375,3805.60009765625,3841.800048828125,3740.89697265625,2657709,TCS.NS
2024-01-25,3839.89990234375,3861.0,3778.699951171875,3810.300048828125,3710.224365234375,2205154,TCS.NS
2024-01-29,3800.800048828125,3820.0,3780.85009765625,3801.0,3701.16845703125,1646747,TCS.NS
2024-01-30,3807.449951171875,3847.800048828125,3787.0,3800.550048828125,3700.730224609375,1411621,TCS.NS
2024-01-31,3811.199951171875,3834.0,3796.449951171875,3815.949951171875,3715.725830078125,2459358,TCS.NS
2024-02-01,3820.0,3904.89990234375,3805.050048828125,3854.14990234375,3752.922119140625,2363107,TCS.NS
2024-02-02,3875.050048828125,3984.39990234375,3872.0,3966.300048828125,3862.126953125,2826510,TCS.NS
2024-02-05,3983.0,4022.0,3962.10009765625,3973.300048828125,3868.943115234375,1691523,TCS.NS
2024-02-06,3997.0,4149.89990234375,3990.0,4136.0,4027.369873046875,4474396,TCS.NS
2024-02-07,4153.0,4155.0,4073.949951171875,4083.39990234375,3976.1513671875,2124267,TCS.NS
2024-02-08,4090.0,4158.0,4086.050048828125,4134.10009765625,4025.519775390625,2345173,TCS.NS
2024-02-09,4136.5498046875,4184.75,4100.0,4133.7001953125,4025.130126953125,2100596,TCS.NS
2024-02-12,4130.0,4159.60009765625,4105.5498046875,4120.7001953125,4012.471923828125,1013716,TCS.NS
2024-02-13,4125.4501953125,4170.0,4081.5,4149.5,4040.515380859375,1257415,TCS.NS
2024-02-14,4107.0,4114.89990234375,4049.5,4100.10009765625,3992.412841796875,1391283,TCS.NS
2024-02-15,4128.0,4146.2998046875,4083.0,4103.2001953125,3995.431396484375,1091582,TCS.NS
2024-02-16,4113.25,4147.9501953125,4100.10009765625,4128.2998046875,4019.87158203125,1307556,TCS.NS
2024-02-19,4123.0498046875,4128.2998046875,4055.0,4103.7998046875,3996.015380859375,772291,TCS.NS
2024-02-20,4082.10009765625,4098.0,4010.0,4030.64990234375,3924.78662109375,1193648,TCS.NS
2024-02-21,4013.0,4063.35009765625,3980.60009765625,3991.5,3886.664794921875,1885939,TCS.NS
2024-02-22,3971.0,4094.949951171875,3971.0,4087.10009765625,3979.75439453125,2982052,TCS.NS
2024-02-23,4130.0,4130.0,4046.39990234375,4052.10009765625,3945.673583984375,2538072,TCS.NS
2024-02-26,4036.0,4050.0,3982.75,4001.050048828125,3895.964111328125,1379284,TCS.NS
2024-02-27,3999.0,4124.0,3999.0,4104.39990234375,3996.599609375,2960475,TCS.NS
2024-02-28,4095.60009765625,4154.89990234375,4089.0,4118.9501953125,4010.767578125,1939225,TCS.NS
2024-02-29,4099.0,4138.10009765625,4064.550048828125,4095.10009765625,3987.5439453125,3772719,TCS.NS
2024-03-01,4107.2001953125,4140.0,4086.800048828125,4094.35009765625,3986.813720703125,2043265,TCS.NS
2024-03-04,4105.0,4117.89990234375,4075.89990234375,4080.699951171875,3973.52197265625,1749271,TCS.NS
2024-03-05,4062.0,4064.0,3980.0,4012.10009765625,3906.723876953125,2070859,TCS.NS
2024-03-06,3994.050048828125,4072.0,3958.449951171875,4064.300048828125,3957.552734375,1744204,TCS.NS
2024-03-07,4065.0,4124.0,4037.699951171875,4108.60009765625,4000.689453125,2688905,TCS.NS
2024-03-11,4089.0,4153.0,4089.0,4122.35009765625,4014.077880859375,2304068,TCS.NS
2024-03-12,4122.35009765625,4229.9501953125,4121.0498046875,4192.25,4082.142333984375,4039801,TCS.NS
2024-03-13,4205.0,4241.0,4131.89990234375,4149.0,4040.0283203125,2837260,TCS.NS
2024-03-14,4153.4501953125,4225.0,4086.0,4207.60009765625,4097.08935546875,2919608,TCS.NS
2024-03-15,4192.60009765625,4239.0,4177.0,4219.25,4108.43310546875,3373143,TCS.NS
2024-03-18,4215.25,4254.75,4117.85009765625,4152.5,4043.436767578125,1526904,TCS.NS
2024-03-19,4051.25,4058.0,3966.60009765625,3977.300048828125,3872.837890625,8931209,TCS.NS
2024-03-20,3986.0,4018.0,3960.199951171875,3970.89990234375,3866.605712890625,1817913,TCS.NS
2024-03-21,3990.050048828125,4008.39990234375,3948.0,3972.949951171875,3868.60205078125,3829582,TCS.NS
2024-03-22,3897.0,3938.0,3855.0,3910.89990234375,3808.181396484375,5852485,TCS.NS
2024-03-26,3875.0,3946.699951171875,3871.449951171875,3877.5,3775.658935546875,3440925,TCS.NS
2024-03-27,3888.5,3895.0,3829.39990234375,3840.89990234375,3740.0205078125,1968575,TCS.NS
2024-03-28,3850.10009765625,3915.0,3840.5,3876.300048828125,3774.490966796875,4311783,TCS.NS
2024-04-01,3897.699951171875,3933.300048828125,3888.050048828125,3916.75,3813.878173828125,1569676,TCS.NS
2024-04-02,3890.0,3909.85009765625,3873.0,3883.800048828125,3781.7939453125,2142666,TCS.NS
2024-04-03,3851.0,3981.0,3851.0,3947.300048828125,3843.625732421875,3973090,TCS.NS
2024-04-04,3975.89990234375,4028.64990234375,3935.25,4003.300048828125,3898.155029296875,3394637,TCS.NS
2024-04-05,3978.0,4002.0,3960.5,3979.25,3874.737060546875,1636819,TCS.NS
2024-04-08,3983.0,4032.64990234375,3960.0,3972.550048828125,3868.212646484375,2302538,TCS.NS
2024-04-09,3984.0,4015.85009765625,3925.050048828125,3946.550048828125,3842.895751953125,1876992,TCS.NS
2024-04-10,3956.39990234375,3990.199951171875,3918.0,3984.64990234375,3879.994873046875,2101965,TCS.NS
2024-04-12,3971.0,4013.35009765625,3945.5,4001.39990234375,3896.3046875,4354821,TCS.NS
2024-04-15,4001.39990234375,4064.199951171875,3919.050048828125,3941.199951171875,3837.686279296875,4200329,TCS.NS
2024-04-16,3902.0,3928.699951171875,3862.85009765625,3872.800048828125,3771.08251953125,3051420,TCS.NS
2024-04-18,3876.800048828125,3936.0,3850.0,3862.0,3760.56640625,3476284,TCS.NS
2024-04-19,3838.0,3852.550048828125,3800.89990234375,3826.199951171875,3725.70654296875,2957749,TCS.NS
2024-04-22,3837.0,3878.0,3812.0,3864.60009765625,3763.09814453125,1728883,TCS.NS
2024-04-23,3877.050048828125,3895.0,3860.60009765625,3874.699951171875,3772.932861328125,1807586,TCS.NS
2024-04-24,3890.0,3898.0,3824.449951171875,3831.050048828125,3730.428955078125,1317312,TCS.NS
2024-04-25,3811.199951171875,3873.64990234375,3811.0,3852.199951171875,3751.0234375,2856271,TCS.NS
2024-04-26,3855.14990234375,3876.800048828125,3802.550048828125,3821.35009765625,3720.98388671875,2039178,TCS.NS
2024-04-29,3838.0,3877.800048828125,3819.199951171875,3870.199951171875,3768.55078125,1110693,TCS.NS
2024-04-30,3872.0,3881.75,3810.0,3820.64990234375,3720.30224609375,2203078,TCS.NS
2024-05-02,3778.050048828125,3871.10009765625,3778.050048828125,3863.300048828125,3761.83251953125,2491044,TCS.NS
2024-05-03,3890.14990234375,3893.60009765625,3797.60009765625,3843.39990234375,3742.45458984375,2962234,TCS.NS
2024-05-06,3853.0,3939.949951171875,3853.0,3921.050048828125,3818.0654296875,2053831,TCS.NS
2024-05-07,3930.800048828125,3988.0,3913.5,3978.949951171875,3874.44482421875,2062112,TCS.NS
2024-05-08,3961.0,3984.300048828125,3938.60009765625,3976.949951171875,3872.4970703125,1247685,TCS.NS
2024-05-09,3962.0,3971.0,3910.050048828125,3960.199951171875,3856.186767578125,1726486,TCS.NS
2024-05-10,3962.60009765625,3973.60009765625,3885.050048828125,3893.89990234375,3791.62841796875,1672489,TCS.NS
2024-05-13,3884.5,3955.0,3870.0,3947.800048828125,3844.11279296875,931326,TCS.NS
2024-05-14,3936.0,3945.800048828125,3892.89990234375,3901.199951171875,3798.73681640625,1058317,TCS.NS
2024-05-15,3904.5,3926.949951171875,3875.5,3880.39990234375,3778.482666015625,1115021,TCS.NS
2024-05-16,3891.10009765625,3909.5,3843.5,3900.949951171875,3826.10107421875,2599399,TCS.NS
2024-05-17,3919.0,3920.0,3830.0,3834.10009765625,3760.533935546875,2765804,TCS.NS
2024-05-21,3830.60009765625,3844.75,3810.050048828125,3820.199951171875,3746.90087890625,1908117,TCS.NS
2024-05-22,3835.0,3841.25,3817.550048828125,3832.0,3758.474365234375,1311168,TCS.NS
2024-05-23,3840.949951171875,3905.0,3825.5,3893.449951171875,3818.7451171875,2095742,TCS.NS
2024-05-24,3878.25,3883.800048828125,3844.300048828125,3849.5,3775.638671875,1309452,TCS.NS
2024-05-27,3855.0,3908.35009765625,3841.35009765625,3847.050048828125,3773.235595703125,1841538,TCS.NS
2024-05-28,3858.0,3870.0,3830.0,3839.89990234375,3766.222900390625,1801993,TCS.NS
2024-05-29,3848.89990234375,3848.89990234375,3800.0,3803.64990234375,3730.668212890625,1568095,TCS.NS
2024-05-30,3777.0,3794.39990234375,3715.449951171875,3736.10009765625,3664.414794921875,2919230,TCS.NS
2024-05-31,3740.0,3749.800048828125,3653.75,3670.949951171875,3600.51416015625,10956800,TCS.NS
2024-06-03,3732.800048828125,3751.550048828125,3696.0,3702.85009765625,3631.802490234375,2156773,TCS.NS
2024-06-04,3700.0,3745.0,3591.5,3715.0,3643.71923828125,3395997,TCS.NS
2024-06-05,3716.0,3783.800048828125,3700.0,3746.449951171875,3674.565673828125,2799670,TCS.NS
2024-06-06,3781.0,3839.89990234375,3741.5,3830.39990234375,3756.905029296875,4328036,TCS.NS
2024-06-07,3837.300048828125,3915.0,3837.300048828125,3893.949951171875,3819.235595703125,4552445,TCS.NS
2024-06-10,3895.0,3905.89990234375,3841.89990234375,3858.699951171875,3784.661865234375,1734661,TCS.NS
2024-06-11,3845.0,3879.949951171875,3841.0,3852.10009765625,3778.18896484375,1419898,TCS.NS
2024-06-12,3874.39990234375,3893.5,3827.449951171875,3831.64990234375,3758.130859375,2177001,TCS.NS
2024-06-13,3856.800048828125,3890.0,3852.0,3878.14990234375,3803.73876953125,1932323,TCS.NS
2024-06-14,3889.0,3889.0,3828.0,3832.050048828125,3758.523681640625,1860730,TCS.NS
2024-06-18,3826.050048828125,3842.0,3795.050048828125,3815.10009765625,3741.898681640625,1774045,TCS.NS
2024-06-19,3827.64990234375,3833.85009765625,3792.949951171875,3801.699951171875,3728.755615234375,1509050,TCS.NS
2024-06-20,3796.0,3809.949951171875,3780.050048828125,3787.25,3714.5830078125,2846526,TCS.NS
2024-06-21,3827.0,3877.800048828125,3798.050048828125,3810.75,3737.63232421875,4642195,TCS.NS
2024-06-24,3808.75,3857.0,3791.300048828125,3816.800048828125,3743.56591796875,1702154,TCS.NS
2024-06-25,3817.0,3847.64990234375,3792.89990234375,3838.449951171875,3764.800537109375,1338808,TCS.NS
2024-06-26,3844.5,3866.949951171875,3841.0,3855.85009765625,3781.866943359375,1639845,TCS.NS
2024-06-27,3831.0,3942.0,3818.10009765625,3934.14990234375,3858.664306640625,4526556,TCS.NS
2024-06-28,3917.800048828125,3960.0,3897.85009765625,3904.14990234375,3829.239990234375,2731571,TCS.NS
2024-07-01,3884.0,4001.699951171875,3884.0,3978.199951171875,3901.869140625,2658723,TCS.NS
2024-07-02,3993.60009765625,4023.39990234375,3982.550048828125,4017.39990234375,3940.31689453125,2307449,TCS.NS
2024-07-03,4020.0,4026.10009765625,3955.0,3965.25,3889.16748046875,1821198,TCS.NS
2024-07-04,3999.85009765625,4047.35009765625,3982.10009765625,4020.949951171875,3943.798828125,2518001,TCS.NS
2024-07-05,4010.0,4026.75,3988.0,4011.800048828125,3934.824462890625,1668616,TCS.NS
2024-07-08,4022.0,4031.25,3978.050048828125,3993.199951171875,3916.5810546875,1758882,TCS.NS
2024-07-09,3985.0,4006.949951171875,3975.10009765625,3985.5,3909.029296875,1305801,TCS.NS
2024-07-10,3983.699951171875,4003.300048828125,3902.0,3909.14990234375,3834.14404296875,2669716,TCS.NS
2024-07-11,3931.0,3980.0,3895.60009765625,3923.699951171875,3848.414794921875,4872189,TCS.NS
2024-07-12,3980.0,4199.9501953125,3971.300048828125,4183.9501953125,4103.67138671875,13509164,TCS.NS
2024-07-15,4235.7001953125,4240.0,4157.0498046875,4169.2001953125,4089.204345703125,4848030,TCS.NS
2024-07-16,4172.0,4194.5498046875,4144.89990234375,4178.4501953125,4098.27734375,2029521,TCS.NS
2024-07-18,4160.0,4325.0,4160.0,4315.5498046875,4232.74560546875,5613364,TCS.NS
2024-07-19,4317.39990234375,4358.75,4285.25,4302.39990234375,4229.6494140625,3903354,TCS.NS
2024-07-22,4299.9501953125,4319.9501953125,4265.0,4287.35009765625,4214.8544921875,1896386,TCS.NS
2024-07-23,4283.0,4361.7001953125,4266.2998046875,4302.35009765625,4229.6005859375,2365208,TCS.NS
2024-07-24,4287.5,4339.10009765625,4268.10009765625,4306.25,4233.43505859375,1809793,TCS.NS
2024-07-25,4295.0,4343.0,4274.2001953125,4322.5,4249.40966796875,2810342,TCS.NS
2024-07-26,4350.0,4422.4501953125,4337.0498046875,4387.85009765625,4313.654296875,3552210,TCS.NS
2024-07-29,4415.0,4431.0,4371.0,4381.10009765625,4307.01904296875,1746803,TCS.NS
2024-07-30,4391.10009765625,4398.0,4327.2998046875,4365.35009765625,4291.53515625,1797906,TCS.NS
2024-07-31,4350.0,4414.0,4345.0,4385.35009765625,4311.197265625,2330091,TCS.NS
2024-08-01,4399.39990234375,4419.2998046875,4365.0498046875,4397.10009765625,4322.748046875,2202244,TCS.NS
2024-08-02,4365.0,4398.0,4270.0,4283.0498046875,4210.62646484375,2811282,TCS.NS
2024-08-05,4239.0,4239.0,4110.5,4155.0498046875,4084.791015625,2787771,TCS.NS
2024-08-06,4170.9501953125,4258.25,4160.7998046875,4171.2001953125,4100.66845703125,2203067,TCS.NS
2024-08-07,4228.0,4244.9501953125,4180.2998046875,4200.4501953125,4129.42333984375,1237666,TCS.NS
2024-08-08,4181.0,4232.0,4160.0,4172.5498046875,4101.9951171875,2441283,TCS.NS
2024-08-09,4217.0,4253.64990234375,4205.5498046875,4228.75,4157.2451171875,1302536,TCS.NS
2024-08-12,4230.0,4239.0,4186.35009765625,4195.64990234375,4124.70458984375,936912,TCS.NS
2024-08-13,4213.0,4234.0,4183.0,4196.9501953125,4125.98291015625,1495593,TCS.NS
2024-08-14,4209.0,4306.2001953125,4188.14990234375,4295.25,4222.62060546875,3226545,TCS.NS
2024-08-16,4350.0,4427.0,4325.10009765625,4416.0498046875,4341.37744140625,3457058,TCS.NS
2024-08-19,4421.0,4494.25,4390.35009765625,4490.0,4414.07763671875,2055210,TCS.NS
2024-08-20,4505.0,4565.0,4500.0,4523.2998046875,4446.81396484375,2212298,TCS.NS
2024-08-21,4518.0,4560.0,4492.5498046875,4551.5,4474.537109375,1896990,TCS.NS
2024-08-22,4560.0,4560.9501953125,4497.2001953125,4502.0,4425.87451171875,1829872,TCS.NS
2024-08-23,4500.0,4506.0,4455.0,4463.89990234375,4388.4189453125,1809253,TCS.NS
2024-08-26,4489.0,4552.14990234375,4485.0,4502.4501953125,4426.31689453125,1844164,TCS.NS
2024-08-27,4505.0,4510.0,4486.7998046875,4497.14990234375,4421.10595703125,930697,TCS.NS
2024-08-28,4498.75,4562.5,4457.2998046875,4506.0498046875,4429.85595703125,1848058,TCS.NS
2024-08-29,4460.0,4556.0,4460.0,4511.7998046875,4435.50927734375,2133641,TCS.NS
2024-08-30,4500.0,4592.25,4487.7998046875,4553.75,4476.7490234375,3637222,TCS.NS
2024-09-02,4576.0,4588.0,4512.0,4521.0498046875,4444.6025390625,1216500,TCS.NS
2024-09-03,4521.0498046875,4555.89990234375,4495.89990234375,4512.35009765625,4436.0498046875,1717263,TCS.NS
2024-09-04,4476.9501953125,4487.0,4436.7001953125,4479.25,4403.5087890625,1265505,TCS.NS
2024-09-05,4481.0,4499.0,4454.14990234375,4475.9501953125,4400.265625,1688793,TCS.NS
2024-09-06,4473.9501953125,4518.9501953125,4440.0,4456.75,4381.3896484375,1649179,TCS.NS
2024-09-09,4455.0,4490.25,4430.5,4449.5498046875,4374.31103515625,1184938,TCS.NS
2024-09-10,4442.4501953125,4539.9501953125,4440.4501953125,4507.85009765625,4431.625,1385591,TCS.NS
2024-09-11,4521.4501953125,4549.35009765625,4471.25,4479.35009765625,4403.60791015625,1325919,TCS.NS
2024-09-12,4510.25,4532.60009765625,4431.2998046875,4517.7001953125,4441.30908203125,2742216,TCS.NS
2024-09-13,4530.0,4547.0,4505.0,4522.60009765625,4446.12646484375,1458786,TCS.NS
2024-09-16,4527.0,4546.0498046875,4494.4501953125,4513.25,4436.9345703125,1155120,TCS.NS
2024-09-17,4513.25,4535.7998046875,4466.0,4505.64990234375,4429.46240234375,1699364,TCS.NS
2024-09-18,4497.0498046875,4497.0498046875,4321.0,4346.14990234375,4272.6591796875,2961779,TCS.NS
2024-09-19,4390.0498046875,4422.2001953125,4281.7998046875,4296.14990234375,4223.50537109375,2927551,TCS.NS
2024-09-20,4316.89990234375,4330.7001953125,4227.5,4284.89990234375,4212.44580078125,5447908,TCS.NS
2024-09-23,4300.0,4309.39990234375,4253.0,4268.5,4196.32275390625,1702319,TCS.NS
2024-09-24,4251.64990234375,4291.0,4240.0,4271.2998046875,4199.0751953125,3012026,TCS.NS
2024-09-25,4252.35009765625,4289.60009765625,4240.0,4274.75,4202.46728515625,2713073,TCS.NS
2024-09-26,4260.0,4316.7998046875,4260.0,4292.5,4219.9169921875,3964251,TCS.NS
2024-09-27,4335.0,4378.0,4300.0498046875,4308.7001953125,4235.84375,3012477,TCS.NS
2024-09-30,4286.89990234375,4298.75,4260.0498046875,4268.5,4196.32275390625,2503416,TCS.NS
2024-10-01,4255.5498046875,4295.75,4242.9501953125,4287.89990234375,4215.39501953125,1823365,TCS.NS
2024-10-03,4262.60009765625,4279.0,4210.0,4232.75,4161.17724609375,3350119,TCS.NS
2024-10-04,4225.0,4298.0,4224.0498046875,4252.25,4180.34765625,2965463,TCS.NS
2024-10-07,4273.89990234375,4297.25,4229.39990234375,4272.85009765625,4200.599609375,1472619,TCS.NS
2024-10-08,4272.60009765625,4279.39990234375,4203.9501953125,4253.25,4181.33056640625,1541867,TCS.NS
2024-10-09,4260.0,4295.0,4246.7001953125,4252.9501953125,4181.03564453125,1082504,TCS.NS
2024-10-10,4253.25,4293.85009765625,4198.60009765625,4227.39990234375,4155.91748046875,2378875,TCS.NS
2024-10-11,4143.0,4241.9501953125,4112.4501953125,4149.2001953125,4079.0400390625,5759183,TCS.NS
2024-10-14,4140.0,4165.39990234375,4122.2001953125,4136.64990234375,4066.701904296875,2137590,TCS.NS
2024-10-15,4131.0498046875,4169.9501953125,4095.0,4116.7998046875,4047.1875,2759474,TCS.NS
2024-10-16,4085.0,4115.0,4067.199951171875,4094.949951171875,4025.70751953125,2359151,TCS.NS
2024-10-17,4112.7998046875,4129.9501953125,4092.949951171875,4109.0,4039.519775390625,2522659,TCS.NS
2024-10-18,4090.0,4146.14990234375,4080.0,4123.0498046875,4063.220703125,2361000,TCS.NS
2024-10-21,4132.60009765625,4139.9501953125,4070.0,4079.85009765625,4020.647705078125,1595450,TCS.NS
2024-10-22,4066.0,4089.800048828125,4006.35009765625,4015.5,3957.231201171875,1928049,TCS.NS
2024-10-23,3999.60009765625,4113.5498046875,3995.14990234375,4066.25,4007.244873046875,1966476,TCS.NS
2024-10-24,4004.0,4079.0,4004.0,4047.89990234375,3989.1611328125,2676744,TCS.NS
2024-10-25,4057.050048828125,4092.0,4032.699951171875,4057.550048828125,3998.67138671875,1759676,TCS.NS
2024-10-28,4068.949951171875,4134.0,4051.0,4090.85009765625,4031.488037109375,1532534,TCS.NS
2024-10-29,4095.85009765625,4103.5,4060.10009765625,4075.25,4016.1142578125,1445885,TCS.NS
2024-10-30,4075.0,4107.0,4060.050048828125,4084.64990234375,4025.377685546875,1935002,TCS.NS
2024-10-31,4070.0,4078.300048828125,3960.0,3968.449951171875,3910.864013671875,3740372,TCS.NS
2024-11-01,3989.85009765625,3998.949951171875,3976.050048828125,3984.199951171875,3926.3857421875,154895,TCS.NS
2024-11-04,3966.300048828125,3991.89990234375,3913.25,3964.14990234375,3906.62646484375,2269192,TCS.NS
2024-11-05,3941.10009765625,3986.0,3941.10009765625,3971.35009765625,3913.72216796875,967590,TCS.NS
2024-11-06,4003.60009765625,4149.7998046875,3975.25,4139.64990234375,4079.579833984375,3792017,TCS.NS
2024-11-07,4169.7001953125,4205.7998046875,4085.050048828125,4150.89990234375,4090.666748046875,3724349,TCS.NS
2024-11-08,4155.0,4169.75,4117.64990234375,4147.0,4086.823486328125,1648039,TCS.NS
2024-11-11,4128.2001953125,4234.2998046875,4117.64990234375,4198.7001953125,4137.7734375,1406487,TCS.NS
2024-11-12,4216.0,4218.0,4164.35009765625,4197.39990234375,4136.4921875,1587640,TCS.NS
2024-11-13,4178.10009765625,4196.75,4131.0498046875,4150.35009765625,4090.125,1098813,TCS.NS
2024-11-14,4135.0,4160.0,4116.4501953125,4145.89990234375,4085.73876953125,1825432,TCS.NS
2024-11-18,4213.0,4213.0,3990.199951171875,4019.5,3961.17333984375,3313944,TCS.NS
2024-11-19,4019.89990234375,4132.14990234375,4014.10009765625,4039.550048828125,3980.932373046875,1776233,TCS.NS
2024-11-21,4044.89990234375,4092.449951171875,4024.0,4072.85009765625,4013.749267578125,2384347,TCS.NS
2024-11-22,4071.0,4254.9501953125,4054.0,4244.60009765625,4183.00732421875,3096553,TCS.NS
2024-11-25,4280.0,4328.10009765625,4252.2001953125,4315.10009765625,4252.48388671875,4052167,TCS.NS
2024-11-26,4321.0498046875,4366.60009765625,4310.0,4352.7001953125,4289.53857421875,2060669,TCS.NS
2024-11-27,4358.9501953125,4377.39990234375,4324.0498046875,4332.5498046875,4269.68017578125,1558993,TCS.NS
2024-11-28,4319.0,4339.9501953125,4233.0,4244.89990234375,4183.30224609375,2558544,TCS.NS
2024-11-29,4220.0,4298.7001953125,4195.64990234375,4270.85009765625,4208.87646484375,2017425,TCS.NS
2024-12-02,4270.0,4288.2001953125,4230.0498046875,4276.64990234375,4214.59228515625,1670944,TCS.NS
2024-12-03,4314.35009765625,4325.0,4265.4501953125,4302.75,4240.31298828125,2010905,TCS.NS
2024-12-04,4313.5498046875,4386.9501953125,4289.0498046875,4354.39990234375,4291.21337890625,3302642,TCS.NS
2024-12-05,4400.7998046875,4489.0,4360.0,4464.0498046875,4399.2724609375,3746747,TCS.NS
2024-12-06,4453.0,4465.0,4412.75,4445.5,4380.99169921875,1842087,TCS.NS
2024-12-09,4430.4501953125,4469.39990234375,4415.5498046875,4452.14990234375,4387.54541015625,2066639,TCS.NS
2024-12-10,4426.14990234375,4493.7998046875,4412.10009765625,4432.5498046875,4368.2294921875,2087828,TCS.NS
2024-12-11,4431.85009765625,4448.64990234375,4407.0,4427.4501953125,4363.20361328125,1635256,TCS.NS
2024-12-12,4430.0498046875,4485.0,4426.0,4454.9501953125,4390.3046875,1914642,TCS.NS
2024-12-13,4434.9501953125,4494.89990234375,4394.39990234375,4473.89990234375,4408.9794921875,1967048,TCS.NS
2024-12-16,4459.0,4475.0,4397.0,4415.2001953125,4351.13134765625,1646224,TCS.NS
2024-12-17,4410.0,4432.9501953125,4318.0,4328.5,4265.689453125,3225027,TCS.NS
2024-12-18,4311.7001953125,4362.0,4289.60009765625,4347.85009765625,4284.75830078125,1575404,TCS.NS
2024-12-19,4282.0,4364.0,4262.0,4271.89990234375,4209.9111328125,3015763,TCS.NS
2024-12-20,4329.0,4382.0,4152.5,4170.2998046875,4109.78466796875,4116989,TCS.NS
2024-12-23,4200.0498046875,4217.0,4114.89990234375,4158.2998046875,4097.958984375,2195338,TCS.NS
2024-12-24,4158.2998046875,4218.0,4158.2998046875,4179.5,4118.8515625,1181886,TCS.NS
2024-12-26,4179.5,4199.9501953125,4143.14990234375,4169.10009765625,4108.6025390625,1208464,TCS.NS
2024-12-27,4163.0,4180.9501953125,4147.25,4164.85009765625,4104.4140625,858100,TCS.NS
2024-12-30,4151.0,4199.2998046875,4112.0,4158.7998046875,4098.4521484375,1527169,TCS.NS
2024-12-31,4135.0,4139.9501953125,4032.050048828125,4094.800048828125,4035.380859375,1555429,TCS.NS
2025-01-01,4094.39990234375,4134.0,4085.449951171875,4112.4501953125,4052.774658203125,763161,TCS.NS
2025-01-02,4120.0,4183.0,4096.9501953125,4175.75,4115.15625,1720835,TCS.NS
2025-01-03,4179.9501953125,4179.9501953125,4092.300048828125,4099.89990234375,4040.40673828125,1791953,TCS.NS
2025-01-06,4105.5,4149.64990234375,4066.39990234375,4095.0,4035.577880859375,2085593,TCS.NS
2025-01-07,4114.9501953125,4140.35009765625,4011.550048828125,4028.300048828125,3969.845703125,2669054,TCS.NS
2025-01-08,4034.89990234375,4126.0,4017.75,4108.39990234375,4048.783203125,2181277,TCS.NS
2025-01-09,4101.0,4137.75,4025.300048828125,4038.85009765625,3980.24267578125,2392472,TCS.NS
2025-01-10,4200.0,4297.0,4170.0,4265.64990234375,4203.75146484375,7894300,TCS.NS
2025-01-13,4245.0,4322.9501953125,4227.39990234375,4291.10009765625,4228.83251953125,4003771,TCS.NS
2025-01-14,4302.0,4313.89990234375,4219.0498046875,4233.0498046875,4171.62451171875,3441709,TCS.NS
2025-01-15,4218.0,4256.4501953125,4207.4501953125,4249.60009765625,4187.9345703125,1653474,TCS.NS
2025-01-16,4260.0,4294.0,4191.85009765625,4206.2998046875,4145.2626953125,2637705,TCS.NS
2025-01-17,4159.89990234375,4160.60009765625,4100.0498046875,4124.2998046875,4074.13818359375,1761466,TCS.NS
2025-01-20,4145.7998046875,4145.7998046875,4068.10009765625,4077.800048828125,4028.203857421875,1287799,TCS.NS
2025-01-21,4095.300048828125,4111.0,4030.0,4035.85009765625,3986.76416015625,1971591,TCS.NS
2025-01-22,4050.0,4163.14990234375,4044.199951171875,4156.60009765625,4106.04541015625,2409223,TCS.NS
2025-01-23,4168.0,4191.35009765625,4140.0498046875,4145.4501953125,4095.03125,1822998,TCS.NS
2025-01-24,4104.0,4178.0,4104.0,4152.35009765625,4101.84765625,1910099,TCS.NS
2025-01-27,4102.0,4156.35009765625,4041.050048828125,4065.14990234375,4015.70751953125,1551782,TCS.NS
2025-01-28,4070.800048828125,4102.0,4028.300048828125,4040.300048828125,3991.16015625,2468272,TCS.NS
2025-01-29,4054.0,4107.85009765625,4054.0,4099.7998046875,4049.93603515625,1217089,TCS.NS
2025-01-30,4099.89990234375,4129.89990234375,4058.5,4100.0498046875,4050.18310546875,1531251,TCS.NS
2025-01-31,4110.0,4128.4501953125,4085.25,4112.39990234375,4062.3828125,1492943,TCS.NS
2025-02-01,4113.0,4135.89990234375,4056.0,4073.14990234375,4023.610595703125,437172,TCS.NS
2025-02-03,4030.89990234375,4077.0,3998.699951171875,4068.64990234375,4019.165283203125,1265713,TCS.NS
2025-02-04,4083.699951171875,4118.85009765625,4066.050048828125,4107.0498046875,4057.09814453125,2547132,TCS.NS
2025-02-05,4150.0,4150.0,4076.0,4091.10009765625,4041.34228515625,1693912,TCS.NS
2025-02-06,4105.39990234375,4139.5,4051.550048828125,4082.75,4033.09375,2284536,TCS.NS
2025-02-07,4090.0,4090.0,4008.0,4029.39990234375,3980.392578125,1548940,TCS.NS
2025-02-10,4040.0,4052.0,4014.35009765625,4036.949951171875,3987.850830078125,1339511,TCS.NS
2025-02-11,4018.39990234375,4040.0,3955.0,3963.550048828125,3915.343505859375,1810908,TCS.NS
2025-02-12,3971.10009765625,4021.75,3940.14990234375,3950.14990234375,3902.1064453125,1678002,TCS.NS
2025-02-13,3968.0,3984.449951171875,3902.25,3910.14990234375,3862.593017578125,2277310,TCS.NS
2025-02-14,3925.0,3948.0,3900.0,3934.85009765625,3886.992431640625,1681975,TCS.NS
2025-02-17,3856.5,3934.0,3856.199951171875,3904.5,3857.01171875,1799806,TCS.NS
2025-02-18,3898.39990234375,3924.39990234375,3864.5,3873.199951171875,3826.092529296875,2149879,TCS.NS
2025-02-19,3872.199951171875,3874.949951171875,3768.14990234375,3784.10009765625,3738.076171875,4366672,TCS.NS
2025-02-20,3761.5,3788.0,3751.300048828125,3779.39990234375,3733.43310546875,2888572,TCS.NS
2025-02-21,3776.10009765625,3817.0,3775.0,3786.0,3739.953125,1833931,TCS.NS
2025-02-24,3743.14990234375,3763.199951171875,3670.0,3675.60009765625,3630.895751953125,2508516,TCS.NS
2025-02-25,3625.0,3658.0,3621.25,3629.550048828125,3585.40576171875,4101954,TCS.NS
2025-02-27,3611.699951171875,3638.0,3600.699951171875,3612.550048828125,3568.612548828125,3823856,TCS.NS
2025-02-28,3584.949951171875,3600.0,3457.0,3483.25,3440.88525390625,7085018,TCS.NS
2025-03-03,3485.0,3523.25,3476.14990234375,3493.050048828125,3450.56591796875,4990439,TCS.NS
2025-03-04,3474.0,3551.0,3464.300048828125,3532.050048828125,3489.091796875,2797737,TCS.NS
2025-03-05,3520.85009765625,3600.35009765625,3520.85009765625,3547.050048828125,3503.9091796875,2501894,TCS.NS
2025-03-06,3557.0,3609.449951171875,3536.10009765625,3601.60009765625,3557.795654296875,2786513,TCS.NS
2025-03-07,3600.0,3625.0,3574.39990234375,3611.199951171875,3567.27880859375,2051315,TCS.NS
2025-03-10,3606.5,3622.10009765625,3582.60009765625,3589.64990234375,3545.990966796875,1004626,TCS.NS
2025-03-11,3558.0,3588.75,3537.64990234375,3575.300048828125,3531.815673828125,1995450,TCS.NS
2025-03-12,3565.0,3569.25,3486.85009765625,3506.199951171875,3463.555908203125,3174167,TCS.NS
2025-03-13,3502.300048828125,3524.300048828125,3484.10009765625,3511.050048828125,3468.34716796875,1693004,TCS.NS
2025-03-17,3489.0,3530.449951171875,3477.35009765625,3497.699951171875,3455.159423828125,2690906,TCS.NS
2025-03-18,3497.699951171875,3497.699951171875,3497.699951171875,3497.699951171875,3455.159423828125,0,TCS.NS
2025-03-19,3547.0,3547.0,3462.75,3497.10009765625,3454.56689453125,3051244,TCS.NS
2025-03-20,3512.0,3578.949951171875,3512.0,3563.14990234375,3519.813232421875,2845192,TCS.NS
2025-03-21,3475.0,3616.25,3465.0,3578.10009765625,3534.581787109375,4161925,TCS.NS
2025-03-24,3600.0,3649.75,3566.60009765625,3628.949951171875,3584.81298828125,1834751,TCS.NS
2025-03-25,3645.0,3710.0,3638.0,3657.75,3613.2626953125,3135390,TCS.NS
2025-03-26,3647.75,3680.5,3625.85009765625,3635.800048828125,3591.57958984375,1734499,TCS.NS
2025-03-27,3614.85009765625,3663.0,3610.5,3651.199951171875,3606.79248046875,2528474,TCS.NS
2025-03-28,3651.0,3660.949951171875,3591.89990234375,3606.14990234375,3562.290283203125,2051919,TCS.NS
2025-04-01,3572.699951171875,3584.0,3525.0,3550.800048828125,3507.613525390625,2618493,TCS.NS
2025-04-02,3544.0,3564.10009765625,3530.050048828125,3543.949951171875,3500.846923828125,1764313,TCS.NS
2025-04-03,3491.0,3502.0,3396.14990234375,3403.14990234375,3361.75927734375,4537821,TCS.NS
2025-04-04,3362.60009765625,3399.64990234375,3295.5,3299.39990234375,3259.271240234375,5317367,TCS.NS
2025-04-07,3100.0,3291.39990234375,3056.050048828125,3274.050048828125,3234.2294921875,6623955,TCS.NS
2025-04-08,3302.050048828125,3349.0,3255.300048828125,3292.949951171875,3252.899658203125,5557558,TCS.NS
2025-04-09,3260.550048828125,3270.0,3212.050048828125,3246.60009765625,3207.113525390625,2990265,TCS.NS
2025-04-11,3289.550048828125,3298.949951171875,3206.0,3231.5,3192.197021484375,7108961,TCS.NS
2025-04-15,3314.39990234375,3314.39990234375,3238.60009765625,3248.199951171875,3208.69384765625,3512160,TCS.NS
2025-04-16,3248.199951171875,3278.10009765625,3229.0,3273.800048828125,3233.982421875,2384391,TCS.NS
2025-04-17,3245.5,3303.60009765625,3218.0,3298.89990234375,3258.77734375,2932346,TCS.NS
2025-04-21,3290.10009765625,3354.0,3284.10009765625,3321.60009765625,3281.201171875,2432946,TCS.NS
2025-04-22,3322.60009765625,3333.89990234375,3295.0,3314.39990234375,3274.088623046875,2710498,TCS.NS
2025-04-23,3365.0,3420.89990234375,3337.300048828125,3413.0,3371.489501953125,3543923,TCS.NS
2025-04-24,3401.10009765625,3412.5,3387.699951171875,3401.60009765625,3360.228271484375,2252175,TCS.NS
2025-04-25,3420.0,3477.800048828125,3405.0,3448.0,3406.06396484375,2742991,TCS.NS
2025-04-28,3435.0,3457.800048828125,3405.0,3443.5,3401.618408203125,1593296,TCS.NS
2025-04-29,3455.0,3495.0,3430.39990234375,3472.5,3430.265869140625,1578332,TCS.NS
2025-04-30,3472.0,3509.89990234375,3366.0,3453.699951171875,3411.694580078125,2809332,TCS.NS
2025-05-02,3472.0,3491.5,3420.0,3431.0,3389.270751953125,1721761,TCS.NS
2025-05-05,3450.0,3504.5,3446.39990234375,3454.300048828125,3412.287353515625,1284443,TCS.NS
2025-05-06,3460.0,3473.0,3437.0,3460.0,3417.91796875,1324763,TCS.NS
2025-05-07,3420.60009765625,3459.5,3420.60009765625,3445.10009765625,3403.19921875,1477128,TCS.NS
2025-05-08,3448.0,3477.0,3428.699951171875,3448.89990234375,3406.952880859375,2543591,TCS.NS
2025-05-09,3399.0,3446.199951171875,3398.10009765625,3440.300048828125,3398.45751953125,2531757,TCS.NS
2025-05-12,3505.0,3630.5,3502.199951171875,3620.39990234375,3576.366943359375,2228678,TCS.NS
2025-05-13,3620.39990234375,3623.0,3510.5,3515.0,3472.2490234375,3062887,TCS.NS
2025-05-14,3521.0,3561.0,3508.60009765625,3548.699951171875,3505.5390625,2119499,TCS.NS
2025-05-15,3564.0,3600.0,3514.10009765625,3579.89990234375,3536.359619140625,3548330,TCS.NS
2025-05-16,3593.89990234375,3593.89990234375,3546.10009765625,3561.300048828125,3517.98583984375,1666727,TCS.NS
2025-05-19,3550.0,3550.0,3503.699951171875,3518.800048828125,3476.002685546875,2537377,TCS.NS
2025-05-20,3531.800048828125,3558.0,3494.0,3498.300048828125,3455.752197265625,2038374,TCS.NS
2025-05-21,3508.0,3537.0,3498.300048828125,3525.800048828125,3482.917724609375,1440153,TCS.NS
2025-05-22,3495.0,3497.800048828125,3451.300048828125,3477.0,3434.711181640625,2034383,TCS.NS
2025-05-23,3477.0,3535.0,3465.60009765625,3514.60009765625,3471.853759765625,1274331,TCS.NS
2025-05-26,3521.0,3545.0,3510.10009765625,3537.300048828125,3494.27783203125,967470,TCS.NS
2025-05-27,3532.0,3540.0,3483.10009765625,3498.699951171875,3456.147216796875,2467680,TCS.NS
2025-05-28,3520.0,3529.0,3493.0,3497.699951171875,3455.159423828125,1222933,TCS.NS
2025-05-29,3504.699951171875,3532.5,3486.5,3498.10009765625,3455.5546875,3188072,TCS.NS
2025-05-30,3490.0,3506.699951171875,3453.10009765625,3463.39990234375,3421.276611328125,3404365,TCS.NS
2025-06-02,3450.0,3460.0,3418.60009765625,3449.800048828125,3407.842041015625,1877585,TCS.NS
2025-06-03,3446.0,3473.5,3400.5,3405.199951171875,3363.784423828125,2848125,TCS.NS
2025-06-04,3389.0,3394.800048828125,3370.0,3380.89990234375,3369.465087890625,2544807,TCS.NS
2025-06-05,3409.0,3409.0,3363.699951171875,3371.10009765625,3359.6982421875,3584683,TCS.NS
2025-06-06,3371.10009765625,3390.89990234375,3358.699951171875,3384.199951171875,3372.75390625,2070390,TCS.NS
2025-06-09,3400.0,3434.0,3390.89990234375,3421.89990234375,3410.326416015625,1718678,TCS.NS
2025-06-10,3440.0,3485.800048828125,3423.199951171875,3462.89990234375,3451.187744140625,2419874,TCS.NS
2025-06-11,3470.0,3489.0,3449.10009765625,3471.89990234375,3460.1572265625,2847013,TCS.NS
2025-06-12,3471.89990234375,3474.699951171875,3423.199951171875,3434.199951171875,3422.584716796875,4060134,TCS.NS
2025-06-13,3393.199951171875,3450.5,3393.199951171875,3445.699951171875,3434.0458984375,2178493,TCS.NS
2025-06-16,3440.0,3509.0,3426.199951171875,3496.300048828125,3484.474853515625,1934088,TCS.NS
2025-06-17,3510.0,3520.0,3488.10009765625,3515.300048828125,3503.41064453125,2111940,TCS.NS
2025-06-18,3519.10009765625,3538.0,3443.10009765625,3451.39990234375,3439.7265625,2696327,TCS.NS
2025-06-19,3450.0,3451.0,3413.0,3424.0,3412.41943359375,2672768,TCS.NS
2025-06-20,3425.0,3446.300048828125,3410.89990234375,3435.699951171875,3424.07958984375,2351248,TCS.NS
2025-06-23,3415.0,3425.0,3370.0,3393.60009765625,3382.122314453125,3123421,TCS.NS
2025-06-24,3434.60009765625,3442.10009765625,3382.0,3390.39990234375,3378.932861328125,3403048,TCS.NS
2025-06-25,3407.300048828125,3450.0,3400.0,3444.800048828125,3433.14892578125,1757699,TCS.NS
2025-06-26,3444.800048828125,3451.39990234375,3415.300048828125,3441.800048828125,3430.1591796875,2879106,TCS.NS
2025-06-27,3455.0,3466.39990234375,3431.0,3441.10009765625,3429.461669921875,1778433,TCS.NS
2025-06-30,3439.89990234375,3464.89990234375,3430.0,3462.0,3450.290771484375,1468351,TCS.NS
2025-07-01,3455.0,3485.0,3413.5,3429.699951171875,3418.10009765625,2375183,TCS.NS
2025-07-02,3487.199951171875,3489.89990234375,3420.0,3423.300048828125,3411.7216796875,3090585,TCS.NS
2025-07-03,3430.0,3435.300048828125,3397.60009765625,3400.800048828125,3389.2978515625,2531870,TCS.NS
2025-07-04,3408.0,3427.0,3390.10009765625,3419.800048828125,3408.233642578125,1109320,TCS.NS
2025-07-07,3418.300048828125,3426.10009765625,3408.39990234375,3411.699951171875,3400.160888671875,1639174,TCS.NS
2025-07-08,3405.0,3425.0,3393.39990234375,3406.199951171875,3394.679443359375,2325242,TCS.NS
2025-07-09,3410.0,3414.0,3367.0,3383.800048828125,3372.355224609375,2034938,TCS.NS
2025-07-10,3380.0,3399.0,3356.0,3382.0,3370.561279296875,3035012,TCS.NS
2025-07-11,3299.89990234375,3335.0,3261.10009765625,3266.0,3254.95361328125,7635550,TCS.NS
2025-07-14,3266.0,3272.0,3200.0,3222.699951171875,3211.800048828125,3924009,TCS.NS
2025-07-15,3206.0,3259.39990234375,3206.0,3252.300048828125,3241.300048828125,2590889,TCS.NS
2025-07-16,3227.0,3244.89990234375,3220.60009765625,3233.10009765625,3233.10009765625,2540733,TCS.NS
2025-07-17,3224.10009765625,3242.0,3204.10009765625,3209.199951171875,3209.199951171875,2947640,TCS.NS
2025-07-18,3225.0,3228.800048828125,3187.0,3189.89990234375,3189.89990234375,3432645,TCS.NS
2025-07-21,3190.0,3197.60009765625,3152.0,3158.199951171875,3158.199951171875,3844346,TCS.NS
2025-07-22,3159.60009765625,3180.10009765625,3154.60009765625,3159.60009765625,3159.60009765625,3198036,TCS.NS
2025-07-23,3159.60009765625,3182.0,3157.60009765625,3179.10009765625,3179.10009765625,1922875,TCS.NS
2025-07-24,3165.10009765625,3173.699951171875,3140.0,3148.0,3148.0,2934778,TCS.NS
2025-07-25,3140.0,3156.89990234375,3125.60009765625,3135.800048828125,3135.800048828125,2568917,TCS.NS
2025-07-28,3110.0,3118.0,3069.89990234375,3079.300048828125,3079.300048828125,3374473,TCS.NS
2025-07-29,3060.0,3074.0,3041.199951171875,3056.0,3056.0,4785312,TCS.NS
2025-07-30,3060.0,3069.0,3047.199951171875,3053.60009765625,3053.60009765625,2880121,TCS.NS
2025-07-31,3041.699951171875,3059.800048828125,3015.0,3036.800048828125,3036.800048828125,2968371,TCS.NS
2025-08-01,3029.89990234375,3036.800048828125,3000.0,3003.0,3003.0,2053847,TCS.NS
2025-08-04,3009.10009765625,3079.39990234375,2991.60009765625,3074.39990234375,3074.39990234375,2519252,TCS.NS
2025-08-05,3074.39990234375,3077.5,3042.0,3063.89990234375,3063.89990234375,1927996,TCS.NS
2025-08-06,3063.0,3066.800048828125,3026.0,3032.300048828125,3032.300048828125,1487081,TCS.NS
2025-08-07,3016.0,3051.60009765625,3010.89990234375,3047.0,3047.0,2543076,TCS.NS
2025-08-08,3048.10009765625,3059.800048828125,3025.0,3036.39990234375,3036.39990234375,2762140,TCS.NS
2025-08-11,3036.39990234375,3049.89990234375,3021.300048828125,3040.800048828125,3040.800048828125,1884215,TCS.NS
2025-08-12,3041.0,3096.39990234375,3026.89990234375,3035.39990234375,3035.39990234375,3358232,TCS.NS
2025-08-13,3036.10009765625,3044.39990234375,3028.60009765625,3036.199951171875,3036.199951171875,2148166,TCS.NS
2025-08-14,3034.0,3055.89990234375,3019.10009765625,3022.300048828125,3022.300048828125,3342174,TCS.NS
2025-08-18,3046.5,3049.0,3003.39990234375,3011.199951171875,3011.199951171875,2945609,TCS.NS
2025-08-19,3011.199951171875,3025.0,3011.10009765625,3016.199951171875,3016.199951171875,2650784,TCS.NS
2025-08-20,3010.89990234375,3103.39990234375,3010.89990234375,3098.60009765625,3098.60009765625,4952358,TCS.NS
2025-08-21,3130.0,3130.0,3083.10009765625,3102.60009765625,3102.60009765625,3230726,TCS.NS
2025-08-22,3086.0,3095.699951171875,3050.0,3054.0,3054.0,1593791,TCS.NS
2025-08-25,3087.300048828125,3152.0,3077.10009765625,3140.60009765625,3140.60009765625,3448370,TCS.NS
2025-08-26,3129.0,3162.0,3120.0,3157.199951171875,3157.199951171875,5522097,TCS.NS
2025-08-27,3157.199951171875,3157.199951171875,3157.199951171875,3157.199951171875,3157.199951171875,0,TCS.NS
2025-08-28,3145.0,3146.5,3086.5,3093.699951171875,3093.699951171875,3116051,TCS.NS
2025-08-29,3093.0,3115.0,3077.199951171875,3084.699951171875,3084.699951171875,2271789,TCS.NS
2025-09-01,3090.0,3131.10009765625,3090.0,3112.60009765625,3112.60009765625,1246862,TCS.NS
2025-09-02,3121.10009765625,3155.0,3103.10009765625,3111.5,3111.5,2185229,TCS.NS
2025-09-03,3129.89990234375,3141.89990234375,3088.0,3097.5,3097.5,1799774,TCS.NS
2025-09-04,3116.0,3118.0,3090.800048828125,3095.699951171875,3095.699951171875,1481391,TCS.NS
2025-09-05,3097.10009765625,3103.39990234375,3028.60009765625,3048.300048828125,3048.300048828125,2802055,TCS.NS
2025-09-08,3050.0,3064.89990234375,3016.0,3019.0,3019.0,2626187,TCS.NS
2025-09-09,3032.10009765625,3060.0,3030.800048828125,3049.39990234375,3049.39990234375,2489301,TCS.NS
